Cycle: 8  CDAN1A-c206  39.0625 _X	Cycle: 8  CDAN1A-c206  39.0625 _Y	Cycle: 9  CDAN1A-c206  78.125 n_X	Cycle: 9  CDAN1A-c206  78.125 n_Y	Cycle: 10  CDAN1A-c206  156.25 _X	Cycle: 10  CDAN1A-c206  156.25 _Y	Cycle: 11  CDAN1A-c206  312.5 n_X	Cycle: 11  CDAN1A-c206  312.5 n_Y	Cycle: 12  CDAN1A-c206  625 nM_X	Cycle: 12  CDAN1A-c206  625 nM_Y
-60.02	-0.0434341	-60.02	-0.0647812	-60.02	0.0154109	-60.02	-0.0205612	-60.02	0.0956039
-59.92	-0.055542	-59.92	-0.0690765	-59.92	3.30293e-3	-59.92	-0.0326691	-59.92	0.0854492
-59.82	-0.055542	-59.82	-0.0749359	-59.82	3.30345e-3	-59.82	-0.0404816	-59.82	0.0776367
-59.72	-0.055542	-59.72	-0.0690765	-59.72	3.30412e-3	-59.72	-0.0346222	-59.72	0.0756836
-59.62	-0.0477295	-59.62	-0.0593109	-59.62	0.0111156	-59.62	-0.0170441	-59.62	0.0834961
-59.52	-0.0438232	-59.52	-0.0534515	-59.52	0.0150221	-59.52	-0.0209503	-59.52	0.0874023
-59.42	-0.0477295	-59.42	-0.0573578	-59.42	0.0111162	-59.42	-0.0248566	-59.42	0.0834961
-59.32	-0.0457764	-59.32	-0.0460281	-59.32	0.0130692	-59.32	-0.0229034	-59.32	0.0854492
-59.22	-0.0457764	-59.22	-0.0436859	-59.22	0.0130692	-59.22	-0.0229034	-59.22	0.0854492
-59.12	-0.0457764	-59.12	-0.0436859	-59.12	5.25591e-3	-59.12	-0.0229034	-59.12	0.0854492
-59.02	-0.055542	-59.02	-0.0534515	-59.02	-6.4621e-3	-59.02	-0.0326691	-59.02	0.0756836
-58.92	-0.0535889	-58.92	-0.0436859	-58.92	-6.46138e-3	-58.92	-0.0229034	-58.92	0.0854492
-58.82	-0.0461655	-58.82	-0.0343094	-58.82	2.91452e-3	-58.82	-0.0135269	-58.82	0.0948257
-58.72	-0.0438232	-58.72	-0.0319672	-58.72	-2.55659e-3	-58.72	-0.0111847	-58.72	0.097168
-58.62	-0.0535889	-58.62	-0.0417328	-58.62	-0.0142746	-58.62	-0.0365753	-58.62	0.0952148
-58.52	-0.0535889	-58.52	-0.0417328	-58.52	-0.0142746	-58.52	-0.0404816	-58.52	0.097168
-58.42	-0.0535889	-58.42	-0.0319672	-58.42	-0.0142734	-58.42	-0.0404816	-58.42	0.097168
-58.32	-0.0301514	-58.32	-0.0257187	-58.32	3.30293e-3	-58.32	-0.0170441	-58.32	0.112793
-58.22	-0.0438232	-58.22	-0.0514984	-58.22	-0.0142747	-58.22	-0.0307159	-58.22	0.097168
-58.12	-0.0360107	-58.12	-0.0475922	-58.12	-0.0162283	-58.12	-0.0150909	-58.12	0.0952148
-58.02	-0.0438232	-58.02	-0.0534515	-58.02	-0.0240407	-58.02	-0.0209503	-58.02	0.0874023
-57.92	-0.0551529	-57.92	-0.045639	-57.92	-0.0353701	-57.92	-0.03228	-57.92	0.0682602
-57.82	-0.0574951	-57.82	-0.045639	-57.82	-0.0377125	-57.82	-0.0268097	-57.82	0.0737305
-57.72	-0.0750732	-57.72	-0.0475922	-57.72	-0.0396652	-57.72	-0.0346222	-57.72	0.0639648
-57.62	-0.0770264	-57.62	-0.045639	-57.62	-0.0377121	-57.62	-0.0346222	-57.62	0.0795898
-57.52	-0.0770264	-57.52	-0.045639	-57.52	-0.0377124	-57.52	-0.0346222	-57.52	0.0834961
-57.42	-0.0574951	-57.42	-0.0534515	-57.42	-0.0455253	-57.42	-0.0424347	-57.42	0.0834961
-57.32	-0.0633545	-57.32	-0.0554047	-57.32	-0.045525	-57.32	-0.0522003	-57.32	0.0756836
-57.22	-0.0672607	-57.22	-0.0554047	-57.22	-0.0494308	-57.22	-0.0447769	-57.22	0.0639648
-57.12	-0.0653076	-57.12	-0.0475922	-57.12	-0.0474777	-57.12	-0.0424347	-57.12	0.0639648
-57.02	-0.0574951	-57.02	-0.0378265	-57.02	-0.0396652	-57.02	-0.0346222	-57.02	0.0733414
-56.92	-0.0633545	-56.92	-0.0280609	-56.92	-0.0298996	-56.92	-0.0248566	-56.92	0.0834961
-56.82	-0.0653076	-56.82	-0.0261078	-56.82	-0.0181805	-56.82	-0.0229034	-56.82	0.0854492
-56.72	-0.0574951	-56.72	-0.0182953	-56.72	-0.0103689	-56.72	-0.0150909	-56.72	0.0932617
-56.62	-0.055542	-56.62	-0.0261078	-56.62	-0.0181808	-56.62	-0.0229034	-56.62	0.0854492
-56.52	-0.055542	-56.52	-0.0182953	-56.52	-0.0181808	-56.52	-0.0131378	-56.52	0.0952148
-56.42	-0.055542	-56.42	-0.0163422	-56.42	-0.0259933	-56.42	-5.32532e-3	-56.42	0.0952148
-56.32	-0.0477295	-56.32	-0.0163422	-56.32	-0.0279468	-56.32	4.44031e-3	-56.32	0.0952148
-56.22	-0.0457764	-56.22	-0.0319672	-56.22	-0.0357599	-56.22	6.39343e-3	-56.22	0.0795898
-56.12	-0.0477295	-56.12	-0.045639	-56.12	-0.0377121	-56.12	4.44031e-3	-56.12	0.065918
-56.02	-0.0281982	-56.02	-0.0280609	-56.02	-0.0377121	-56.02	6.39343e-3	-56.02	0.065918
-55.92	-0.0168686	-55.92	-0.0261078	-55.92	-0.0377121	-55.92	6.39343e-3	-55.92	0.065918
-55.82	-0.0145264	-55.82	-0.0182953	-55.82	-0.0298993	-55.82	6.39343e-3	-55.82	0.0737305
-55.72	1.09863e-3	-55.72	-0.0163422	-55.72	-0.0201338	-55.72	0.0142059	-55.72	0.0834961
-55.62	5.00488e-3	-55.62	-8.52966e-3	-55.62	-0.0181816	-55.62	0.0161591	-55.62	0.0854492
-55.52	-0.0125732	-55.52	-8.52966e-3	-55.52	-0.0279465	-55.52	6.39343e-3	-55.52	0.0756836
-55.42	-0.0145264	-55.42	2.79999e-3	-55.42	-0.0201346	-55.42	0.0161591	-55.42	0.0834961
-55.32	-0.0223389	-55.32	7.09534e-3	-55.32	-0.0181809	-55.32	8.34656e-3	-55.32	0.0776367
-55.22	-0.024292	-55.22	5.14221e-3	-55.22	-0.0103678	-55.22	6.39343e-3	-55.22	0.0834961
-55.12	-0.025856	-55.12	0.0129547	-55.12	-6.03169e-4	-55.12	0.0142059	-55.12	0.101074
-55.02	-0.0340576	-55.02	7.09534e-3	-55.02	3.30316e-3	-55.02	8.34656e-3	-55.02	0.097168
-54.92	-0.0340576	-54.92	-2.67029e-3	-54.92	-6.46299e-3	-54.92	-1.41907e-3	-54.92	0.0874023
-54.82	-0.0457764	-54.82	-0.014389	-54.82	-0.0181811	-54.82	-0.0131378	-54.82	0.0756836
-54.72	-0.0535889	-54.72	-0.0222015	-54.72	-0.018181	-54.72	-0.0209503	-54.72	0.0776367
-54.62	-0.055542	-54.62	-0.0241547	-54.62	-0.0181808	-54.62	-0.0131378	-54.62	0.0834961
-54.52	-0.0633545	-54.52	-0.014389	-54.52	-0.0259937	-54.52	-0.0131378	-54.52	0.0776367
-54.42	-0.0750732	-54.42	-0.0241547	-54.42	-0.0377121	-54.42	-0.0229034	-54.42	0.0737305
-54.32	-0.0750732	-54.32	-0.0335312	-54.32	-0.0377121	-54.32	-0.0307159	-54.32	0.0756836
-54.22	-0.0750732	-54.22	-0.0358734	-54.22	-0.0377121	-54.22	-0.0326691	-54.22	0.0678711
-54.12	-0.0750732	-54.12	-0.0358734	-54.12	-0.0377128	-54.12	-0.0326691	-54.12	0.065918
-54.02	-0.0828857	-54.02	-0.045639	-54.02	-0.0474777	-54.02	-0.0424347	-54.02	0.0561523
-53.92	-0.0848389	-53.92	-0.045639	-53.92	-0.0474777	-53.92	-0.0424347	-53.92	0.0561523
-53.82	-0.0770264	-53.82	-0.045639	-53.82	-0.0552902	-53.82	-0.0424347	-53.82	0.065918
-53.72	-0.0828857	-53.72	-0.0339203	-53.72	-0.0572433	-53.72	-0.0502472	-53.72	0.065918
-53.62	-0.0848389	-53.62	-0.0339203	-53.62	-0.0572442	-53.62	-0.0522003	-53.62	0.065918
-53.52	-0.0965576	-53.52	-0.045639	-53.52	-0.0611493	-53.52	-0.0639191	-53.52	0.0541992
-53.42	-0.0887451	-53.42	-0.0378265	-53.42	-0.0591963	-53.42	-0.0385284	-53.42	0.0620117
-53.32	-0.086792	-53.32	-0.0358734	-53.32	-0.0591965	-53.32	-0.0424347	-53.32	0.0639648
-53.22	-0.0770264	-53.22	-0.0358734	-53.22	-0.0591965	-53.22	-0.0443878	-53.22	0.0639648
-53.12	-0.0770264	-53.12	-0.0358734	-53.12	-0.0591965	-53.12	-0.0443878	-53.12	0.0639648
-53.02	-0.0770264	-53.02	-0.0358734	-53.02	-0.0474781	-53.02	-0.0443878	-53.02	0.0639648
-52.92	-0.0946045	-52.92	-0.045639	-52.92	-0.0572433	-52.92	-0.0541534	-52.92	0.0541992
-52.82	-0.0965576	-52.82	-0.0358734	-52.82	-0.0572433	-52.82	-0.0522003	-52.82	0.0541992
-52.72	-0.0887451	-52.72	-0.0436859	-52.72	-0.0572433	-52.72	-0.0541534	-52.72	0.0463867
-52.62	-0.086792	-52.62	-0.0378265	-52.62	-0.0572433	-52.62	-0.0541534	-52.62	0.0444336
-52.52	-0.0848389	-52.52	-0.0358734	-52.52	-0.0572437	-52.52	-0.0463409	-52.52	0.0444336
-52.42	-0.0965576	-52.42	-0.045639	-52.42	-0.067009	-52.42	-0.0619659	-52.42	0.034668
-52.32	-0.0965576	-52.32	-0.045639	-52.32	-0.0670087	-52.32	-0.0639191	-52.32	0.034668
-52.22	-0.0887451	-52.22	-0.045639	-52.22	-0.0591963	-52.22	-0.0561066	-52.22	0.0522461
-52.12	-0.086792	-52.12	-0.0358734	-52.12	-0.0572441	-52.12	-0.0541534	-52.12	0.0541992
-52.02	-0.0965576	-52.02	-0.045639	-52.02	-0.067009	-52.02	-0.0639191	-52.02	0.0444336
-51.92	-0.0965576	-51.92	-0.045639	-51.92	-0.067009	-51.92	-0.0639191	-51.92	0.0444336
-51.82	-0.0965576	-51.82	-0.045639	-51.82	-0.0572433	-51.82	-0.0639191	-51.82	0.0444336
-51.72	-0.0965576	-51.72	-0.045639	-51.72	-0.0572433	-51.72	-0.0639191	-51.72	0.0444336
-51.62	-0.0965576	-51.62	-0.045639	-51.62	-0.0572441	-51.62	-0.0639191	-51.62	0.0444336
-51.52	-0.106323	-51.52	-0.0554047	-51.52	-0.067009	-51.52	-0.0736847	-51.52	0.034668
-51.42	-0.0985107	-51.42	-0.0554047	-51.42	-0.067009	-51.42	-0.0736847	-51.42	0.034668
-51.32	-0.0965576	-51.32	-0.0554047	-51.32	-0.067009	-51.32	-0.0736847	-51.32	0.034668
-51.22	-0.086792	-51.22	-0.0554047	-51.22	-0.067009	-51.22	-0.0736847	-51.22	0.0424805
-51.12	-0.086792	-51.12	-0.045639	-51.12	-0.067009	-51.12	-0.0736847	-51.12	0.0444336
-51.02	-0.086792	-51.02	-0.045639	-51.02	-0.067009	-51.02	-0.0736847	-51.02	0.0444336
-50.92	-0.086792	-50.92	-0.045639	-50.92	-0.067009	-50.92	-0.0736847	-50.92	0.0444336
-50.82	-0.086792	-50.82	-0.045639	-50.82	-0.0670093	-50.82	-0.0736847	-50.82	0.0444336
-50.72	-0.0965576	-50.72	-0.0554047	-50.72	-0.0767746	-50.72	-0.0834503	-50.72	0.034668
-50.62	-0.0965576	-50.62	-0.0554047	-50.62	-0.0689621	-50.62	-0.0717316	-50.62	0.034668
-50.52	-0.086792	-50.52	-0.0554047	-50.52	-0.0670087	-50.52	-0.0717316	-50.52	0.034668
-50.42	-0.0789795	-50.42	-0.0475922	-50.42	-0.0494307	-50.42	-0.0639191	-50.42	0.0424805
-50.32	-0.0770264	-50.32	-0.0358734	-50.32	-0.0474781	-50.32	-0.0619659	-50.32	0.0561523
-50.22	-0.086792	-50.22	-0.045639	-50.22	-0.0572433	-50.22	-0.0717316	-50.22	0.0463867
-50.12	-0.086792	-50.12	-0.045639	-50.12	-0.0572433	-50.12	-0.0717316	-50.12	0.0463867
-50.02	-0.086792	-50.02	-0.045639	-50.02	-0.0572433	-50.02	-0.0717316	-50.02	0.0463867
-49.92	-0.086792	-49.92	-0.045639	-49.92	-0.0572439	-49.92	-0.0639191	-49.92	0.0463867
-49.82	-0.0946045	-49.82	-0.0534515	-49.82	-0.0650559	-49.82	-0.0697784	-49.82	0.0385742
-49.72	-0.0965576	-49.72	-0.045639	-49.72	-0.067009	-49.72	-0.0717316	-49.72	0.0366211
-49.62	-0.0848389	-49.62	-0.045639	-49.62	-0.0670097	-49.62	-0.0717316	-49.62	0.0366211
-49.52	-0.0946045	-49.52	-0.0554047	-49.52	-0.0767746	-49.52	-0.0814972	-49.52	0.0268555
-49.42	-0.0946045	-49.42	-0.0554047	-49.42	-0.0670084	-49.42	-0.0717316	-49.42	0.0268555
-49.32	-0.086792	-49.32	-0.0475922	-49.32	-0.0591964	-49.32	-0.0639191	-49.32	0.034668
-49.22	-0.0848389	-49.22	-0.045639	-49.22	-0.0572433	-49.22	-0.0619659	-49.22	0.0366211
-49.12	-0.0848389	-49.12	-0.045639	-49.12	-0.0572442	-49.12	-0.0619659	-49.12	0.0366211
-49.02	-0.0965576	-49.02	-0.0573578	-49.02	-0.0689621	-49.02	-0.0736847	-49.02	0.0249023
-48.92	-0.0965576	-48.92	-0.0475922	-48.92	-0.0689621	-48.92	-0.0736847	-48.92	0.0249023
-48.82	-0.0946045	-48.82	-0.0475922	-48.82	-0.0689621	-48.82	-0.0736847	-48.82	0.0249023
-48.72	-0.0965576	-48.72	-0.0475922	-48.72	-0.0689621	-48.72	-0.0736847	-48.72	0.0249023
-48.62	-0.0965576	-48.62	-0.0554047	-48.62	-0.0689628	-48.62	-0.0736847	-48.62	0.0327148
-48.52	-0.0985107	-48.52	-0.0593109	-48.52	-0.0787277	-48.52	-0.0736847	-48.52	0.0249023
-48.42	-0.0965576	-48.42	-0.0573578	-48.42	-0.0689621	-48.42	-0.0736847	-48.42	0.0170898
-48.32	-0.0965576	-48.32	-0.0475922	-48.32	-0.0689621	-48.32	-0.0736847	-48.32	0.0151367
-48.22	-0.086792	-48.22	-0.0475922	-48.22	-0.0689621	-48.22	-0.0736847	-48.22	0.0151367
-48.12	-0.086792	-48.12	-0.0554047	-48.12	-0.0689621	-48.12	-0.0736847	-48.12	0.0151367
-48.02	-0.086792	-48.02	-0.0573578	-48.02	-0.06115	-48.02	-0.0736847	-48.02	0.0151367
-47.92	-0.0965576	-47.92	-0.0593109	-47.92	-0.0689621	-47.92	-0.0756378	-47.92	5.37109e-3
-47.82	-0.0965576	-47.82	-0.0573578	-47.82	-0.0689621	-47.82	-0.0736847	-47.82	5.37109e-3
-47.72	-0.0965576	-47.72	-0.0573578	-47.72	-0.0689621	-47.72	-0.0736847	-47.72	5.37109e-3
-47.62	-0.086792	-47.62	-0.0573578	-47.62	-0.0689628	-47.62	-0.0736847	-47.62	0.0131836
-47.52	-0.106323	-47.52	-0.0671234	-47.52	-0.0787277	-47.52	-0.0834503	-47.52	0.0151367
-47.42	-0.0965576	-47.42	-0.0554047	-47.42	-0.0693512	-47.42	-0.0834503	-47.42	0.0151367
-47.32	-0.0965576	-47.32	-0.0554047	-47.32	-0.067009	-47.32	-0.0658722	-47.32	0.0151367
-47.22	-0.0965576	-47.22	-0.0554047	-47.22	-0.067009	-47.22	-0.0639191	-47.22	0.0151367
-47.12	-0.0887451	-47.12	-0.0554047	-47.12	-0.0572433	-47.12	-0.0639191	-47.12	0.0151367
-47.02	-0.086792	-47.02	-0.0554047	-47.02	-0.0572437	-47.02	-0.0639191	-47.02	0.0229492
-46.92	-0.0965576	-46.92	-0.0651703	-46.92	-0.067009	-46.92	-0.0736847	-46.92	0.0151367
-46.82	-0.10437	-46.82	-0.0651703	-46.82	-0.067009	-46.82	-0.0736847	-46.82	0.0151367
-46.72	-0.0965576	-46.72	-0.0651703	-46.72	-0.067009	-46.72	-0.0658722	-46.72	0.0151367
-46.62	-0.0965576	-46.62	-0.0573578	-46.62	-0.067009	-46.62	-0.0639191	-46.62	0.0151367
-46.52	-0.0965576	-46.52	-0.0554047	-46.52	-0.067009	-46.52	-0.0541534	-46.52	0.0151367
-46.42	-0.0965576	-46.42	-0.0554047	-46.42	-0.0572433	-46.42	-0.0541534	-46.42	0.0151367
-46.32	-0.0965576	-46.32	-0.0554047	-46.32	-0.0572437	-46.32	-0.0541534	-46.32	0.0151367
-46.22	-0.106323	-46.22	-0.0651703	-46.22	-0.067009	-46.22	-0.0639191	-46.22	5.37109e-3
-46.12	-0.106323	-46.12	-0.0651703	-46.12	-0.067009	-46.12	-0.0639191	-46.12	5.37109e-3
-46.02	-0.0965576	-46.02	-0.0651703	-46.02	-0.067009	-46.02	-0.0639191	-46.02	5.37109e-3
-45.92	-0.0887451	-45.92	-0.0554047	-45.92	-0.067009	-45.92	-0.0639191	-45.92	0.0151367
-45.82	-0.086792	-45.82	-0.0554047	-45.82	-0.067009	-45.82	-0.0639191	-45.82	0.0151367
-45.72	-0.086792	-45.72	-0.0554047	-45.72	-0.0591972	-45.72	-0.0639191	-45.72	0.0151367
-45.62	-0.0965576	-45.62	-0.0651703	-45.62	-0.067009	-45.62	-0.0736847	-45.62	5.37109e-3
-45.52	-0.086792	-45.52	-0.0651703	-45.52	-0.067009	-45.52	-0.0736847	-45.52	5.37109e-3
-45.42	-0.086792	-45.42	-0.0651703	-45.42	-0.067009	-45.42	-0.0639191	-45.42	5.37109e-3
-45.32	-0.086792	-45.32	-0.0651703	-45.32	-0.0572433	-45.32	-0.0545425	-45.32	5.37109e-3
-45.22	-0.086792	-45.22	-0.0651703	-45.22	-0.0572441	-45.22	-0.0522003	-45.22	5.37109e-3
-45.12	-0.0965576	-45.12	-0.0655594	-45.12	-0.0670084	-45.12	-0.0619659	-45.12	-4.39453e-3
-45.02	-0.0887451	-45.02	-0.0554047	-45.02	-0.0591964	-45.02	-0.0541534	-45.02	3.41797e-3
-44.92	-0.0770264	-44.92	-0.0436859	-44.92	-0.0572433	-44.92	-0.0522003	-44.92	0.0131836
-44.82	-0.0770264	-44.82	-0.0436859	-44.82	-0.0572433	-44.82	-0.0522003	-44.82	0.0249023
-44.72	-0.0770264	-44.72	-0.0436859	-44.72	-0.0572433	-44.72	-0.0522003	-44.72	0.0249023
-44.62	-0.0692139	-44.62	-0.0436859	-44.62	-0.0572433	-44.62	-0.0522003	-44.62	0.0249023
-44.52	-0.0672607	-44.52	-0.0436859	-44.52	-0.0572438	-44.52	-0.0424347	-44.52	0.0249023
-44.42	-0.0789795	-44.42	-0.0554047	-44.42	-0.0689621	-44.42	-0.0541534	-44.42	0.0131836
-44.32	-0.0789795	-44.32	-0.0554047	-44.32	-0.0689621	-44.32	-0.0541534	-44.32	0.0131836
-44.22	-0.0672607	-44.22	-0.045639	-44.22	-0.0689621	-44.22	-0.0463409	-44.22	0.0131836
-44.12	-0.0672607	-44.12	-0.0378265	-44.12	-0.0689621	-44.12	-0.0443878	-44.12	0.0131836
-44.02	-0.0672607	-44.02	-0.0358734	-44.02	-0.06115	-44.02	-0.0443878	-44.02	0.0131836
-43.92	-0.0770264	-43.92	-0.045639	-43.92	-0.0689621	-43.92	-0.0541534	-43.92	3.41797e-3
-43.82	-0.0770264	-43.82	-0.045639	-43.82	-0.067009	-43.82	-0.0443878	-43.82	3.41797e-3
-43.72	-0.0770264	-43.72	-0.045639	-43.72	-0.0611496	-43.72	-0.0443878	-43.72	0.0131836
-43.62	-0.0770264	-43.62	-0.045639	-43.62	-0.0591965	-43.62	-0.0443878	-43.62	0.0131836
-43.52	-0.0672607	-43.52	-0.0378265	-43.52	-0.0591965	-43.52	-0.0443878	-43.52	0.0131836
-43.42	-0.0672607	-43.42	-0.0358734	-43.42	-0.0591958	-43.42	-0.0443878	-43.42	0.0131836
-43.32	-0.0578842	-43.32	-0.0167313	-43.32	-0.0498202	-43.32	-0.0271988	-43.32	0.0225601
-43.22	-0.0653076	-43.22	-0.0241547	-43.22	-0.0572433	-43.22	-0.0326691	-43.22	0.0245132
-43.12	-0.0653076	-43.12	-0.0241547	-43.12	-0.0572433	-43.12	-0.0326691	-43.12	0.0268555
-43.02	-0.055542	-43.02	-0.0241547	-43.02	-0.0572433	-43.02	-0.0209503	-43.02	0.0268555
-42.92	-0.055542	-42.92	-0.0241547	-42.92	-0.0572441	-42.92	-0.0209503	-42.92	0.0268555
-42.82	-0.0653076	-42.82	-0.0339203	-42.82	-0.067009	-42.82	-0.0307159	-42.82	0.0268555
-42.72	-0.0653076	-42.72	-0.0339203	-42.72	-0.0552902	-42.72	-0.0307159	-42.72	0.0268555
-42.62	-0.055542	-42.62	-0.0339203	-42.62	-0.0552902	-42.62	-0.0307159	-42.62	0.0268555
-42.52	-0.055542	-42.52	-0.0339203	-42.52	-0.0552902	-42.52	-0.0307159	-42.52	0.0268555
-42.42	-0.055542	-42.42	-0.0241547	-42.42	-0.0552902	-42.42	-0.0307159	-42.42	0.0268555
-42.32	-0.055542	-42.32	-0.0241547	-42.32	-0.0552902	-42.32	-0.0307159	-42.32	0.0268555
-42.22	-0.055542	-42.22	-0.0241547	-42.22	-0.0455253	-42.22	-0.0307159	-42.22	0.0268555
-42.12	-0.055542	-42.12	-0.0339203	-42.12	-0.0552902	-42.12	-0.0404816	-42.12	0.0170898
-42.02	-0.055542	-42.02	-0.0261078	-42.02	-0.0474774	-42.02	-0.0404816	-42.02	0.0170898
-41.92	-0.0477295	-41.92	-0.0163422	-41.92	-0.0455244	-41.92	-0.0229034	-41.92	0.0249023
-41.82	-0.0457764	-41.82	-0.014389	-41.82	-0.0455246	-41.82	-0.0209503	-41.82	0.0268555
-41.72	-0.0457764	-41.72	-0.014389	-41.72	-0.0377121	-41.72	-0.0209503	-41.72	0.0268555
-41.62	-0.0360107	-41.62	-0.014389	-41.62	-0.035759	-41.62	-0.0209503	-41.62	0.0268555
-41.52	-0.0360107	-41.52	-4.62341e-3	-41.52	-0.0259933	-41.52	-0.0209503	-41.52	0.0268555
-41.42	-0.0360107	-41.42	-4.62341e-3	-41.42	-0.0259933	-41.42	-0.0209503	-41.42	0.0268555
-41.32	-0.0360107	-41.32	-4.62341e-3	-41.32	-0.0259933	-41.32	-0.0209503	-41.32	0.0268555
-41.22	-0.0262451	-41.22	-4.62341e-3	-41.22	-0.0259933	-41.22	-0.0131378	-41.22	0.0268555
-41.12	-0.0262451	-41.12	-4.62341e-3	-41.12	-0.0259941	-41.12	-0.0111847	-41.12	0.0268555
-41.02	-0.0360107	-41.02	-0.014389	-41.02	-0.0357587	-41.02	-0.0209503	-41.02	0.0170898
-40.92	-0.0281982	-40.92	-6.57654e-3	-40.92	-0.0357588	-40.92	-0.0131378	-40.92	0.0249023
-40.82	-0.0262451	-40.82	-4.62341e-3	-40.82	-0.0259933	-40.82	-1.41907e-3	-40.82	0.0268555
-40.72	-0.0262451	-40.72	-4.62341e-3	-40.72	-0.0259933	-40.72	-1.41907e-3	-40.72	0.0366211
-40.62	-0.0164795	-40.62	0.0129547	-40.62	-0.0259941	-40.62	-1.41907e-3	-40.62	0.0366211
-40.52	-0.0340576	-40.52	-2.67029e-3	-40.52	-0.035759	-40.52	-0.0111847	-40.52	0.0268555
-40.42	-0.0360107	-40.42	-4.62341e-3	-40.42	-0.0357584	-40.42	-0.0111847	-40.42	0.0268555
-40.32	-0.0281982	-40.32	3.18909e-3	-40.32	-0.0279464	-40.32	-3.37219e-3	-40.32	0.034668
-40.22	-0.0262451	-40.22	0.0129547	-40.22	-0.0259933	-40.22	8.34656e-3	-40.22	0.0366211
-40.12	-0.0145264	-40.12	0.0149078	-40.12	-0.0259933	-40.12	8.34656e-3	-40.12	0.0366211
-40.02	-0.0145264	-40.02	0.0149078	-40.02	-0.0162277	-40.02	8.34656e-3	-40.02	0.0366211
-39.92	-0.0145264	-39.92	0.0149078	-39.92	-0.0259941	-39.92	8.34656e-3	-39.92	0.0366211
-39.82	-0.0321045	-39.82	5.14221e-3	-39.82	-0.0259933	-39.82	-1.41907e-3	-39.82	0.0268555
-39.72	-0.0340576	-39.72	5.14221e-3	-39.72	-0.0338058	-39.72	-1.41907e-3	-39.72	0.0268555
-39.62	-0.0340576	-39.62	-2.67029e-3	-39.62	-0.035759	-39.62	-9.23157e-3	-39.62	0.0268555
-39.52	-0.0340576	-39.52	3.18909e-3	-39.52	-0.0357587	-39.52	-0.0111847	-39.52	0.0366211
-39.42	-0.0164795	-39.42	0.0129547	-39.42	-0.0279463	-39.42	6.39343e-3	-39.42	0.0444336
-39.32	-0.0145264	-39.32	0.0246735	-39.32	-0.0259933	-39.32	8.34656e-3	-39.32	0.0463867
-39.22	-0.0145264	-39.22	0.0246735	-39.22	-0.0259933	-39.22	8.34656e-3	-39.22	0.0463867
-39.12	-0.0145264	-39.12	0.0246735	-39.12	-0.0162285	-39.12	8.34656e-3	-39.12	0.0463867
-39.02	-0.024292	-39.02	0.0149078	-39.02	-0.0259933	-39.02	-1.41907e-3	-39.02	0.0366211
-38.92	-0.0321045	-38.92	0.0149078	-38.92	-0.0259933	-38.92	-1.41907e-3	-38.92	0.0366211
-38.82	-0.024292	-38.82	0.0149078	-38.82	-0.0259933	-38.82	-1.41907e-3	-38.82	0.0366211
-38.72	-0.024292	-38.72	0.0149078	-38.72	-0.0259933	-38.72	-1.41907e-3	-38.72	0.0366211
-38.62	-0.024292	-38.62	0.0149078	-38.62	-0.0259933	-38.62	8.34656e-3	-38.62	0.0366211
-38.52	-0.024292	-38.52	0.0149078	-38.52	-0.0259935	-38.52	8.34656e-3	-38.52	0.0463867
-38.42	-0.0281982	-38.42	0.0110016	-38.42	-0.0279463	-38.42	4.44031e-3	-38.42	0.0424805
-38.32	-0.0262451	-38.32	0.0129547	-38.32	-0.0279465	-38.32	6.39343e-3	-38.32	0.0444336
-38.22	-0.0262451	-38.22	0.0129547	-38.22	-0.0279465	-38.22	6.39343e-3	-38.22	0.0444336
-38.12	-0.0262451	-38.12	0.0129547	-38.12	-0.0279465	-38.12	6.39343e-3	-38.12	0.0444336
-38.02	-0.0262451	-38.02	0.0129547	-38.02	-0.0279465	-38.02	6.39343e-3	-38.02	0.0444336
-37.92	-0.0164795	-37.92	0.0246735	-37.92	-0.0279472	-37.92	6.39343e-3	-37.92	0.0444336
-37.82	-0.0262451	-37.82	0.0149078	-37.82	-0.0377121	-37.82	-0.0111847	-37.82	0.034668
-37.72	-0.0340576	-37.72	0.0149078	-37.72	-0.0279465	-37.72	-0.0131378	-37.72	0.034668
-37.62	-0.0360107	-37.62	0.0149078	-37.62	-0.0279459	-37.62	-0.0131378	-37.62	0.034668
-37.52	-0.0281982	-37.52	0.0227203	-37.52	-0.0201339	-37.52	4.44031e-3	-37.52	0.0424805
-37.42	-0.0262451	-37.42	0.0246735	-37.42	-0.0181808	-37.42	6.39343e-3	-37.42	0.0444336
-37.32	-0.0262451	-37.32	0.032486	-37.32	-0.0181808	-37.32	6.39343e-3	-37.32	0.0350571
-37.22	-0.0262451	-37.22	0.0344391	-37.22	-0.0181808	-37.22	6.39343e-3	-37.22	0.0327148
-37.12	-0.0164795	-37.12	0.0344391	-37.12	-0.0181808	-37.12	6.39343e-3	-37.12	0.0444336
-37.02	-0.0164795	-37.02	0.0344391	-37.02	-0.0158383	-37.02	6.39343e-3	-37.02	0.0444336
-36.92	-8.66699e-3	-36.92	0.0422516	-36.92	-0.0103689	-36.92	0.0142059	-36.92	0.0522461
-36.82	-0.0164795	-36.82	0.0442047	-36.82	-0.0181808	-36.82	6.39343e-3	-36.82	0.0444336
-36.72	-0.0164795	-36.72	0.0442047	-36.72	-0.0181808	-36.72	6.39343e-3	-36.72	0.0444336
-36.62	-6.71387e-3	-36.62	0.0442047	-36.62	-0.0181808	-36.62	0.0161591	-36.62	0.0444336
-36.52	-6.71387e-3	-36.52	0.0442047	-36.52	-0.0181808	-36.52	0.0161591	-36.52	0.0444336
-36.42	-6.71387e-3	-36.42	0.0442047	-36.42	-0.0181808	-36.42	0.0161591	-36.42	0.0444336
-36.32	-0.0145264	-36.32	0.0442047	-36.32	-0.0181812	-36.32	0.0161591	-36.32	0.0444336
-36.22	-0.0262451	-36.22	0.0344391	-36.22	-0.0181801	-36.22	-1.41907e-3	-36.22	0.0366211
-36.12	-0.0168686	-36.12	0.0438156	-36.12	-8.80414e-3	-36.12	6.00433e-3	-36.12	0.0440445
-36.02	-0.0145264	-36.02	0.0461578	-36.02	-6.4621e-3	-36.02	8.34656e-3	-36.02	0.0463867
-35.92	-0.0145264	-35.92	0.0461578	-35.92	-6.4621e-3	-35.92	0.0200653	-35.92	0.0463867
-35.82	-4.76074e-3	-35.82	0.0461578	-35.82	-6.4621e-3	-35.82	0.0200653	-35.82	0.0463867
-35.72	-4.76074e-3	-35.72	0.0559235	-35.72	-6.46284e-3	-35.72	0.0200653	-35.72	0.0463867
-35.62	-0.0145264	-35.62	0.0383453	-35.62	-0.0162277	-35.62	0.0102997	-35.62	0.0366211
-35.52	-0.0145264	-35.52	0.0363922	-35.52	-0.0240402	-35.52	0.0102997	-35.52	0.0366211
-35.42	-0.0145264	-35.42	0.0363922	-35.42	-0.0162277	-35.42	0.0102997	-35.42	0.0366211
-35.32	-0.0145264	-35.32	0.0363922	-35.32	-0.0162274	-35.32	0.0102997	-35.32	0.0366211
-35.22	-0.0145264	-35.22	0.0442047	-35.22	-8.41507e-3	-35.22	0.0181122	-35.22	0.0444336
-35.12	-0.0145264	-35.12	0.0461578	-35.12	-6.4621e-3	-35.12	0.0106888	-35.12	0.0463867
-35.02	-4.76074e-3	-35.02	0.0461578	-35.02	-6.46248e-3	-35.02	8.34656e-3	-35.02	0.0463867
-34.92	-0.0145264	-34.92	0.0363922	-34.92	-0.0162277	-34.92	-1.41907e-3	-34.92	0.0366211
-34.82	-0.0145264	-34.82	0.0363922	-34.82	-6.4621e-3	-34.82	-1.41907e-3	-34.82	0.0366211
-34.72	-0.0145264	-34.72	0.0461578	-34.72	-6.4621e-3	-34.72	-1.41907e-3	-34.72	0.0366211
-34.62	-0.0145264	-34.62	0.0461578	-34.62	-6.4615e-3	-34.62	-1.41907e-3	-34.62	0.0288086
-34.52	-6.71387e-3	-34.52	0.0539703	-34.52	1.3501e-3	-34.52	0.0161591	-34.52	0.034668
-34.42	-0.0145264	-34.42	0.0461578	-34.42	-0.0142746	-34.42	8.34656e-3	-34.42	0.0268555
-34.32	-4.76074e-3	-34.32	0.0461578	-34.32	-0.0162277	-34.32	8.34656e-3	-34.32	0.0268555
-34.22	-4.76074e-3	-34.22	0.0461578	-34.22	-6.4621e-3	-34.22	5.34058e-4	-34.22	0.0268555
-34.12	-4.76074e-3	-34.12	0.0461578	-34.12	-6.4621e-3	-34.12	-1.41907e-3	-34.12	0.0366211
-34.02	-4.76074e-3	-34.02	0.0461578	-34.02	-6.4621e-3	-34.02	-1.41907e-3	-34.02	0.0366211
-33.92	-0.0125732	-33.92	0.0461578	-33.92	-6.4621e-3	-33.92	-1.41907e-3	-33.92	0.0366211
-33.82	-0.0145264	-33.82	0.0461578	-33.82	-6.46248e-3	-33.82	-1.41907e-3	-33.82	0.0366211
-33.72	-0.024292	-33.72	0.0363922	-33.72	-0.0162271	-33.72	-0.0111847	-33.72	0.0268555
-33.62	-0.0164795	-33.62	0.0539703	-33.62	-8.41507e-3	-33.62	-3.37219e-3	-33.62	0.034668
-33.52	-0.0145264	-33.52	0.0559235	-33.52	3.30353e-3	-33.52	8.34656e-3	-33.52	0.0366211
-33.42	-0.0145264	-33.42	0.048111	-33.42	3.30353e-3	-33.42	8.34656e-3	-33.42	0.0366211
-33.32	-0.0145264	-33.32	0.0461578	-33.32	3.30353e-3	-33.32	5.34058e-4	-33.32	0.0366211
-33.22	-0.0145264	-33.22	0.0461578	-33.22	-4.50897e-3	-33.22	-1.41907e-3	-33.22	0.0366211
-33.12	-0.0145264	-33.12	0.0461578	-33.12	-6.4621e-3	-33.12	-1.41907e-3	-33.12	0.0366211
-33.02	-0.0239029	-33.02	0.0461578	-33.02	3.30308e-3	-33.02	-1.41907e-3	-33.02	0.0463867
-32.92	-0.0379639	-32.92	0.0344391	-32.92	-8.41522e-3	-32.92	-0.0131378	-32.92	0.034668
-32.82	-0.0379639	-32.82	0.0344391	-32.82	-8.41522e-3	-32.82	-0.0131378	-32.82	0.034668
-32.72	-0.0379639	-32.72	0.0344391	-32.72	-8.41463e-3	-32.72	-0.0131378	-32.72	0.034668
-32.62	-0.0184326	-32.62	0.0520172	-32.62	-6.02573e-4	-32.62	-5.32532e-3	-32.62	0.0424805
-32.52	-0.0164795	-32.52	0.0539703	-32.52	1.3504e-3	-32.52	6.39343e-3	-32.52	0.0444336
-32.42	-0.0164795	-32.42	0.0539703	-32.42	1.3504e-3	-32.42	6.39343e-3	-32.42	0.0444336
-32.32	-0.0164795	-32.32	0.0461578	-32.32	1.3504e-3	-32.32	6.39343e-3	-32.32	0.0444336
-32.22	-0.0164795	-32.22	0.0442047	-32.22	0.011116	-32.22	-1.41907e-3	-32.22	0.0444336
-32.12	-0.0164795	-32.12	0.0442047	-32.12	0.011116	-32.12	-3.37219e-3	-32.12	0.0444336
-32.02	-0.0164795	-32.02	0.0442047	-32.02	0.011116	-32.02	-3.37219e-3	-32.02	0.0463867
-31.92	-0.0164795	-31.92	0.0539703	-31.92	3.30353e-3	-31.92	-3.37219e-3	-31.92	0.0444336
-31.82	-0.0164795	-31.82	0.0539703	-31.82	1.35002e-3	-31.82	-3.37219e-3	-31.82	0.0444336
-31.72	-0.0262451	-31.72	0.0442047	-31.72	-8.41522e-3	-31.72	-0.0131378	-31.72	0.034668
-31.62	-0.0262451	-31.62	0.0442047	-31.62	3.30353e-3	-31.62	-0.0131378	-31.62	0.034668
-31.52	-0.0262451	-31.52	0.0442047	-31.52	3.30353e-3	-31.52	-0.0131378	-31.52	0.034668
-31.42	-0.0262451	-31.42	0.0442047	-31.42	3.30353e-3	-31.42	-3.37219e-3	-31.42	0.034668
-31.32	-0.0262451	-31.32	0.0442047	-31.32	3.30353e-3	-31.32	-3.37219e-3	-31.32	0.034668
-31.22	-0.0262451	-31.22	0.0442047	-31.22	-4.50897e-3	-31.22	-3.37219e-3	-31.22	0.034668
-31.12	-0.0262451	-31.12	0.0442047	-31.12	-6.4621e-3	-31.12	-3.37219e-3	-31.12	0.034668
-31.02	-0.0262451	-31.02	0.0539703	-31.02	-6.46248e-3	-31.02	-3.37219e-3	-31.02	0.034668
-30.92	-0.0360107	-30.92	0.0442047	-30.92	-0.0162271	-30.92	-0.0131378	-30.92	0.0249023
-30.82	-0.0281982	-30.82	0.0520172	-30.82	-8.41513e-3	-30.82	-0.0131378	-30.82	0.0327148
-30.72	-0.0262451	-30.72	0.0461578	-30.72	3.30353e-3	-30.72	-3.37219e-3	-30.72	0.0444336
-30.62	-0.0262451	-30.62	0.0442047	-30.62	3.30353e-3	-30.62	-3.37219e-3	-30.62	0.0444336
-30.52	-0.0340576	-30.52	0.0442047	-30.52	3.30353e-3	-30.52	-3.37219e-3	-30.52	0.0444336
-30.42	-0.0360107	-30.42	0.0442047	-30.42	-4.50897e-3	-30.42	-3.37219e-3	-30.42	0.0444336
-30.32	-0.0360107	-30.32	0.0559235	-30.32	-6.4621e-3	-30.32	-3.37219e-3	-30.32	0.0444336
-30.22	-0.0360107	-30.22	0.0559235	-30.22	-6.46284e-3	-30.22	-3.37219e-3	-30.22	0.0444336
-30.12	-0.0360107	-30.12	0.0461578	-30.12	-0.0162277	-30.12	-0.0131378	-30.12	0.034668
-30.02	-0.0457764	-30.02	0.0461578	-30.02	-0.0162277	-30.02	-0.0131378	-30.02	0.034668
-29.92	-0.0457764	-29.92	0.0461578	-29.92	-0.0162277	-29.92	-0.0131378	-29.92	0.0444336
-29.82	-0.0360107	-29.82	0.0461578	-29.82	-0.0162277	-29.82	-3.37219e-3	-29.82	0.0444336
-29.72	-0.0360107	-29.72	0.0383453	-29.72	-6.4615e-3	-29.72	-3.37219e-3	-29.72	0.0444336
-29.62	-0.0281982	-29.62	0.0520172	-29.62	-6.46195e-3	-29.62	4.44031e-3	-29.62	0.0444336
-29.52	-0.0340576	-29.52	0.0578766	-29.52	-6.46248e-3	-29.52	-1.41907e-3	-29.52	0.0444336
-29.42	-0.0457764	-29.42	0.0461578	-29.42	-0.0162277	-29.42	-0.0131378	-29.42	0.034668
-29.32	-0.0457764	-29.32	0.0461578	-29.32	-0.0162277	-29.32	-0.0131378	-29.32	0.034668
-29.22	-0.0457764	-29.22	0.0461578	-29.22	-0.0162277	-29.22	-0.0131378	-29.22	0.034668
-29.12	-0.0457764	-29.12	0.0461578	-29.12	-0.0162277	-29.12	-0.0131378	-29.12	0.0444336
-29.02	-0.0457764	-29.02	0.0461578	-29.02	-6.46219e-3	-29.02	-3.37219e-3	-29.02	0.0444336
-28.92	-0.0477295	-28.92	0.0442047	-28.92	-8.41507e-3	-28.92	-5.32532e-3	-28.92	0.0424805
-28.82	-0.0457764	-28.82	0.0559235	-28.82	-6.4621e-3	-28.82	-3.37219e-3	-28.82	0.0444336
-28.72	-0.0360107	-28.72	0.0559235	-28.72	-6.4621e-3	-28.72	-3.37219e-3	-28.72	0.0444336
-28.62	-0.0360107	-28.62	0.0559235	-28.62	-6.4621e-3	-28.62	-3.37219e-3	-28.62	0.0444336
-28.52	-0.0360107	-28.52	0.0559235	-28.52	-6.4621e-3	-28.52	-3.37219e-3	-28.52	0.0444336
-28.42	-0.0438232	-28.42	0.0465469	-28.42	-0.0142746	-28.42	-0.0111847	-28.42	0.0561523
-28.32	-0.0457764	-28.32	0.0442047	-28.32	-0.0162277	-28.32	-0.0131378	-28.32	0.0483398
-28.22	-0.0457764	-28.22	0.0539703	-28.22	-6.4621e-3	-28.22	-0.0131378	-28.22	0.0463867
-28.12	-0.0457764	-28.12	0.0539703	-28.12	-6.46138e-3	-28.12	-0.0131378	-28.12	0.0463867
-28.02	-0.0363998	-28.02	0.0633469	-28.02	2.91413e-3	-28.02	-3.76129e-3	-28.02	0.0557632
-27.92	-0.0438232	-27.92	0.0559235	-27.92	-4.50897e-3	-27.92	-1.41907e-3	-27.92	0.0483398
-27.82	-0.0438232	-27.82	0.0559235	-27.82	-4.50897e-3	-27.82	-1.41907e-3	-27.82	0.0483398
-27.72	-0.0418701	-27.72	0.0559235	-27.72	-4.50897e-3	-27.72	-1.41907e-3	-27.72	0.0405273
-27.62	-0.0438232	-27.62	0.048111	-27.62	-4.11928e-3	-27.62	-9.23157e-3	-27.62	0.0385742
-27.52	-0.0360107	-27.52	0.0539703	-27.52	1.3501e-3	-27.52	-3.37219e-3	-27.52	0.0463867
-27.42	-0.0438232	-27.42	0.0559235	-27.42	-6.4621e-3	-27.42	-0.0111847	-27.42	0.0385742
-27.32	-0.0438232	-27.32	0.0559235	-27.32	-6.4618e-3	-27.32	-0.0111847	-27.32	0.0385742
-27.22	-0.0360107	-27.22	0.0559235	-27.22	1.35055e-3	-27.22	-3.37219e-3	-27.22	0.0561523
-27.12	-0.0418701	-27.12	0.0559235	-27.12	0.0130692	-27.12	-1.41907e-3	-27.12	0.0581055
-27.02	-0.0438232	-27.02	0.0559235	-27.02	5.25665e-3	-27.02	0.0102997	-27.02	0.050293
-26.92	-0.0438232	-26.92	0.0559235	-26.92	3.30353e-3	-26.92	0.0102997	-26.92	0.0483398
-26.82	-0.0438232	-26.82	0.048111	-26.82	3.30338e-3	-26.82	9.23157e-4	-26.82	0.0483398
-26.72	-0.0379639	-26.72	0.0422516	-26.72	-6.02573e-4	-26.72	-5.32532e-3	-26.72	0.0444336
-26.62	-0.0438232	-26.62	0.0539703	-26.62	0.011116	-26.62	-3.37219e-3	-26.62	0.0463867
-26.52	-0.0457764	-26.52	0.0539703	-26.52	3.30353e-3	-26.52	-3.37219e-3	-26.52	0.0370102
-26.42	-0.0457764	-26.42	0.0461578	-26.42	1.351e-3	-26.42	-3.37219e-3	-26.42	0.0444336
-26.32	-0.0379639	-26.32	0.0520172	-26.32	9.16299e-3	-26.32	4.44031e-3	-26.32	0.0522461
-26.22	-0.0360107	-26.22	0.0539703	-26.22	0.0208817	-26.22	-1.41907e-3	-26.22	0.0541992
-26.12	-0.0438232	-26.12	0.0539703	-26.12	0.0130692	-26.12	-3.37219e-3	-26.12	0.0541992
-26.02	-0.0457764	-26.02	0.0461578	-26.02	0.0111163	-26.02	6.39343e-3	-26.02	0.0541992
-25.92	-0.0281982	-25.92	0.0520172	-25.92	0.0189279	-25.92	0.0142059	-25.92	0.0541992
-25.82	-0.0360107	-25.82	0.0442047	-25.82	3.30353e-3	-25.82	6.39343e-3	-25.82	0.0444336
-25.72	-0.0360107	-25.72	0.0539703	-25.72	1.351e-3	-25.72	-1.41907e-3	-25.72	0.0444336
-25.62	-0.0360107	-25.62	0.0539703	-25.62	9.16305e-3	-25.62	4.44031e-3	-25.62	0.0522461
-25.52	-0.0360107	-25.52	0.0539703	-25.52	0.0228348	-25.52	0.0161591	-25.52	0.0541992
-25.42	-0.0360107	-25.42	0.0539703	-25.42	0.0150223	-25.42	0.0161591	-25.42	0.0639648
-25.32	-0.0453873	-25.32	0.0461578	-25.32	0.0130688	-25.32	0.0161591	-25.32	0.0561523
-25.22	-0.0574951	-25.22	0.0344391	-25.22	0.0130697	-25.22	-1.41907e-3	-25.22	0.0444336
-25.12	-0.039917	-25.12	0.0422516	-25.12	0.0130693	-25.12	4.44031e-3	-25.12	0.0522461
-25.02	-0.0379639	-25.02	0.0461578	-25.02	0.0130692	-25.02	6.39343e-3	-25.02	0.0541992
-24.92	-0.0379639	-24.92	0.0442047	-24.92	0.0130684	-24.92	0.0161591	-24.92	0.0463867
-24.82	-0.0477295	-24.82	0.0344391	-24.82	-4.50867e-3	-24.82	-1.41907e-3	-24.82	0.034668
-24.72	-0.0477295	-24.72	0.0328751	-24.72	0.0111162	-24.72	4.44031e-3	-24.72	0.0424805
-24.62	-0.0477295	-24.62	0.032486	-24.62	0.0130692	-24.62	6.39343e-3	-24.62	0.0366211
-24.52	-0.0477295	-24.52	0.0442047	-24.52	3.69263e-3	-24.52	6.39343e-3	-24.52	0.0444336
-24.42	-0.0477295	-24.42	0.0363922	-24.42	1.3504e-3	-24.42	-1.41907e-3	-24.42	0.0444336
-24.32	-0.0477295	-24.32	0.0344391	-24.32	0.0111156	-24.32	-3.37219e-3	-24.32	0.0444336
-24.22	-0.0653076	-24.22	0.0246735	-24.22	1.35112e-3	-24.22	-0.0131378	-24.22	0.034668
-24.12	-0.0578842	-24.12	0.0262375	-24.12	2.91461e-3	-24.12	6.00433e-3	-24.12	0.0440445
-24.02	-0.055542	-24.02	0.0266266	-24.02	3.30353e-3	-24.02	8.34656e-3	-24.02	0.0385742
-23.92	-0.0457764	-23.92	0.0266266	-23.92	0.0130692	-23.92	8.34656e-3	-23.92	0.0463867
-23.82	-0.055542	-23.82	0.0188141	-23.82	5.25695e-3	-23.82	5.34058e-4	-23.82	0.0463867
-23.72	-0.0457764	-23.72	0.0246735	-23.72	0.0111154	-23.72	6.39343e-3	-23.72	0.0541992
-23.62	-0.055542	-23.62	0.016861	-23.62	3.30412e-3	-23.62	8.34656e-3	-23.62	0.0463867
-23.52	-0.0477295	-23.52	0.0246735	-23.52	0.0111161	-23.52	0.0161591	-23.52	0.0639648
-23.42	-0.0457764	-23.42	0.0188141	-23.42	0.0228348	-23.42	0.0181122	-23.42	0.0581055
-23.32	-0.0457764	-23.32	0.0266266	-23.32	0.0150226	-23.32	0.0181122	-23.32	0.0561523
-23.22	-0.0457764	-23.22	0.0344391	-23.22	0.0208811	-23.22	0.0181122	-23.22	0.0639648
-23.12	-0.0438232	-23.12	0.0266266	-23.12	0.0130692	-23.12	0.0181122	-23.12	0.0561523
-23.02	-0.0516357	-23.02	0.0188141	-23.02	5.25695e-3	-23.02	0.0181122	-23.02	0.0483398
-22.92	-0.0457764	-22.92	0.0246735	-22.92	0.0208818	-22.92	0.0259247	-22.92	0.0639648
-22.82	-0.0438232	-22.82	0.0285797	-22.82	0.0228351	-22.82	0.0278778	-22.82	0.065918
-22.72	-0.0438232	-22.72	0.0344391	-22.72	0.0228349	-22.72	0.0263138	-22.72	0.0737305
-22.62	-0.0438232	-22.62	0.0363922	-22.62	0.0228346	-22.62	0.0356903	-22.62	0.0663071
-22.52	-0.0457764	-22.52	0.0266266	-22.52	0.0208817	-22.52	0.0337372	-22.52	0.0620117
-22.42	-0.0438232	-22.42	0.0266266	-22.42	0.0247879	-22.42	0.0356903	-22.42	0.0756836
-22.32	-0.0516357	-22.32	0.0172501	-22.32	0.0228351	-22.32	0.0278778	-22.32	0.0678711
-22.22	-0.0457764	-22.22	0.032486	-22.22	0.0228342	-22.22	0.0337372	-22.22	0.0737305
-22.12	-0.0438232	-22.12	0.016861	-22.12	0.0130699	-22.12	0.0259247	-22.12	0.065918
-22.02	-0.0438232	-22.02	0.0242844	-22.02	0.0224458	-22.02	0.0274887	-22.02	0.067482
-21.92	-0.0438232	-21.92	0.0266266	-21.92	0.0247885	-21.92	0.0395966	-21.92	0.0678711
-21.82	-0.0360107	-21.82	0.0266266	-21.82	0.0349427	-21.82	0.0474091	-21.82	0.0756836
-21.72	-0.0418701	-21.72	0.0266266	-21.72	0.0345532	-21.72	0.0415497	-21.72	0.0874023
-21.62	-0.0477295	-21.62	0.0149078	-21.62	0.0228349	-21.62	0.0356903	-21.62	0.0756836
-21.52	-0.0360107	-21.52	0.0246735	-21.52	0.0228351	-21.52	0.0376434	-21.52	0.0756836
-21.42	-0.0360107	-21.42	0.032486	-21.42	0.0228349	-21.42	0.0376434	-21.42	0.0756836
-21.32	-0.0360107	-21.32	0.0266266	-21.32	0.0228351	-21.32	0.0474091	-21.32	0.0756836
-21.22	-0.0360107	-21.22	0.0246735	-21.22	0.0228355	-21.22	0.0474091	-21.22	0.0756836
-21.12	-0.0281982	-21.12	0.032486	-21.12	0.0306467	-21.12	0.0552216	-21.12	0.0834961
-21.02	-0.0438232	-21.02	0.0266266	-21.02	0.0228351	-21.02	0.0474091	-21.02	0.0776367
-20.92	-0.0379639	-20.92	0.032486	-20.92	0.0326006	-20.92	0.0474091	-20.92	0.0834961
-20.82	-0.0262451	-20.82	0.0266266	-20.82	0.0326007	-20.82	0.0474091	-20.82	0.0776367
-20.72	-0.0262451	-20.72	0.032486	-20.72	0.0325998	-20.72	0.0474091	-20.72	0.0834961
-20.62	-0.0360107	-20.62	0.0152969	-20.62	0.0228355	-20.62	0.0474091	-20.62	0.0678711
-20.52	-0.0344467	-20.52	0.0223312	-20.52	0.0243989	-20.52	0.0489731	-20.52	0.0752945
-20.42	-0.024292	-20.42	0.0266266	-20.42	0.0247885	-20.42	0.0493622	-20.42	0.0874023
-20.32	-0.024292	-20.32	0.032486	-20.32	0.0345532	-20.32	0.0571747	-20.32	0.0858383
-20.22	-0.0340576	-20.22	0.016861	-20.22	0.0247885	-20.22	0.0399857	-20.22	0.0756836
-20.12	-0.0356216	-20.12	0.0227203	-20.12	0.0326006	-20.12	0.0454559	-20.12	0.0756836
-20.02	-0.0360107	-20.02	0.0266266	-20.02	0.0267413	-20.02	0.0395966	-20.02	0.0678711
-19.92	-0.0281982	-19.92	0.032486	-19.92	0.0325998	-19.92	0.0454559	-19.92	0.0737305
-19.82	-0.0438232	-19.82	0.016861	-19.82	0.0154117	-19.82	0.0298309	-19.82	0.0678711
-19.72	-0.0281982	-19.72	0.0149078	-19.72	0.0306474	-19.72	0.0356903	-19.72	0.0737305
-19.62	-0.0340576	-19.62	0.0149078	-19.62	0.032601	-19.62	0.0474091	-19.62	0.0756836
-19.52	-0.0281982	-19.52	0.0227203	-19.52	0.0326001	-19.52	0.0474091	-19.52	0.0756836
-19.42	-0.0438232	-19.42	7.09534e-3	-19.42	0.0228354	-19.42	0.0376434	-19.42	0.065918
-19.32	-0.0379639	-19.32	0.0149078	-19.32	0.0228349	-19.32	0.0376434	-19.32	0.065918
-19.22	-0.0360107	-19.22	0.0149078	-19.22	0.0228354	-19.22	0.0376434	-19.22	0.065918
-19.12	-0.0360107	-19.12	0.0149078	-19.12	0.0326004	-19.12	0.0474091	-19.12	0.0756836
-19.02	-0.0281982	-19.02	0.0129547	-19.02	0.0306474	-19.02	0.0454559	-19.02	0.0737305
-18.92	-0.0340576	-18.92	0.0149078	-18.92	0.0247879	-18.92	0.0395966	-18.92	0.0678711
-18.82	-0.0360107	-18.82	0.0172501	-18.82	0.0228348	-18.82	0.0376434	-18.82	0.0565414
-18.72	-0.0442123	-18.72	0.0145187	-18.72	0.0146334	-18.72	0.0294418	-18.72	0.0538101
-18.62	-0.0438232	-18.62	9.04846e-3	-18.62	0.0247885	-18.62	0.0395966	-18.62	0.0581055
-18.52	-0.0438232	-18.52	0.0149078	-18.52	0.024788	-18.52	0.0380325	-18.52	0.0639648
-18.42	-0.0340576	-18.42	9.04846e-3	-18.42	0.0247885	-18.42	0.0376434	-18.42	0.065918
-18.32	-0.0262451	-18.32	0.0149078	-18.32	0.0326	-18.32	0.0454559	-18.32	0.065918
-18.22	-0.0438232	-18.22	-2.67029e-3	-18.22	0.0150229	-18.22	0.0278778	-18.22	0.0463867
-18.12	-0.0379639	-18.12	0.0129547	-18.12	0.0306474	-18.12	0.0337372	-18.12	0.0522461
-18.02	-0.0360107	-18.02	7.09534e-3	-18.02	0.0232242	-18.02	0.0376434	-18.02	0.0561523
-17.92	-0.025856	-17.92	0.0129547	-17.92	0.0286943	-17.92	0.0435028	-17.92	0.0620117
-17.82	-0.0262451	-17.82	7.09534e-3	-17.82	0.0306472	-17.82	0.0376434	-17.82	0.0561523
-17.72	-0.0281982	-17.72	3.18909e-3	-17.72	0.0208818	-17.72	0.0337372	-17.72	0.0522461
-17.62	-0.0340576	-17.62	-2.67029e-3	-17.62	0.0130697	-17.62	0.0278778	-17.62	0.0463867
-17.52	-0.0281982	-17.52	0.0129547	-17.52	0.0286942	-17.52	0.0259247	-17.52	0.0522461
-17.42	-0.0340576	-17.42	7.09534e-3	-17.42	0.0228348	-17.42	0.0356903	-17.42	0.0561523
-17.32	-0.0360107	-17.32	5.14221e-3	-17.32	0.020882	-17.32	0.0356903	-17.32	0.0541992
-17.22	-0.0184326	-17.22	3.57819e-3	-17.22	0.0286936	-17.22	0.0356903	-17.22	0.0526352
-17.12	-0.0340576	-17.12	-6.57654e-3	-17.12	0.0130699	-17.12	0.0259247	-17.12	0.0424805
-17.02	-0.0266342	-17.02	4.75311e-3	-17.02	0.0204926	-17.02	0.0274887	-17.02	0.0557632
-16.92	-0.024292	-16.92	5.14221e-3	-16.92	0.026741	-16.92	0.0278778	-16.92	0.0561523
-16.82	-0.0321045	-16.82	5.14221e-3	-16.82	0.0247882	-16.82	0.03022	-16.82	0.0483398
-16.72	-0.0164795	-16.72	5.14221e-3	-16.72	0.0325998	-16.72	0.0356903	-16.72	0.0541992
-16.62	-0.024292	-16.62	-4.62341e-3	-16.62	0.016976	-16.62	0.0278778	-16.62	0.0385742
-16.52	-0.024292	-16.52	3.18909e-3	-16.52	0.0228349	-16.52	0.0278778	-16.52	0.0444336
-16.42	-0.024292	-16.42	-2.67029e-3	-16.42	0.0169754	-16.42	0.0278778	-16.42	0.0385742
-16.32	-0.024292	-16.32	-4.62341e-3	-16.32	0.0150222	-16.32	0.0298309	-16.32	0.0463867
-16.22	-0.024292	-16.22	-0.014389	-16.22	0.0134584	-16.22	0.0259247	-16.22	0.0366211
-16.12	-0.024292	-16.12	-0.014389	-16.12	0.0130692	-16.12	0.0278778	-16.12	0.0366211
-16.02	-0.024292	-16.02	-4.62341e-3	-16.02	0.0130695	-16.02	0.0200653	-16.02	0.0366211
-15.92	-0.0164795	-15.92	-4.62341e-3	-15.92	0.0208818	-15.92	0.0259247	-15.92	0.0366211
-15.82	-0.0223389	-15.82	-4.62341e-3	-15.82	0.0150226	-15.82	0.0200653	-15.82	0.0463867
-15.72	-6.71387e-3	-15.72	-4.62341e-3	-15.72	0.0208811	-15.72	0.0356903	-15.72	0.0463867
-15.62	-0.0239029	-15.62	-0.014389	-15.62	0.0228348	-15.62	0.0278778	-15.62	0.0366211
-15.52	-0.0262451	-15.52	-0.014389	-15.52	0.0150226	-15.52	0.0200653	-15.52	0.0366211
-15.42	-0.0184326	-15.42	-4.62341e-3	-15.42	0.0208818	-15.42	0.0259247	-15.42	0.0366211
-15.32	-0.0164795	-15.32	-4.62341e-3	-15.32	0.0150219	-15.32	0.0298309	-15.32	0.0463867
-15.22	-0.0340576	-15.22	-0.014389	-15.22	3.30412e-3	-15.22	0.0181122	-15.22	0.0272446
-15.12	-0.0184326	-15.12	-0.0159531	-15.12	0.0111162	-15.12	0.0259247	-15.12	0.0327148
-15.02	-0.024292	-15.02	-0.0163422	-15.02	0.0150223	-15.02	0.0200653	-15.02	0.0268555
-14.92	-0.0262451	-14.92	-6.57654e-3	-14.92	0.0130699	-14.92	0.0181122	-14.92	0.0249023
-14.82	-0.0168686	-14.82	-5.01251e-3	-14.82	0.0224454	-14.82	0.0294418	-14.82	0.0264664
-14.72	-0.024292	-14.72	-0.014389	-14.72	7.20978e-3	-14.72	0.0200653	-14.72	0.0268555
-14.62	-0.0223389	-14.62	-0.014389	-14.62	5.25725e-3	-14.62	0.0200653	-14.62	0.019043
-14.52	-0.0164795	-14.52	-0.014389	-14.52	0.0150224	-14.52	0.0185013	-14.52	0.0249023
-14.42	-0.0145264	-14.42	-4.62341e-3	-14.42	0.0150214	-14.42	0.0181122	-14.42	0.019043
-14.32	-0.0262451	-14.32	-0.0241547	-14.32	3.30383e-3	-14.32	-1.41907e-3	-14.32	5.37109e-3
-14.22	-8.66699e-3	-14.22	-0.0182953	-14.22	3.30368e-3	-14.22	0.0142059	-14.22	0.0131836
-14.12	-0.0145264	-14.12	-0.0163422	-14.12	3.30412e-3	-14.12	0.0161591	-14.12	7.32422e-3
-14.02	-8.66699e-3	-14.02	3.18909e-3	-14.02	0.0111161	-14.02	0.0161591	-14.02	0.0229492
-13.92	-6.71387e-3	-13.92	-2.67029e-3	-13.92	5.2565e-3	-13.92	0.0161591	-13.92	0.0170898
-13.82	-0.0164795	-13.82	-6.57654e-3	-13.82	1.35048e-3	-13.82	6.39343e-3	-13.82	0.0131836
-13.72	-0.0164795	-13.72	-4.62341e-3	-13.72	3.30412e-3	-13.72	6.39343e-3	-13.72	0.0151367
-13.62	-6.71387e-3	-13.62	-4.62341e-3	-13.62	0.0111162	-13.62	0.0239716	-13.62	0.0151367
-13.52	-6.71387e-3	-13.52	5.14221e-3	-13.52	0.0228348	-13.52	0.0181122	-13.52	0.0249023
-13.42	-6.71387e-3	-13.42	-2.67029e-3	-13.42	0.0134588	-13.42	0.0161591	-13.42	0.0155258
-13.32	-6.71387e-3	-13.32	3.18909e-3	-13.32	0.0189282	-13.32	0.0239716	-13.32	0.0209961
-13.22	-0.0164795	-13.22	-4.62341e-3	-13.22	3.30412e-3	-13.22	8.34656e-3	-13.22	0.0131836
-13.12	-8.66699e-3	-13.12	0.0129547	-13.12	9.16305e-3	-13.12	0.0142059	-13.12	0.0229492
-13.02	-4.37164e-3	-13.02	7.09534e-3	-13.02	3.30353e-3	-13.02	8.34656e-3	-13.02	0.0229492
-12.92	-6.71387e-3	-12.92	5.14221e-3	-12.92	1.3504e-3	-12.92	6.39343e-3	-12.92	0.0151367
-12.82	-6.71387e-3	-12.82	-2.67029e-3	-12.82	0.0111157	-12.82	0.0161591	-12.82	0.0131836
-12.72	-0.024292	-12.72	-0.014389	-12.72	-6.4615e-3	-12.72	-1.41907e-3	-12.72	-4.39453e-3
-12.62	-0.0184326	-12.62	-6.57654e-3	-12.62	-6.02573e-4	-12.62	4.44031e-3	-12.62	1.46484e-3
-12.52	-6.71387e-3	-12.52	-4.23431e-3	-12.52	-6.4621e-3	-12.52	-2.98309e-3	-12.52	7.32422e-3
-12.42	-0.0145264	-12.42	-6.57654e-3	-12.42	-8.41522e-3	-12.42	-5.32532e-3	-12.42	5.37109e-3
-12.32	-0.0164795	-12.32	-0.014389	-12.32	-8.41522e-3	-12.32	4.44031e-3	-12.32	5.37109e-3
-12.22	-0.024292	-12.22	-6.57654e-3	-12.22	-0.0162277	-12.22	-3.37219e-3	-12.22	-2.44141e-3
-12.12	-0.0262451	-12.12	-6.57654e-3	-12.12	-0.0181808	-12.12	-5.32532e-3	-12.12	-4.39453e-3
-12.02	-0.0164795	-12.02	-6.57654e-3	-12.02	-0.0181809	-12.02	-0.0131378	-12.02	-0.012207
-11.92	-0.0168686	-11.92	-6.96564e-3	-11.92	-0.0185698	-11.92	-0.01548	-11.92	-0.0145493
-11.82	-0.0145264	-11.82	-0.0124359	-11.82	-6.4621e-3	-11.82	-0.0131378	-11.82	-2.44141e-3
-11.72	-0.0223389	-11.72	-4.62341e-3	-11.72	-0.0142746	-11.72	-0.0131378	-11.72	-0.0102539
-11.62	-0.0145264	-11.62	-4.62341e-3	-11.62	-0.0162271	-11.62	-9.23157e-3	-11.62	-0.012207
-11.52	-6.71387e-3	-11.52	3.18909e-3	-11.52	-8.41515e-3	-11.52	-3.37219e-3	-11.52	-4.39453e-3
-11.42	-4.76074e-3	-11.42	-2.67029e-3	-11.42	-6.4621e-3	-11.42	-1.41907e-3	-11.42	-2.44141e-3
-11.32	-4.76074e-3	-11.32	5.14221e-3	-11.32	-6.46247e-3	-11.32	-1.41907e-3	-11.32	-2.44141e-3
-11.22	-0.0145264	-11.22	-4.62341e-3	-11.22	-0.0162277	-11.22	-0.0111847	-11.22	-0.012207
-11.12	-0.0125732	-11.12	-4.62341e-3	-11.12	-0.0142746	-11.12	-0.0111847	-11.12	-0.012207
-11.02	-0.0145264	-11.02	-0.0124359	-11.02	-0.0162274	-11.02	-0.0111847	-11.02	-2.44141e-3
-10.92	-6.71387e-3	-10.92	-6.57654e-3	-10.92	-8.41507e-3	-10.92	-1.41907e-3	-10.92	5.37109e-3
-10.82	-4.76074e-3	-10.82	-4.62341e-3	-10.82	-6.4621e-3	-10.82	-1.41907e-3	-10.82	-2.05231e-3
-10.72	-4.76074e-3	-10.72	5.14221e-3	-10.72	-6.4621e-3	-10.72	-1.41907e-3	-10.72	-4.39453e-3
-10.62	-0.0125732	-10.62	5.14221e-3	-10.62	-6.46284e-3	-10.62	-1.41907e-3	-10.62	-4.39453e-3
-10.52	-0.0145264	-10.52	-4.62341e-3	-10.52	-0.0162274	-10.52	-0.0189972	-10.52	-0.0141602
-10.42	-6.71387e-3	-10.42	-4.62341e-3	-10.42	-0.0177916	-10.42	-0.0131378	-10.42	-6.34766e-3
-10.32	-4.76074e-3	-10.32	-4.62341e-3	-10.32	-0.0181808	-10.32	-1.41907e-3	-10.32	-4.39453e-3
-10.22	-4.76074e-3	-10.22	7.09534e-3	-10.22	-6.4621e-3	-10.22	-1.41907e-3	-10.22	-2.44141e-3
-10.12	-2.80762e-3	-10.12	7.09534e-3	-10.12	-6.4621e-3	-10.12	-1.41907e-3	-10.12	-4.39453e-3
-10.02	-4.76074e-3	-10.02	7.09534e-3	-10.02	-6.4621e-3	-10.02	-1.41907e-3	-10.02	-4.39453e-3
-9.92	-4.76074e-3	-9.92	7.09534e-3	-9.91999	-6.4621e-3	-9.92	-1.41907e-3	-9.92	-4.39453e-3
-9.82	-4.76074e-3	-9.82	-7.17163e-4	-9.82	-6.46217e-3	-9.82	-9.23157e-3	-9.82	-4.39453e-3
-9.72	-0.0145264	-9.72	5.14221e-3	-9.71999	-6.46195e-3	-9.72	-3.37219e-3	-9.72	-6.34766e-3
-9.62	-4.76074e-3	-9.62	7.09534e-3	-9.62	-6.4621e-3	-9.62	-1.41907e-3	-9.62	-0.012207
-9.52	-4.76074e-3	-9.52	7.09534e-3	-9.52	-6.4621e-3	-9.52	-1.41907e-3	-9.52	-0.0141602
-9.42	-4.76074e-3	-9.42	7.09534e-3	-9.41999	-6.4621e-3	-9.42	-9.23157e-3	-9.42	-0.0141602
-9.32	-4.76074e-3	-9.32	7.09534e-3	-9.32	-6.4621e-3	-9.32	-0.0111847	-9.32	-4.39453e-3
-9.22	6.95801e-3	-9.22	7.09534e-3	-9.21999	-6.4615e-3	-9.22	-0.0111847	-9.22	-4.39453e-3
-9.12	0.0147705	-9.12	7.09534e-3	-9.12	-6.46195e-3	-9.12	-3.37219e-3	-9.12	3.41797e-3
-9.02	0.0167236	-9.02	7.09534e-3	-9.02	3.30353e-3	-9.02	-1.41907e-3	-9.02	-2.44141e-3
-8.92	7.34711e-3	-8.92	7.09534e-3	-8.91999	3.30353e-3	-8.92	-1.41907e-3	-8.92	-4.39453e-3
-8.82	5.00488e-3	-8.82	7.09534e-3	-8.82	3.30353e-3	-8.82	-0.0107956	-8.82	-4.39453e-3
-8.72	5.00488e-3	-8.72	7.48444e-3	-8.71999	3.30412e-3	-8.72	-0.0131378	-8.72	-4.39453e-3
-8.62	5.00488e-3	-8.62	0.0129547	-8.62	0.0111162	-8.62	4.44031e-3	-8.62	3.41797e-3
-8.52	5.00488e-3	-8.52	0.0149078	-8.52	5.25665e-3	-8.52	6.39343e-3	-8.52	-2.44141e-3
-8.42	5.00488e-3	-8.42	0.0149078	-8.41999	3.30278e-3	-8.42	6.39343e-3	-8.42	5.37109e-3
-8.32	5.00488e-3	-8.32	-2.67029e-3	-8.32	-6.4621e-3	-8.32	-3.37219e-3	-8.32	-0.012207
-8.22	-2.80762e-3	-8.22	-4.62341e-3	-8.21999	3.30412e-3	-8.22	-0.0111847	-8.22	-0.0141602
-8.12	3.05176e-3	-8.12	3.18909e-3	-8.12	0.0111162	-8.12	-5.32532e-3	-8.12	-6.34766e-3
-8.02	5.00488e-3	-8.02	5.14221e-3	-8.02	5.25665e-3	-8.02	-0.0111847	-8.02	-4.39453e-3
-7.92	5.00488e-3	-7.92	-2.67029e-3	-7.91999	3.30424e-3	-7.92	-0.0131378	-7.92	-4.39453e-3
-7.82	0.0143814	-7.82	4.75311e-3	-7.82	0.0126801	-7.82	-3.76129e-3	-7.82	-2.83051e-3
-7.72	0.0186768	-7.72	0.016861	-7.71999	7.20978e-3	-7.72	8.34656e-3	-7.72	-2.44141e-3
-7.62	0.0167236	-7.62	9.04846e-3	-7.62	5.25665e-3	-7.62	5.34058e-4	-7.62	-2.44141e-3
-7.52	0.0167236	-7.52	7.09534e-3	-7.52	5.25665e-3	-7.52	-1.41907e-3	-7.52	-2.44141e-3
-7.42	0.0167236	-7.42	7.09534e-3	-7.41999	-2.55525e-3	-7.42	-1.41907e-3	-7.42	-0.0102539
-7.32	0.0264893	-7.32	7.09534e-3	-7.32	3.3036e-3	-7.32	6.39343e-3	-7.32	-4.39453e-3
-7.22	0.0264893	-7.22	7.09534e-3	-7.21999	5.25665e-3	-7.22	5.34058e-4	-7.22	-2.44141e-3
-7.12	0.0264893	-7.12	-7.17163e-4	-7.12	7.21037e-3	-7.12	-1.41907e-3	-7.12	7.32422e-3
-7.02	0.0264893	-7.02	0.0149078	-7.02	0.0130692	-7.02	6.39343e-3	-7.02	7.32422e-3
-6.92	0.0264893	-6.92	0.016861	-6.91999	0.0150214	-6.92	5.34058e-4	-6.92	7.32422e-3
-6.82	0.0167236	-6.82	-2.67029e-3	-6.82	-6.0727e-3	-6.82	-0.0131378	-6.82	-4.39453e-3
-6.72	0.022583	-6.72	3.18909e-3	-6.71999	-6.02573e-4	-6.72	-5.32532e-3	-6.72	-5.95856e-3
-6.62	0.0245361	-6.62	-2.67029e-3	-6.62	1.3504e-3	-6.62	-1.41907e-3	-6.62	-6.34766e-3
-6.52	0.0167236	-6.52	-4.62341e-3	-6.52	3.30338e-3	-6.52	-3.37219e-3	-6.52	-6.34766e-3
-6.42	0.0128174	-6.42	-6.57654e-3	-6.42	-6.02722e-4	-6.42	-5.32532e-3	-6.42	-8.30078e-3
-6.32	0.0147705	-6.32	5.14221e-3	-6.31999	1.3504e-3	-6.32	-3.37219e-3	-6.32	-6.34766e-3
-6.22	0.0245361	-6.22	-4.23431e-3	-6.21999	1.3504e-3	-6.22	-0.0111847	-6.22	-0.0141602
-6.12	0.0151596	-6.12	-6.57654e-3	-6.12	-6.4621e-3	-6.12	-0.0131378	-6.12	-0.0161133
-6.02	0.0128174	-6.02	-6.57654e-3	-6.02	-8.41463e-3	-6.02	-0.0131378	-6.02	-0.0161133
-5.92	0.0206299	-5.92	1.23596e-3	-5.92	9.1629e-3	-5.92	-5.32532e-3	-5.92	-8.30078e-3
-5.82	0.0128174	-5.82	3.18909e-3	-5.81999	1.3504e-3	-5.82	-0.0131378	-5.82	-0.0161133
-5.72	0.022583	-5.72	-4.62341e-3	-5.71999	1.3504e-3	-5.72	-3.37219e-3	-5.72	-0.0239258
-5.62	0.0147705	-5.62	-6.57654e-3	-5.62	-6.4615e-3	-5.62	-0.0111847	-5.62	-0.0258789
-5.52	0.0206299	-5.52	1.23596e-3	-5.52	-6.02573e-4	-5.52	-5.32532e-3	-5.52	-0.0180664
-5.42	0.022583	-5.42	5.14221e-3	-5.42	1.3504e-3	-5.42	-3.37219e-3	-5.42	-6.34766e-3
-5.32	0.022583	-5.32	3.18909e-3	-5.31999	1.351e-3	-5.32	-3.37219e-3	-5.32	-6.34766e-3
-5.22	0.0401611	-5.22	0.0110016	-5.21999	9.16305e-3	-5.22	4.44031e-3	-5.22	1.46484e-3
-5.12	0.0245361	-5.12	0.0129547	-5.12	0.011116	-5.12	6.39343e-3	-5.12	3.41797e-3
-5.02	0.0323486	-5.02	0.0149078	-5.02	0.011116	-5.02	-2.98309e-3	-5.02	-4.39453e-3
-4.92	0.0323486	-4.92	0.0129547	-4.92	3.30353e-3	-4.92	-5.32532e-3	-4.92	5.37109e-3
-4.82	0.0339127	-4.82	0.0223312	-4.81999	0.0204935	-4.82	4.05121e-3	-4.82	0.0147476
-4.72	0.0440674	-4.72	0.0344391	-4.71999	0.0326004	-4.72	0.0278778	-4.72	0.019043
-4.62	0.0440674	-4.62	0.0266266	-4.62	0.0247879	-4.62	0.0278778	-4.62	0.0170898
-4.52	0.0440674	-4.52	0.0149078	-4.52	0.0228348	-4.52	0.0278778	-4.52	0.0170898
-4.42	0.0362549	-4.42	7.09534e-3	-4.42	0.0228348	-4.42	0.0200653	-4.42	0.0170898
-4.32	0.0421143	-4.32	0.0129547	-4.31999	0.0306474	-4.32	0.0259247	-4.32	0.0170898
-4.22	0.0343018	-4.22	0.0149078	-4.21999	0.0326017	-4.22	0.0278778	-4.22	5.37109e-3
-4.12	0.0518799	-4.12	0.0246735	-4.12	0.0423662	-4.12	0.0376434	-4.12	0.034668
-4.02	0.0460205	-4.02	0.0246735	-4.02	0.0423666	-4.02	0.0376434	-4.02	0.0366211
-3.92	0.0518799	-3.92	0.032486	-3.92	0.0540848	-3.92	0.0454559	-3.92	0.0229492
-3.82	0.0440674	-3.82	0.016861	-3.81999	0.042366	-3.82	0.0278778	-3.82	0.0170898
-3.72	0.0362549	-3.72	7.09534e-3	-3.71999	0.0247894	-3.72	0.0376434	-3.72	0.0151367
-3.62	0.053833	-3.62	0.0246735	-3.62	0.0228349	-3.62	0.0376434	-3.62	0.0268555
-3.52	0.038208	-3.52	0.016861	-3.52	0.0247879	-3.52	0.0376434	-3.52	7.32422e-3
-3.42	0.0268784	-3.42	7.09534e-3	-3.42	5.64575e-3	-3.42	0.0200653	-3.42	-0.0118179
-3.32	0.0323486	-3.32	-0.0139999	-3.31999	0.0111162	-3.32	6.39343e-3	-3.32	-6.34766e-3
-3.22	0.0264893	-3.22	-0.014389	-3.21999	5.25799e-3	-3.22	-9.23157e-3	-3.22	-0.012207
-3.12	0.0421143	-3.12	-0.014389	-3.12	-0.016227	-3.12	-0.0131378	-3.12	-6.34766e-3
-3.02	0.0440674	-3.02	-6.57654e-3	-3.02	-0.0162268	-3.02	-0.0111847	-3.02	-4.39453e-3
-2.92	0.0362549	-2.92	-0.0124359	-2.92	-0.0259933	-2.92	-0.0205612	-2.92	-0.012207
-2.82	0.0323486	-2.82	-0.014389	-2.81999	-0.0377105	-2.82	-0.0268097	-2.82	-0.0141602
-2.72	0.0358658	-2.72	-6.96564e-3	-2.71999	-0.0361466	-2.72	-0.0135269	-2.72	-0.0125961
-2.62	0.0362549	-2.62	-4.62341e-3	-2.62	-0.035756	-2.62	-0.0131378	-2.62	-2.44141e-3
-2.52	0.0733643	-2.52	7.09534e-3	-2.52	-0.0177903	-2.52	6.39343e-3	-2.52	0.0151367
-2.42	0.0733643	-2.42	5.14221e-3	-2.42	-0.0279465	-2.42	-3.37219e-3	-2.42	0.0135727
-2.32	0.0343018	-2.32	-0.0257187	-2.31999	-0.0377099	-2.32	-0.0111847	-2.32	5.37109e-3
-2.22	0.0440674	-2.22	-0.0241547	-2.21999	-0.0357574	-2.22	-5.32532e-3	-2.22	3.41797e-3
-2.12	0.0284424	-2.12	-0.0343094	-2.12	-0.0459114	-2.12	7.95746e-3	-2.12	-0.010643
-2.02	0.0147705	-2.02	-0.0436859	-2.02	-0.0474759	-2.02	-1.02997e-3	-2.02	-0.0532227
-1.92	-2.80762e-3	-1.92	-0.0534515	-1.92	-0.103729	-1.92	-0.0502472	-1.92	-0.0727539
-1.82	-4.76074e-3	-1.82	-0.0632172	-1.81999	-0.117784	-1.82	-0.0639191	-1.82	-0.0844727
-1.72	0.0128174	-1.72	-0.0358734	-1.71999	-0.0884886	-1.72	-0.0150909	-1.72	-0.074707
-1.62	6.95801e-3	-1.62	-0.0358734	-1.62	-0.0963012	-1.62	-0.0229034	-1.62	-0.0918961
-1.52	6.95801e-3	-1.52	-0.0339203	-1.52	-0.0963029	-1.52	-0.0482941	-1.52	-0.104004
-1.42	-0.0125732	-1.42	-0.0534515	-1.42	-0.125603	-1.42	-0.0639191	-1.42	-0.125877
-1.32	-0.0262451	-1.32	-0.0749359	-1.31999	-0.141228	-1.32	-0.0814972	-1.32	-0.127441
-1.22	-0.0180435	-1.22	-0.0686874	-1.21999	-0.162714	-1.22	-0.118217	-1.22	-0.11924
-1.12	1.09863e-3	-1.12	-0.0460281	-1.12	-0.139281	-1.12	-0.124466	-1.12	-0.0985336
-1.02	-6.71387e-3	-1.02	-0.0436859	-1.02	-0.149049	-1.02	-0.124855	-1.02	-0.0766602
-0.919998	-7.10297e-3	-0.919998	-0.045639	-0.919998	-0.160759	-0.919998	-0.104935	-0.919998	-0.0688477
-0.82	-8.66699e-3	-0.82	-0.0182953	-0.819992	-0.121708	-0.82	-0.0795441	-0.82	-0.0532227
-0.720001	-0.0223389	-0.720001	-0.0417328	-0.719994	-0.131479	-0.720001	-0.0971222	-0.720001	-0.0497055
-0.620003	-0.0594482	-0.620003	-0.0671234	-0.619995	-0.160776	-0.620003	-0.15181	-0.620003	-0.117287
-0.520004	-0.0184326	-0.520004	0.016861	-0.519997	-0.0732711	-0.520004	-0.0502472	-0.520004	-2.83051e-3
-0.419998	-0.0110092	-0.419998	3.18909e-3	-0.419998	-0.0298996	-0.419998	2.09808e-3	-0.419998	-0.074707
-0.32	0.0971909	-0.32	0.032486	-0.319992	-0.12172	-0.32	-0.1147	-0.32	-0.0356445
-0.220001	6.17981e-3	-0.220001	-0.0233688	-0.219994	-0.129163	-0.220001	-0.0979004	-0.220001	-0.0149384
-0.120003	0.215942	-0.120003	0.236	-0.119995	-0.366351	-0.120003	-0.488533	-0.120003	0.161621
-0.0200043	0.59446	-0.0200043	0.527802	-0.0199966	-0.758502	-0.0200043	-0.56118	-0.0200043	1.19366
0.0800018	1.10461	0.0800018	0.971939	0.0800018	0.165413	0.0800018	0.191154	0.0800018	2.49795
0.18	1.02337	0.18	0.9235	0.180008	1.80537	0.18	1.77045	0.18	3.17881
0.279999	0.467117	0.279999	0.584053	0.280006	1.56119	0.279999	2.12046	0.279999	3.21162
0.379997	0.43	0.379997	0.633659	0.380005	1.27598	0.379997	2.18647	0.379997	3.33193
0.479996	0.235085	0.479996	0.543037	0.480003	1.21621	0.479996	1.99976	0.479996	2.99326
0.580002	0.269066	0.580002	0.580917	0.580002	1.21775	0.580002	2.02943	0.580002	2.66669
0.68	-0.0153046	0.68	0.322723	0.680008	1.04198	0.68	1.76147	0.68	2.14091
0.779999	-0.0391388	0.779999	0.361389	0.780006	0.895489	0.779999	1.40756	0.779999	1.92802
0.879997	-0.0770264	0.879997	0.249672	0.880005	0.672841	0.879997	1.35092	0.879997	1.62177
0.979996	9.30023e-3	0.979996	0.321938	0.980003	0.738462	0.979996	1.35951	0.979996	1.72568
1.08	0.0905457	1.08	0.384048	1.08	0.757988	1.08	1.37241	1.08	1.83818
1.18	0.124146	1.18	0.452805	1.18001	0.829876	1.18	1.41929	1.18	1.94756
1.28	0.185081	1.28	0.474281	1.28001	0.886506	1.28	1.47007	1.28	2.02022
1.38	0.136253	1.38	0.458656	1.38	0.890812	1.38	1.54038	1.38	2.11318
1.48	0.162819	1.48	0.485222	1.48	0.987677	1.48	1.62944	1.48	2.22647
1.58	0.138206	1.58	0.44342	1.58	0.947441	1.58	1.64389	1.58	2.31474
1.68	0.155396	1.68	0.448502	1.68001	0.972054	1.68	1.68999	1.68	2.44717
1.78	0.153053	1.78	0.450455	1.78001	1.01541	1.78	1.78022	1.78	2.49365
1.88	0.120628	1.88	0.464516	1.88	1.04666	1.88	1.81342	1.88	2.56826
1.98	0.128052	1.98	0.471939	1.98	1.08338	1.98	1.83257	1.98	2.66201
2.08	0.110474	2.08	0.466469	2.08	1.0994	2.08	1.86459	2.08	2.69131
2.18	0.116722	2.18	0.489906	2.18001	1.15213	2.18	1.91108	2.18	2.74209
2.28	0.124146	2.28	0.503578	2.28001	1.20096	2.28	1.95991	2.28	2.80068
2.38	0.139381	2.38	0.524284	2.38	1.2533	2.38	2.0103	2.38	2.86475
2.48	0.136253	2.48	0.5485	2.48	1.29237	2.48	2.06889	2.48	2.94521
2.58	0.165161	2.58	0.579361	2.58	1.35135	2.58	2.12788	2.58	3.0292
2.68	0.157349	2.68	0.583267	2.68001	1.37283	2.68	2.16499	2.68	3.0956
2.78	0.139771	2.78	0.573891	2.78001	1.38416	2.78	2.20757	2.78	3.146
2.88	0.144066	2.88	0.59108	2.88	1.40994	2.88	2.24506	2.88	3.22256
2.98	0.135864	2.98	0.593422	2.98	1.41541	2.98	2.2896	2.98	3.26748
3.08	0.135864	3.08	0.608658	3.08	1.44705	3.08	2.33491	3.08	3.32178
3.18	0.135864	3.18	0.639908	3.18001	1.48963	3.18	2.37592	3.18	3.3749
3.28	0.126099	3.28	0.648109	3.28001	1.52088	3.28	2.4146	3.28	3.41357
3.38	0.126099	3.38	0.669205	3.38	1.55838	3.38	2.45366	3.38	3.48193
3.48	0.141724	3.48	0.696548	3.48	1.5951	3.48	2.50092	3.48	3.53115
3.58	0.147583	3.58	0.702408	3.58	1.61854	3.58	2.5435	3.58	3.57373
3.68	0.147583	3.68	0.727798	3.68001	1.6658	3.68	2.58452	3.68	3.63857
3.78	0.147583	3.78	0.737953	3.78001	1.68885	3.78	2.63374	3.78	3.67529
3.88	0.146019	3.88	0.759048	3.88	1.72596	3.88	2.67046	3.88	3.73975
3.98	0.153442	3.98	0.768814	3.98	1.75565	3.98	2.70366	3.98	3.79092
4.08	0.155396	4.08	0.788345	4.08	1.79237	4.08	2.75092	4.08	3.83154
4.18	0.153442	4.18	0.788734	4.18001	1.81776	4.18	2.78178	4.18	3.88076
4.28	0.165161	4.28	0.807877	4.28001	1.84705	4.28	2.82085	4.28	3.93701
4.38	0.165161	4.38	0.83522	4.38	1.88612	4.38	2.87006	4.38	3.99756
4.48	0.172974	4.48	0.839127	4.48	1.89822	4.48	2.90874	4.48	4.04053
4.58	0.172974	4.58	0.856705	4.58	1.92323	4.58	2.95757	4.58	4.08779
4.68	0.167114	4.68	0.876625	4.68001	1.94862	4.68	2.97514	4.68	4.13037
4.78	0.171021	4.78	0.876236	4.78001	1.97401	4.78	3.01811	4.78	4.17139
4.88	0.186646	4.88	0.907486	4.88	2.0076	4.88	3.07085	4.88	4.22998
4.98	0.184692	4.98	0.925064	4.98	2.02479	4.98	3.09272	4.98	4.26943
5.08	0.186646	5.08	0.940689	5.08	2.06776	5.08	3.13139	5.08	4.31201
5.18	0.184692	5.18	0.948502	5.18001	2.07752	5.18	3.16264	5.18	4.35107
5.28	0.204224	5.28	0.968033	5.28001	2.11463	5.28	3.20952	5.28	4.3999
5.38	0.188599	5.38	0.977798	5.38	2.13026	5.38	3.23296	5.38	4.43154
5.48	0.194458	5.48	0.999672	5.48	2.16385	5.48	3.27827	5.48	4.47803
5.58	0.184692	5.58	1.0071	5.58	2.18494	5.58	3.30913	5.58	4.52881
5.68	0.196411	5.68	1.03639	5.68001	2.21619	5.68	3.35014	5.68	4.57178
5.78	0.194458	5.78	1.03835	5.78001	2.23573	5.78	3.37163	5.78	4.59951
5.88	0.196411	5.88	1.05006	5.88	2.25916	5.88	3.41069	5.88	4.63037
5.98	0.194458	5.98	1.05788	5.98	2.27479	5.98	3.43999	5.98	4.67725
6.08	0.194458	6.08	1.07741	6.08	2.30604	6.08	3.46967	6.08	4.72021
6.18	0.186646	6.18	1.08717	6.18001	2.32752	6.18	3.50053	6.18	4.75146
6.28	0.186646	6.28	1.11061	6.28001	2.34744	6.28	3.53178	6.28	4.79053
6.38	0.184692	6.38	1.12624	6.38	2.3744	6.38	3.55913	6.38	4.82021
6.48	0.175316	6.48	1.12701	6.48	2.38455	6.48	3.57905	6.48	4.84756
6.58	0.184692	6.58	1.14577	6.58	2.41541	6.58	3.61967	6.58	4.89014
6.68	0.184692	6.68	1.1653	6.68001	2.43494	6.68	3.64897	6.68	4.91943
6.78	0.186646	6.78	1.17897	6.78001	2.45643	6.78	3.67241	6.78	4.96045
6.88	0.184692	6.88	1.18678	6.88	2.48377	6.88	3.70952	6.88	4.99014
6.98	0.186646	6.98	1.1985	6.98	2.50721	6.98	3.74116	6.98	5.02881
7.08	0.17688	7.08	1.20827	7.08	2.51893	7.08	3.74272	7.08	5.05225
7.18	0.184692	7.18	1.2278	7.18001	2.53494	7.18	3.78764	7.18	5.09717
7.28	0.17688	7.28	1.23756	7.28001	2.55409	7.28	3.81108	7.28	5.13037
7.38	0.184692	7.38	1.2571	7.38	2.58534	7.38	3.84038	7.38	5.16982
7.48	0.186646	7.48	1.27077	7.48	2.59705	7.48	3.87163	7.48	5.2085
7.58	0.184692	7.58	1.27663	7.58	2.62244	7.58	3.88921	7.58	5.23779
7.68	0.186646	7.68	1.28873	7.68001	2.64588	7.68	3.92241	7.68	5.26123
7.78	0.192505	7.78	1.30397	7.78001	2.66346	7.78	3.93842	7.78	5.28857
7.88	0.196411	7.88	1.31764	7.88	2.6869	7.88	3.97124	7.88	5.32178
7.98	0.185081	7.98	1.31608	7.98	2.69315	7.98	3.97944	7.98	5.34951
8.08	0.184692	8.08	1.33717	8.08	2.72596	8.08	4.00835	8.08	5.38662
8.18	0.17688	8.18	1.34694	8.18001	2.73573	8.18	4.03178	8.18	5.40967
8.28	0.192505	8.28	1.36452	8.28001	2.76502	8.28	4.07671	8.28	5.44678
8.38	0.196411	8.38	1.37819	8.38	2.77869	8.38	4.1021	8.38	5.47998
8.48	0.194458	8.48	1.39577	8.48	2.80409	8.48	4.11967	8.48	5.50732
8.58	0.196411	8.58	1.39967	8.58	2.81619	8.58	4.14116	8.58	5.54053
8.68	0.202271	8.68	1.4153	8.68001	2.83143	8.68	4.17827	8.68	5.56787
8.78	0.206177	8.78	1.42702	8.78001	2.86463	8.78	4.19038	8.78	5.5917
8.88	0.204224	8.88	1.4446	8.88	2.88221	8.88	4.21928	8.88	5.62451
8.98	0.206177	8.98	1.4485	8.98	2.90369	8.98	4.24858	8.98	5.64795
9.08	0.204224	9.08	1.46608	9.08	2.91346	9.08	4.26811	9.08	5.67725
9.18	0.206177	9.18	1.4778	9.18001	2.93494	9.18	4.2896	9.18	5.7085
9.28	0.196411	9.28	1.47975	9.28001	2.94666	9.28	4.31108	9.28	5.72998
9.38	0.204224	9.38	1.49538	9.38	2.97205	9.38	4.33647	9.38	5.76709
9.48	0.204224	9.48	1.5071	9.48	2.97791	9.48	4.3521	9.48	5.78076
9.58	0.213989	9.58	1.51881	9.58	3.01307	9.58	4.38725	9.58	5.80811
9.68	0.204613	9.68	1.52702	9.68001	3.01541	9.68	4.40717	9.68	5.82841
9.78	0.213989	9.78	1.55592	9.78001	3.04237	9.78	4.43999	9.78	5.87451
9.88	0.215942	9.88	1.55983	9.88	3.05799	9.88	4.46928	9.88	5.89795
9.98	0.213989	9.98	1.56569	9.98	3.07362	9.98	4.47905	9.98	5.92725
10.08	0.215942	10.08	1.58717	10.08	3.0951	10.08	4.5103	10.08	5.95654
10.18	0.221802	10.18	1.59694	10.18	3.11463	10.18	4.53764	10.18	5.98779
10.28	0.225708	10.28	1.61842	10.28	3.13612	10.28	4.55132	10.28	6.01904
10.38	0.215942	10.38	1.61842	10.38	3.14588	10.38	4.56303	10.38	6.03076
10.48	0.223755	10.48	1.636	10.48	3.17322	10.48	4.59819	10.48	6.06787
10.58	0.215942	10.58	1.64772	10.58	3.17713	10.58	4.60991	10.58	6.0874
10.68	0.225319	10.68	1.65749	10.68	3.19666	10.68	4.64116	10.68	6.12061
10.78	0.225708	10.78	1.66725	10.78	3.21424	10.78	4.65913	10.78	6.13818
10.88	0.227661	10.88	1.68874	10.88	3.23573	10.88	4.67827	10.88	6.16943
10.98	0.235474	10.98	1.69694	10.98	3.25526	10.98	4.70952	10.98	6.19717
11.08	0.226097	11.08	1.70475	11.08	3.26541	11.08	4.71772	11.08	6.22451
11.18	0.243286	11.18	1.72389	11.18	3.29432	11.18	4.74858	11.18	6.25732
11.28	0.237427	11.28	1.72585	11.28	3.30604	11.28	4.77007	11.28	6.26904
11.38	0.237427	11.38	1.73756	11.38	3.32557	11.38	4.7896	11.38	6.29053
11.48	0.225708	11.48	1.75514	11.48	3.33338	11.48	4.80913	11.48	6.32568
11.58	0.235474	11.58	1.76686	11.58	3.34744	11.58	4.82866	11.58	6.34912
11.68	0.227661	11.68	1.76686	11.68	3.35487	11.68	4.83257	11.68	6.36084
11.78	0.235474	11.78	1.78444	11.78	3.37244	11.78	4.86772	11.78	6.38818
11.88	0.235474	11.88	1.79616	11.88	3.38416	11.88	4.87163	11.88	6.40771
11.98	0.237427	11.98	1.80592	11.98	3.40565	11.98	4.89116	11.98	6.43115
12.08	0.235474	12.08	1.80788	12.08	3.41346	12.08	4.9185	12.08	6.44717
12.18	0.237427	12.18	1.81764	12.18	3.43494	12.18	4.93217	12.18	6.47803
12.28	0.23391	12.28	1.81608	12.28	3.43533	12.28	4.93842	12.28	6.48818
12.38	0.243286	12.38	1.84303	12.38	3.46033	12.38	4.96733	12.38	6.52295
12.48	0.225708	12.48	1.84499	12.48	3.46229	12.48	4.981	12.48	6.52881
12.58	0.241333	12.58	1.86256	12.58	3.49158	12.58	5.00639	12.58	6.55615
12.68	0.235474	12.68	1.86452	12.68	3.5033	12.68	5.01811	12.68	6.57568
12.78	0.237427	12.78	1.87819	12.78	3.50721	12.78	5.03217	12.78	6.60107
12.88	0.243286	12.88	1.886	12.88	3.52284	12.88	5.05717	12.88	6.60889
12.98	0.247192	12.98	1.90749	12.98	3.54627	12.98	5.07866	12.98	6.63818
13.08	0.237427	13.08	1.90749	13.08	3.54627	13.08	5.08257	13.08	6.65186
13.18	0.253052	13.18	1.92506	13.18	3.57362	13.18	5.10796	13.18	6.66943
13.28	0.247192	13.28	1.92702	13.28	3.58533	13.28	5.12163	13.28	6.68896
13.38	0.237427	13.38	1.93678	13.38	3.5951	13.38	5.13921	13.38	6.71084
13.48	0.235474	13.48	1.94655	13.48	3.61463	13.48	5.15874	13.48	6.73584
13.58	0.245239	13.58	1.95827	13.58	3.62635	13.58	5.18022	13.58	6.74951
13.68	0.245239	13.68	1.96608	13.68	3.64393	13.68	5.18999	13.68	6.7749
13.78	0.245628	13.78	1.97623	13.78	3.65604	13.78	5.21772	13.78	6.78896
13.88	0.243286	13.88	1.98366	13.88	3.66151	13.88	5.23686	13.88	6.81396
13.98	0.254616	13.98	1.99538	13.98	3.68299	13.98	5.25835	13.98	6.8374
14.08	0.247192	14.08	1.99538	14.08	3.68494	14.08	5.2603	14.08	6.84717
14.18	0.255005	14.18	2.01295	14.18	3.71229	14.18	5.28569	14.18	6.87646
14.28	0.255005	14.28	2.01491	14.28	3.72401	14.28	5.29936	14.28	6.896
14.38	0.256958	14.38	2.02663	14.38	3.73377	14.38	5.31108	14.38	6.90967
14.48	0.255005	14.48	2.03444	14.48	3.75135	14.48	5.32671	14.48	6.93506
14.58	0.266724	14.58	2.05592	14.58	3.76698	14.58	5.35014	14.58	6.95068
14.68	0.249146	14.68	2.05788	14.68	3.77674	14.68	5.36186	14.68	6.97021
14.78	0.256958	14.78	2.07545	14.78	3.79432	14.78	5.38139	14.78	7.00732
14.88	0.249146	14.88	2.07741	14.88	3.80604	14.88	5.39116	14.88	7.01123
14.98	0.264771	14.98	2.09499	14.98	3.83338	14.98	5.4185	14.98	7.04834
15.08	0.257347	15.08	2.09538	15.08	3.83572	15.08	5.43061	15.08	7.05068
15.18	0.264771	15.18	2.11452	15.18	3.86268	15.18	5.43999	15.18	7.08545
15.28	0.264771	15.28	2.11647	15.28	3.86463	15.28	5.44975	15.28	7.09717
15.38	0.266724	15.38	2.12624	15.38	3.8744	15.38	5.47905	15.38	7.11904
15.48	0.272583	15.48	2.13405	15.48	3.89198	15.48	5.48686	15.48	7.13428
15.58	0.276489	15.58	2.15514	15.58	3.90369	15.58	5.5103	15.58	7.15771
15.68	0.274536	15.68	2.1653	15.68	3.92323	15.68	5.52788	15.68	7.17529
15.78	0.276489	15.78	2.17702	15.78	3.93494	15.78	5.53999	15.78	7.19873
15.88	0.282349	15.88	2.18483	15.88	3.95252	15.88	5.55522	15.88	7.21436
15.98	0.276489	15.98	2.18874	15.98	3.95448	15.98	5.56889	15.98	7.23779
16.08	0.284302	16.08	2.1985	16.08	3.98182	16.08	5.58842	16.08	7.24951
16.18	0.284302	16.18	2.20631	16.18	3.98377	16.18	5.606	16.18	7.2749
16.28	0.288208	16.28	2.21999	16.28	4.01502	16.28	5.61967	16.28	7.29834
16.38	0.286255	16.38	2.2278	16.38	4.02479	16.38	5.63725	16.38	7.31982
16.48	0.286644	16.48	2.23795	16.48	4.03494	16.48	5.65131	16.48	7.33779
16.58	0.293678	16.58	2.24538	16.58	4.05213	16.58	5.66655	16.58	7.35498
16.68	0.297974	16.68	2.2571	16.68	4.06385	16.68	5.68803	16.68	7.38037
16.78	0.296021	16.78	2.27272	16.78	4.08338	16.78	5.70561	16.78	7.396
16.88	0.305786	16.88	2.27663	16.88	4.0951	16.88	5.71928	16.88	7.41748
16.98	0.305786	16.98	2.29616	16.98	4.11268	16.98	5.73686	16.98	7.43701
17.08	0.307739	17.08	2.30788	17.08	4.1244	17.08	5.75835	17.08	7.4585
17.18	0.305786	17.18	2.30788	17.18	4.13416	17.18	5.76811	17.18	7.46826
17.28	0.315552	17.28	2.31569	17.28	4.15174	17.28	5.79546	17.28	7.49756
17.38	0.307739	17.38	2.31764	17.38	4.15369	17.38	5.79155	17.38	7.50928
17.48	0.323364	17.48	2.34303	17.48	4.18299	17.48	5.81694	17.48	7.53662
17.58	0.317505	17.58	2.34694	17.58	4.18494	17.58	5.82866	17.58	7.53896
17.68	0.325317	17.68	2.36452	17.68	4.21229	17.68	5.856	17.68	7.56396
17.78	0.313599	17.78	2.36842	17.78	4.21424	17.78	5.86967	17.78	7.57568
17.88	0.325317	17.88	2.38795	17.88	4.23377	17.88	5.88921	17.88	7.59912
17.98	0.317505	17.98	2.39772	17.98	4.24744	17.98	5.90092	17.98	7.61865
18.08	0.33313	18.08	2.41725	18.08	4.26502	18.08	5.92827	18.08	7.646
18.18	0.325706	18.18	2.41764	18.18	4.26541	18.18	5.93842	18.18	7.65029
18.28	0.33313	18.28	2.42506	18.28	4.2826	18.28	5.95757	18.28	7.67529
18.38	0.33313	18.38	2.42702	18.38	4.29432	18.38	5.96928	18.38	7.69678
18.48	0.33313	18.48	2.43483	18.48	4.30213	18.48	5.98686	18.48	7.71436
18.58	0.335083	18.58	2.45436	18.58	4.32557	18.58	6.00835	18.58	7.72998
18.68	0.325317	18.68	2.45827	18.68	4.32557	18.68	6.00835	18.68	7.73779
18.78	0.340942	18.78	2.47585	18.78	4.34315	18.78	6.03764	18.78	7.76514
18.88	0.335083	18.88	2.4778	18.88	4.36268	18.88	6.04936	18.88	7.76904
18.98	0.342896	18.98	2.48561	18.98	4.38221	18.98	6.06694	18.98	7.79639
19.08	0.34446	19.08	2.48756	19.08	4.38416	19.08	6.07866	19.08	7.81787
19.18	0.354614	19.18	2.50514	19.18	4.41151	19.18	6.106	19.18	7.84521
19.28	0.346802	19.28	2.51491	19.28	4.41541	19.28	6.10991	19.28	7.84912
19.38	0.362427	19.38	2.53444	19.38	4.43299	19.38	6.12944	19.38	7.87646
19.48	0.356567	19.48	2.53639	19.48	4.43494	19.48	6.13921	19.48	7.88818
19.58	0.362427	19.58	2.5442	19.58	4.45252	19.58	6.14702	19.58	7.90576
19.68	0.374146	19.68	2.55397	19.68	4.47205	19.68	6.17632	19.68	7.92725
19.78	0.364769	19.78	2.55631	19.78	4.47244	19.78	6.17866	19.78	7.9374
19.88	0.362427	19.88	2.57155	19.88	4.47987	19.88	6.19585	19.88	7.95459
19.98	0.36438	19.98	2.58717	19.98	4.49549	19.98	6.21928	19.98	7.97021
20.08	0.36438	20.08	2.59499	20.08	4.51307	20.08	6.2271	20.08	7.98584
20.18	0.366333	20.18	2.6067	20.18	4.52479	20.18	6.24077	20.18	8.00928
20.28	0.381958	20.28	2.60475	20.28	4.5326	20.28	6.25835	20.28	8.02686
20.38	0.376099	20.38	2.6067	20.38	4.54432	20.38	6.2603	20.38	8.0292
20.48	0.383911	20.48	2.6321	20.48	4.5619	20.48	6.28764	20.48	8.0542
20.58	0.383911	20.58	2.636	20.58	4.5658	20.58	6.29936	20.58	8.06787
20.68	0.393677	20.68	2.65553	20.68	4.58338	20.68	6.31694	20.68	8.10498
20.78	0.385864	20.78	2.64772	20.78	4.5951	20.78	6.33061	20.78	8.10889
20.88	0.391724	20.88	2.65553	20.88	4.60291	20.88	6.33842	20.88	8.12451
20.98	0.39563	20.98	2.66725	20.98	4.61463	20.98	6.35991	20.98	8.13818
21.08	0.383911	21.08	2.67506	21.08	4.62244	21.08	6.36772	21.08	8.14795
21.18	0.383911	21.18	2.67702	21.18	4.63416	21.18	6.37944	21.18	8.15771
21.28	0.393677	21.28	2.70241	21.28	4.65369	21.28	6.38921	21.28	8.18506
21.38	0.3843	21.38	2.70475	21.38	4.65408	21.38	6.39936	21.38	8.19521
21.48	0.381958	21.48	2.70241	21.48	4.66151	21.48	6.40678	21.48	8.20654
21.58	0.399536	21.58	2.72194	21.58	4.68885	21.58	6.43608	21.58	8.23389
21.68	0.393677	21.68	2.72585	21.68	4.70252	21.68	6.43803	21.68	8.23779
21.78	0.401489	21.78	2.74342	21.78	4.7201	21.78	6.46538	21.78	8.26318
21.88	0.393677	21.88	2.73561	21.88	4.72205	21.88	6.46733	21.88	8.26709
21.98	0.4011	21.98	2.74342	21.98	4.73182	21.98	6.48686	21.98	8.28467
22.08	0.39563	22.08	2.74538	22.08	4.73377	22.08	6.48882	22.08	8.28857
22.18	0.405396	22.18	2.76491	22.18	4.7533	22.18	6.51811	22.18	8.31592
22.28	0.405396	22.28	2.76686	22.28	4.7744	22.28	6.51225	22.28	8.32959
22.38	0.415161	22.38	2.77467	22.38	4.79432	22.38	6.53764	22.38	8.33936
22.48	0.415161	22.48	2.79382	22.48	4.79471	22.48	6.54936	22.48	8.35693
22.58	0.407349	22.58	2.79811	22.58	4.79432	22.58	6.56108	22.58	8.36865
22.68	0.413208	22.68	2.79616	22.68	4.81346	22.68	6.56889	22.68	8.38623
22.78	0.417114	22.78	2.80788	22.78	4.82752	22.78	6.59038	22.78	8.39014
22.88	0.415161	22.88	2.81764	22.88	4.8451	22.88	6.59819	22.88	8.40771
22.98	0.424927	22.98	2.82936	22.98	4.85682	22.98	6.62163	22.98	8.4292
23.08	0.424927	23.08	2.83717	23.08	4.86463	23.08	6.62163	23.08	8.43896
23.18	0.42688	23.18	2.84694	23.18	4.87635	23.18	6.63139	23.18	8.4585
23.28	0.432739	23.28	2.8567	23.28	4.88416	23.28	6.64897	23.28	8.46826
23.38	0.434692	23.38	2.86647	23.38	4.89393	23.38	6.65874	23.38	8.48779
23.48	0.435081	23.48	2.87663	23.48	4.91385	23.48	6.67866	23.48	8.50771
23.58	0.432739	23.58	2.87428	23.58	4.92323	23.58	6.68608	23.58	8.5249
23.68	0.440552	23.68	2.88405	23.68	4.93299	23.68	6.6978	23.68	8.53701
23.78	0.444458	23.78	2.89577	23.78	4.94471	23.78	6.71928	23.78	8.54639
23.88	0.442505	23.88	2.91335	23.88	4.95252	23.88	6.7271	23.88	8.56396
23.98	0.444458	23.98	2.91725	23.98	4.97401	23.98	6.74858	23.98	8.57764
24.08	0.450317	24.08	2.92506	24.08	4.98182	24.08	6.75639	24.08	8.5835
24.18	0.444458	24.18	2.92702	24.18	4.97401	24.18	6.75835	24.18	8.59521
24.28	0.454224	24.28	2.93678	24.28	5.0033	24.28	6.7896	24.28	8.62646
24.38	0.446411	24.38	2.93874	24.38	5.00721	24.38	6.79155	24.38	8.63818
24.48	0.452271	24.48	2.94655	24.48	5.02479	24.48	6.80913	24.48	8.63818
24.58	0.446411	24.58	2.93874	24.58	5.02674	24.58	6.81108	24.58	8.64795
24.68	0.454224	24.68	2.96413	24.68	5.04432	24.68	6.82866	24.68	8.67725
24.78	0.455788	24.78	2.96803	24.78	5.04627	24.78	6.84233	24.78	8.68896
24.88	0.456177	24.88	2.97585	24.88	5.0619	24.88	6.85014	24.88	8.69678
24.98	0.45813	24.98	2.9778	24.98	5.07752	24.98	6.86186	24.98	8.71045
25.08	0.456177	25.08	2.98756	25.08	5.08533	25.08	6.87944	25.08	8.72607
25.18	0.464378	25.18	2.99772	25.18	5.09549	25.18	6.8896	25.18	8.73818
25.28	0.463989	25.28	3.00319	25.28	5.09315	25.28	6.89702	25.28	8.75537
25.38	0.473755	25.38	3.02467	25.38	5.11268	25.38	6.91655	25.38	8.78467
25.48	0.465942	25.48	3.02663	25.48	5.1244	25.48	6.93022	25.48	8.78857
25.58	0.471802	25.58	3.02467	25.58	5.12244	25.58	6.93022	25.58	8.79443
25.68	0.475708	25.68	3.03639	25.68	5.14393	25.68	6.93999	25.68	8.81787
25.78	0.463989	25.78	3.0442	25.78	5.15955	25.78	6.95757	25.78	8.83545
25.88	0.463989	25.88	3.03639	25.88	5.15369	25.88	6.95952	25.88	8.82959
25.98	0.473755	25.98	3.06178	25.98	5.17322	25.98	6.9771	25.98	8.85498
26.08	0.465942	26.08	3.06569	26.08	5.17518	26.08	6.99077	26.08	8.8667
26.18	0.471802	26.18	3.06374	26.18	5.18299	26.18	6.99858	26.18	8.88623
26.28	0.475708	26.28	3.07545	26.28	5.19471	26.28	7.0103	26.28	8.89795
26.38	0.473755	26.38	3.08522	26.38	5.20252	26.38	7.02788	26.38	8.90771
26.48	0.465942	26.48	3.07741	26.48	5.21229	26.48	7.02983	26.48	8.91748
26.58	0.481567	26.58	3.1028	26.58	5.23182	26.58	7.04741	26.58	8.94678
26.68	0.483521	26.68	3.11452	26.68	5.24158	26.68	7.06889	26.68	8.95654
26.78	0.483521	26.78	3.1067	26.78	5.24549	26.78	7.07085	26.78	8.96045
26.88	0.483521	26.88	3.11452	26.88	5.2533	26.88	7.07866	26.88	8.97607
26.98	0.485863	26.98	3.12663	26.98	5.26541	26.98	7.09077	26.98	8.99795
27.08	0.491333	27.08	3.12428	27.08	5.27283	27.08	7.09819	27.08	9.00537
27.18	0.493286	27.18	3.13405	27.18	5.2826	27.18	7.10796	27.18	9.02686
27.28	0.495239	27.28	3.14381	27.28	5.29432	27.28	7.12944	27.28	9.03857
27.38	0.493286	27.38	3.15358	27.38	5.29237	27.38	7.13725	27.38	9.04678
27.48	0.49485	27.48	3.15553	27.48	5.30213	27.48	7.14116	27.48	9.04639
27.58	0.505005	27.58	3.16335	27.58	5.32166	27.58	7.1685	27.58	9.07373
27.68	0.497192	27.68	3.16725	27.68	5.32557	27.68	7.17046	27.68	9.07764
27.78	0.503052	27.78	3.1653	27.78	5.33338	27.78	7.17827	27.78	9.09521
27.88	0.506958	27.88	3.18639	27.88	5.3451	27.88	7.18999	27.88	9.1167
27.98	0.505005	27.98	3.18678	27.98	5.35291	27.98	7.1978	27.98	9.12451
28.08	0.505005	28.08	3.19655	28.08	5.36268	28.08	7.21928	28.08	9.14404
28.18	0.505005	28.18	3.1985	28.18	5.3744	28.18	7.231	28.18	9.15967
28.28	0.505005	28.28	3.20631	28.28	5.39002	28.28	7.23882	28.28	9.16553
28.38	0.497192	28.38	3.20827	28.38	5.38416	28.38	7.24077	28.38	9.17725
28.48	0.512817	28.48	3.22389	28.48	5.40174	28.48	7.25835	28.48	9.20459
28.58	0.514771	28.58	3.23561	28.58	5.41151	28.58	7.26811	28.58	9.20654
28.68	0.506958	28.68	3.2278	28.68	5.41541	28.68	7.27983	28.68	9.21826
28.78	0.522583	28.78	3.24538	28.78	5.4408	28.78	7.29936	28.78	9.24561
28.88	0.516724	28.88	3.24733	28.88	5.44471	28.88	7.30132	28.88	9.24756
28.98	0.514771	28.98	3.25319	28.98	5.45252	28.98	7.30913	28.98	9.26514
29.08	0.532349	29.08	3.27663	29.08	5.46229	29.08	7.32866	29.08	9.28467
29.18	0.524925	29.18	3.26725	29.18	5.46268	29.18	7.32905	29.18	9.29678
29.28	0.522583	29.28	3.27467	29.28	5.4701	29.28	7.33647	29.28	9.3042
29.38	0.522583	29.38	3.26686	29.38	5.47205	29.38	7.33842	29.38	9.30811
29.48	0.534302	29.48	3.28639	29.48	5.50096	29.48	7.35796	29.48	9.32568
29.58	0.526489	29.58	3.28835	29.58	5.49549	29.58	7.35991	29.58	9.3374
29.68	0.532349	29.68	3.28639	29.68	5.50526	29.68	7.36967	29.68	9.34521
29.78	0.526489	29.78	3.29616	29.78	5.50721	29.78	7.38139	29.78	9.34912
29.88	0.534302	29.88	3.30592	29.88	5.52479	29.88	7.39897	29.88	9.37646
29.98	0.534302	29.98	3.30788	29.98	5.51698	29.98	7.40092	29.98	9.37842
30.08	0.534302	30.08	3.30592	30.08	5.5326	30.08	7.40874	30.08	9.396
30.18	0.534302	30.18	3.31569	30.18	5.54432	30.18	7.4185	30.18	9.40576
30.28	0.536255	30.28	3.32545	30.28	5.55604	30.28	7.43022	30.28	9.42725
30.38	0.543678	30.38	3.33522	30.38	5.56385	30.38	7.43999	30.38	9.43701
30.48	0.528442	30.48	3.33717	30.48	5.5658	30.48	7.44194	30.48	9.43896
30.58	0.526489	30.58	3.33522	30.58	5.57557	30.58	7.44975	30.58	9.45654
30.68	0.544067	30.68	3.3567	30.68	5.58533	30.68	7.46928	30.68	9.47607
30.78	0.538208	30.78	3.34889	30.78	5.58729	30.78	7.47124	30.78	9.47998
30.88	0.536255	30.88	3.36452	30.88	5.60291	30.88	7.47905	30.88	9.49756
30.98	0.544456	30.98	3.36686	30.98	5.60526	30.98	7.49897	30.98	9.50771
31.08	0.544067	31.08	3.37428	31.08	5.61268	31.08	7.50835	31.08	9.5249
31.18	0.536255	31.18	3.37428	31.18	5.61463	31.18	7.50053	31.18	9.52686
31.28	0.544067	31.28	3.39381	31.28	5.63221	31.28	7.51811	31.28	9.5542
31.38	0.55188	31.38	3.40358	31.38	5.63221	31.38	7.53764	31.38	9.56396
31.48	0.555786	31.48	3.40553	31.48	5.65174	31.48	7.54936	31.48	9.57764
31.58	0.553833	31.58	3.42116	31.58	5.66151	31.58	7.56499	31.58	9.59521
31.68	0.553833	31.68	3.4153	31.68	5.66346	31.68	7.56889	31.68	9.59717
31.78	0.563599	31.78	3.43288	31.78	5.67127	31.78	7.58647	31.78	9.6167
31.88	0.555786	31.88	3.42506	31.88	5.67518	31.88	7.58842	31.88	9.6167
31.98	0.561646	31.98	3.43288	31.98	5.68299	31.98	7.59819	31.98	9.63428
32.08	0.567505	32.08	3.44616	32.08	5.70448	32.08	7.61186	32.08	9.6499
32.18	0.565552	32.18	3.45827	32.18	5.70447	32.18	7.61967	32.18	9.66748
32.28	0.565552	32.28	3.45045	32.28	5.70643	32.28	7.62163	32.28	9.66943
32.38	0.575317	32.38	3.45827	32.38	5.72401	32.38	7.63921	32.38	9.68701
32.48	0.575317	32.48	3.47585	32.48	5.73377	32.48	7.64897	32.48	9.70654
32.58	0.565552	32.58	3.46999	32.58	5.74354	32.58	7.65092	32.58	9.7085
32.68	0.585083	32.68	3.48756	32.68	5.7533	32.68	7.6685	32.68	9.73779
32.78	0.565941	32.78	3.486	32.78	5.75369	32.78	7.67085	32.78	9.73818
32.88	0.563599	32.88	3.49538	32.88	5.76307	32.88	7.67827	32.88	9.75537
32.98	0.573364	32.98	3.50514	32.98	5.7826	32.98	7.6978	32.98	9.7749
33.08	0.574928	33.08	3.51491	33.08	5.77479	33.08	7.69975	33.08	9.77686
33.18	0.585083	33.18	3.52467	33.18	5.80018	33.18	7.71733	33.18	9.79443
33.28	0.585083	33.28	3.52663	33.28	5.80408	33.28	7.71928	33.28	9.80811
33.38	0.585083	33.38	3.52467	33.38	5.80213	33.38	7.73491	33.38	9.81592
33.48	0.594849	33.48	3.55202	33.48	5.82166	33.48	7.75639	33.48	9.83545
33.58	0.587036	33.58	3.54616	33.58	5.83143	33.58	7.7603	33.58	9.84717
33.68	0.602661	33.68	3.56374	33.68	5.85096	33.68	7.76811	33.68	9.86475
33.78	0.596802	33.78	3.56764	33.78	5.85291	33.78	7.77007	33.78	9.87646
33.88	0.594849	33.88	3.5735	33.88	5.85096	33.88	7.78764	33.88	9.88623
33.98	0.604614	33.98	3.57741	33.98	5.86463	33.98	7.79936	33.98	9.89795
34.08	0.604614	34.08	3.58522	34.08	5.87244	34.08	7.80717	34.08	9.90576
34.18	0.596802	34.18	3.58522	34.18	5.86463	34.18	7.80913	34.18	9.91748
34.28	0.612427	34.28	3.60475	34.28	5.88221	34.28	7.82671	34.28	9.93506
34.38	0.61438	34.38	3.60475	34.38	5.89197	34.38	7.83452	34.38	9.94482
34.48	0.596802	34.48	3.61452	34.48	5.90331	34.48	7.83842	34.48	9.94678
34.58	0.61438	34.58	3.62624	34.58	5.91541	34.58	7.85991	34.58	9.96826
34.68	0.608521	34.68	3.62819	34.68	5.91737	34.68	7.86186	34.68	9.97998
34.78	0.606567	34.78	3.62624	34.78	5.92518	34.78	7.86967	34.78	9.98779
34.88	0.624146	34.88	3.65358	34.88	5.93494	34.88	7.88921	34.88	10.0073
34.98	0.616722	34.98	3.64616	34.98	5.94315	34.98	7.8896	34.98	10.0077
35.08	0.61438	35.08	3.64381	35.08	5.95252	35.08	7.89702	35.08	10.0151
35.18	0.61438	35.18	3.64577	35.18	5.94471	35.18	7.90678	35.18	10.0288
35.28	0.624146	35.28	3.65358	35.28	5.96424	35.28	7.92632	35.28	10.0366
35.38	0.62571	35.38	3.66491	35.38	5.96619	35.38	7.93022	35.38	10.0483
35.48	0.626099	35.48	3.6653	35.48	5.97401	35.48	7.93803	35.48	10.0562
35.58	0.628052	35.58	3.67702	35.58	5.98377	35.58	7.94975	35.58	10.0679
35.68	0.626099	35.68	3.67506	35.68	5.99354	35.68	7.95757	35.68	10.0757
35.78	0.624146	35.78	3.6946	35.78	6.0033	35.78	7.95757	35.78	10.0854
35.88	0.628052	35.88	3.6985	35.88	6.00526	35.88	7.96928	35.88	10.0972
35.98	0.633911	35.98	3.69655	35.98	6.01307	35.98	7.9771	35.98	10.105
36.08	0.637817	36.08	3.70827	36.08	6.0326	36.08	7.98882	36.08	10.1187
36.18	0.635864	36.18	3.71413	36.18	6.04237	36.18	7.99663	36.18	10.1362
36.28	0.628052	36.28	3.71803	36.28	6.03455	36.28	8.00835	36.28	10.1382
36.38	0.643677	36.38	3.72585	36.38	6.05408	36.38	8.02788	36.38	10.1558
36.48	0.637817	36.48	3.7278	36.48	6.05604	36.48	8.02983	36.48	10.1577
36.58	0.635864	36.58	3.73366	36.58	6.05408	36.58	8.03764	36.58	10.1655
36.68	0.643677	36.68	3.74538	36.68	6.06385	36.68	8.04741	36.68	10.187
36.78	0.655396	36.78	3.75514	36.78	6.08143	36.78	8.06694	36.78	10.1968
36.88	0.646019	36.88	3.76334	36.88	6.08377	36.88	8.05756	36.88	10.2069
36.98	0.651489	36.98	3.76295	36.98	6.09119	36.98	8.06499	36.98	10.2144
37.08	0.64563	37.08	3.76491	37.08	6.09315	37.08	8.06694	37.08	10.2163
37.18	0.663208	37.18	3.77467	37.18	6.10291	37.18	8.09428	37.18	10.2358
37.28	0.64563	37.28	3.77467	37.28	6.11268	37.28	8.10014	37.28	10.2378
37.38	0.643677	37.38	3.78444	37.38	6.12245	37.38	8.10796	37.38	10.2456
37.48	0.661255	37.48	3.7942	37.48	6.13221	37.48	8.12749	37.48	10.2671
37.58	0.655396	37.58	3.79811	37.58	6.13612	37.58	8.12944	37.58	10.269
37.68	0.653442	37.68	3.80397	37.68	6.14198	37.68	8.12749	37.68	10.2866
37.78	0.663208	37.78	3.80788	37.78	6.15565	37.78	8.13921	37.78	10.2983
37.88	0.663208	37.88	3.80592	37.88	6.16346	37.88	8.15483	37.88	10.3062
37.98	0.663208	37.98	3.81569	37.98	6.17323	37.98	8.16655	37.98	10.3237
38.08	0.674538	38.08	3.82545	38.08	6.17518	38.08	8.17827	38.08	10.3374
38.18	0.674927	38.18	3.82545	38.18	6.18299	38.18	8.18803	38.18	10.3452
38.28	0.674927	38.28	3.82741	38.28	6.19276	38.28	8.18022	38.28	10.3491
38.38	0.684692	38.38	3.83522	38.38	6.20252	38.38	8.1978	38.38	10.3667
38.48	0.684692	38.48	3.84499	38.48	6.21229	38.48	8.20757	38.48	10.3765
38.58	0.67688	38.58	3.84655	38.58	6.21424	38.58	8.20952	38.58	10.3784
38.68	0.692505	38.68	3.86647	38.68	6.23143	38.68	8.23491	38.68	10.396
38.78	0.685081	38.78	3.85709	38.78	6.23416	38.78	8.23725	38.78	10.3964
38.88	0.700317	38.88	3.86452	38.88	6.24158	38.88	8.25444	38.88	10.4136
38.98	0.694458	38.98	3.87428	38.98	6.24549	38.98	8.25639	38.98	10.4272
39.08	0.682739	39.08	3.87428	39.08	6.2533	39.08	8.26616	39.08	10.4253
39.18	0.700317	39.18	3.89381	39.18	6.26307	39.18	8.28569	39.18	10.4546
39.28	0.694458	39.28	3.89381	39.28	6.26502	39.28	8.27788	39.28	10.4565
39.38	0.692505	39.38	3.89381	39.38	6.28065	39.38	8.29507	39.38	10.4644
39.48	0.696411	39.48	3.90749	39.48	6.28651	39.48	8.31108	39.48	10.478
39.58	0.702271	39.58	3.91335	39.58	6.29432	39.58	8.31889	39.58	10.4858
39.68	0.704224	39.68	3.92702	39.68	6.29432	39.68	8.32866	39.68	10.5073
39.78	0.696411	39.78	3.9192	39.78	6.30409	39.78	8.33061	39.78	10.4995
39.88	0.712036	39.88	3.93483	39.88	6.32362	39.88	8.356	39.88	10.5171
39.98	0.706177	39.98	3.93874	39.98	6.3158	39.98	8.35991	39.98	10.5288
40.08	0.713989	40.08	3.94655	40.08	6.33338	40.08	8.36772	40.08	10.5464
40.18	0.704224	40.18	3.9485	40.18	6.33338	40.18	8.37163	40.18	10.5483
40.28	0.704224	40.28	3.95436	40.28	6.3451	40.28	8.37944	40.28	10.5562
40.38	0.715942	40.38	3.95827	40.38	6.34705	40.38	8.39116	40.38	10.5679
40.48	0.7136	40.48	3.97389	40.48	6.35487	40.48	8.39897	40.48	10.5757
40.58	0.70813	40.58	3.96803	40.58	6.36463	40.58	8.40874	40.58	10.5796
40.68	0.715942	40.68	3.98561	40.68	6.3744	40.68	8.4185	40.68	10.5972
40.78	0.723755	40.78	3.98561	40.78	6.38416	40.78	8.42827	40.78	10.6069
40.88	0.716331	40.88	3.99381	40.88	6.38455	40.88	8.42866	40.88	10.6171
40.98	0.723755	40.98	4.00319	40.98	6.39197	40.98	8.44585	40.98	10.6343
41.08	0.723755	41.08	3.99538	41.08	6.39393	41.08	8.44975	41.08	10.6362
41.18	0.723755	41.18	4.01257	41.18	6.39979	41.18	8.46538	41.18	10.644
41.28	0.733521	41.28	4.02467	41.28	6.42127	41.28	8.48686	41.28	10.6655
41.38	0.733521	41.38	4.01686	41.38	6.42323	41.38	8.48882	41.38	10.6675
41.48	0.733521	41.48	4.02467	41.48	6.42127	41.48	8.48686	41.48	10.6753
41.58	0.735474	41.58	4.03444	41.58	6.44276	41.58	8.49858	41.58	10.687
41.68	0.741333	41.68	4.0442	41.68	6.44276	41.68	8.50639	41.68	10.6948
41.78	0.743286	41.78	4.0442	41.78	6.45252	41.78	8.51616	41.78	10.7046
41.88	0.745239	41.88	4.04616	41.88	6.46424	41.88	8.52788	41.88	10.7163
41.98	0.751099	41.98	4.05202	41.98	6.46229	41.98	8.53764	41.98	10.7241
42.08	0.743286	42.08	4.06569	42.08	6.47987	42.08	8.54546	42.08	10.7358
42.18	0.747192	42.18	4.0696	42.18	6.49549	42.18	8.56108	42.18	10.7495
42.28	0.753052	42.28	4.06764	42.28	6.49354	42.28	8.56889	42.28	10.7573
42.38	0.747192	42.38	4.07741	42.38	6.49549	42.38	8.57085	42.38	10.7593
42.48	0.755005	42.48	4.08717	42.48	6.5033	42.48	8.58842	42.48	10.7769
42.58	0.747192	42.58	4.07936	42.58	6.51307	42.58	8.59038	42.58	10.7788
42.68	0.753052	42.68	4.09499	42.68	6.51307	42.68	8.58842	42.68	10.7866
42.78	0.764771	42.78	4.1067	42.78	6.5326	42.78	8.60796	42.78	10.8062
42.88	0.755394	42.88	4.09733	42.88	6.53299	42.88	8.60835	42.88	10.8144
42.98	0.762428	42.98	4.10475	42.98	6.54002	42.98	8.61577	42.98	10.8257
43.08	0.766724	43.08	4.11452	43.08	6.54432	43.08	8.63725	43.08	10.8374
43.18	0.764771	43.18	4.11452	43.18	6.55408	43.18	8.63725	43.18	10.8452
43.28	0.756958	43.28	4.11647	43.28	6.55604	43.28	8.63921	43.28	10.8472
43.38	0.772583	43.38	4.12428	43.38	6.57166	43.38	8.65678	43.38	10.8647
43.48	0.774536	43.48	4.13405	43.48	6.58338	43.48	8.66655	43.48	10.8745
43.58	0.766724	43.58	4.13405	43.58	6.57557	43.58	8.6685	43.58	10.8765
43.68	0.772583	43.68	4.14381	43.68	6.59315	43.68	8.67632	43.68	10.894
43.78	0.766724	43.78	4.14577	43.78	6.59315	43.78	8.67827	43.78	10.8979
43.88	0.764771	43.88	4.15163	43.88	6.60291	43.88	8.68608	43.88	10.9058
43.98	0.764771	43.98	4.15358	43.98	6.60291	43.98	8.69585	43.98	10.9155
44.08	0.774536	44.08	4.1653	44.08	6.61463	44.08	8.70952	44.08	10.9272
44.18	0.774536	44.18	4.16335	44.18	6.63026	44.18	8.70757	44.18	10.9351
44.28	0.766724	44.28	4.15553	44.28	6.6244	44.28	8.70952	44.28	10.937
44.38	0.772583	44.38	4.16139	44.38	6.63221	44.38	8.72514	44.38	10.9448
44.48	0.784302	44.48	4.18483	44.48	6.64197	44.48	8.74663	44.48	10.9644
44.58	0.784302	44.58	4.17702	44.58	6.65369	44.58	8.74858	44.58	10.9683
44.68	0.784302	44.68	4.17506	44.68	6.65369	44.68	8.74663	44.68	10.9761
44.78	0.774536	44.78	4.17506	44.78	6.66346	44.78	8.75639	44.78	10.9858
44.88	0.772972	44.88	4.17545	44.88	6.65408	44.88	8.75678	44.88	10.9862
44.98	0.784302	44.98	4.18483	44.98	6.67323	44.98	8.77592	44.98	11.0054
45.08	0.792114	45.08	4.19421	45.08	6.67323	45.08	8.78764	45.08	11.0151
45.18	0.786255	45.18	4.1985	45.18	6.68299	45.18	8.77983	45.18	11.0171
45.28	0.794067	45.28	4.20631	45.28	6.69276	45.28	8.79741	45.28	11.0347
45.38	0.80188	45.38	4.20631	45.38	6.70252	45.38	8.80717	45.38	11.0444
45.48	0.796021	45.48	4.21608	45.48	6.69471	45.48	8.80913	45.48	11.0483
45.58	0.784302	45.58	4.21608	45.58	6.71033	45.58	8.80717	45.58	11.0562
45.68	0.784302	45.68	4.21608	45.68	6.71229	45.68	8.82475	45.68	11.0659
45.78	0.795631	45.78	4.2278	45.78	6.72401	45.78	8.83842	45.78	11.0874
45.88	0.796021	45.88	4.22585	45.88	6.73182	45.88	8.84624	45.88	11.0854
45.98	0.796021	45.98	4.23366	45.98	6.73963	45.98	8.84624	45.98	11.105
46.08	0.805786	46.08	4.24733	46.08	6.75526	46.08	8.85796	46.08	11.1167
46.18	0.805786	46.18	4.24538	46.18	6.7533	46.18	8.86577	46.18	11.1265
46.28	0.805786	46.28	4.25319	46.28	6.76307	46.28	8.87749	46.28	11.1265
46.38	0.805786	46.38	4.2571	46.38	6.76502	46.38	8.87944	46.38	11.1479
46.48	0.805786	46.48	4.26491	46.48	6.76307	46.48	8.88725	46.48	11.146
46.58	0.805786	46.58	4.27272	46.58	6.78221	46.58	8.89702	46.58	11.1558
46.68	0.815552	46.68	4.28639	46.68	6.78651	46.68	8.90874	46.68	11.1675
46.78	0.815552	46.78	4.28444	46.78	6.79432	46.78	8.90678	46.78	11.1753
46.88	0.807739	46.88	4.27663	46.88	6.78651	46.88	8.90874	46.88	11.1772
46.98	0.823364	46.98	4.30397	46.98	6.8119	46.98	8.92632	46.98	11.1948
47.08	0.815552	47.08	4.30592	47.08	6.82362	47.08	8.92632	47.08	11.2065
47.18	0.815552	47.18	4.30592	47.18	6.82362	47.18	8.94546	47.18	11.2163
47.28	0.815552	47.28	4.29811	47.28	6.82557	47.28	8.94975	47.28	11.2183
47.38	0.825317	47.38	4.31374	47.38	6.84119	47.38	8.95757	47.38	11.2358
47.48	0.825317	47.48	4.32545	47.48	6.85291	47.48	8.96928	47.48	11.2456
47.58	0.815941	47.58	4.31608	47.58	6.84354	47.58	8.96967	47.58	11.246
47.68	0.83313	47.68	4.32545	47.68	6.86268	47.68	8.97905	47.68	11.2651
47.78	0.835083	47.78	4.34303	47.78	6.86268	47.78	8.98882	47.78	11.2651
47.88	0.827271	47.88	4.33717	47.88	6.8744	47.88	8.99077	47.88	11.2671
47.98	0.83313	47.98	4.33522	47.98	6.8744	47.98	8.98882	47.98	11.2749
48.08	0.844849	48.08	4.34499	48.08	6.88416	48.08	9.00835	48.08	11.2964
48.18	0.837036	48.18	4.35632	48.18	6.88612	48.18	9.0103	48.18	11.2983
48.28	0.84446	48.28	4.3567	48.28	6.90174	48.28	9.01811	48.28	11.3062
48.38	0.856567	48.38	4.36647	48.38	6.91346	48.38	9.02788	48.38	11.3257
48.48	0.848755	48.48	4.36842	48.48	6.90565	48.48	9.02983	48.48	11.3276
48.58	0.846802	48.58	4.37428	48.58	6.91346	48.58	9.04741	48.58	11.3354
48.68	0.856567	48.68	4.37819	48.68	6.92323	48.68	9.06108	48.68	11.3374
48.78	0.856567	48.78	4.37624	48.78	6.93299	48.78	9.05913	48.78	11.3452
48.88	0.844849	48.88	4.386	48.88	6.93299	48.88	9.06889	48.88	11.355
48.98	0.837036	48.98	4.386	48.98	6.92518	48.98	9.07085	48.98	11.3589
49.08	0.852661	49.08	4.39577	49.08	6.95057	49.08	9.08842	49.08	11.3765
49.18	0.854614	49.18	4.40553	49.18	6.95252	49.18	9.08842	49.18	11.3862
49.28	0.846802	49.28	4.40553	49.28	6.95448	49.28	9.09038	49.28	11.3882
49.38	0.854614	49.38	4.4153	49.38	6.96229	49.38	9.10796	49.38	11.4058
49.48	0.862427	49.48	4.42506	49.48	6.97205	49.48	9.10796	49.48	11.4058
49.58	0.856567	49.58	4.41725	49.58	6.97205	49.58	9.11772	49.58	11.4077
49.68	0.86438	49.68	4.44264	49.68	6.98182	49.68	9.13725	49.68	11.4253
49.78	0.872192	49.78	4.4446	49.78	6.99354	49.78	9.13725	49.78	11.4351
49.88	0.874146	49.88	4.4446	49.88	6.99354	49.88	9.14897	49.88	11.4468
49.98	0.874535	49.98	4.44498	49.98	6.99393	49.98	9.14936	49.98	11.4472
50.08	0.872192	50.08	4.45436	50.08	7.01073	50.08	9.15678	50.08	11.4546
50.18	0.872192	50.18	4.45436	50.18	7.00526	50.18	9.15874	50.18	11.4565
50.28	0.881958	50.28	4.46413	50.28	7.02283	50.28	9.17632	50.28	11.4741
50.38	0.881958	50.38	4.47389	50.38	7.02283	50.38	9.17632	50.38	11.4839
50.48	0.86438	50.48	4.47389	50.48	7.02283	50.48	9.17827	50.48	11.4858
50.58	0.880005	50.58	4.47389	50.58	7.0326	50.58	9.18608	50.58	11.4937
50.68	0.883911	50.68	4.49538	50.68	7.04432	50.68	9.1978	50.68	11.5054
50.78	0.876099	50.78	4.48756	50.78	7.04627	50.78	9.20757	50.78	11.5073
50.88	0.874146	50.88	4.49342	50.88	7.05213	50.88	9.21733	50.88	11.5151
50.98	0.883911	50.98	4.49733	50.98	7.05604	50.98	9.21928	50.98	11.5249
51.08	0.883911	51.08	4.50514	51.08	7.06385	51.08	9.22905	51.08	11.5366
51.18	0.883911	51.18	4.50514	51.18	7.07166	51.18	9.22905	51.18	11.5464
51.28	0.895241	51.28	4.5071	51.28	7.08533	51.28	9.24077	51.28	11.5581
51.38	0.89563	51.38	4.51452	51.38	7.08338	51.38	9.24858	51.38	11.5659
51.48	0.89563	51.48	4.52663	51.48	7.09315	51.48	9.24858	51.48	11.5659
51.58	0.897583	51.58	4.52858	51.58	7.0951	51.58	9.2603	51.58	11.5776
51.68	0.89563	51.68	4.52663	51.68	7.10096	51.68	9.27592	51.68	11.5854
51.78	0.903442	51.78	4.52663	51.78	7.11463	51.78	9.27788	51.78	11.5952
51.88	0.907349	51.88	4.53835	51.88	7.11658	51.88	9.2896	51.88	11.5972
51.98	0.905396	51.98	4.5442	51.98	7.11463	51.98	9.28764	51.98	11.605
52.08	0.903831	52.08	4.53678	52.08	7.11502	52.08	9.28803	52.08	11.6073
52.18	0.903442	52.18	4.53444	52.18	7.12049	52.18	9.29546	52.18	11.6226
52.28	0.913208	52.28	4.55397	52.28	7.13221	52.28	9.30522	52.28	11.6343
52.38	0.905396	52.38	4.54616	52.38	7.13416	52.38	9.30913	52.38	11.6362
52.48	0.911255	52.48	4.55202	52.48	7.13221	52.48	9.31499	52.48	11.644
52.58	0.922974	52.58	4.56374	52.58	7.15955	52.58	9.33647	52.58	11.6636
52.68	0.922974	52.68	4.5735	52.68	7.16151	52.68	9.33647	52.68	11.6733
52.78	0.932739	52.78	4.57545	52.78	7.17323	52.78	9.34819	52.78	11.6851
52.88	0.932739	52.88	4.58131	52.88	7.17127	52.88	9.356	52.88	11.6929
52.98	0.924927	52.98	4.57545	52.98	7.17127	52.98	9.34819	52.98	11.6851
53.08	0.934692	53.08	4.59694	53.08	7.19276	53.08	9.36772	53.08	11.7065
53.18	0.934692	53.18	4.58913	53.18	7.18494	53.18	9.36967	53.18	11.7085
53.28	0.934692	53.28	4.59499	53.28	7.19276	53.28	9.37553	53.28	11.7163
53.38	0.934692	53.38	4.59694	53.38	7.19276	53.38	9.38725	53.38	11.7261
53.48	0.936646	53.48	4.60866	53.48	7.21229	53.48	9.38921	53.48	11.728
53.58	0.934692	53.58	4.6067	53.58	7.21229	53.58	9.39702	53.58	11.7358
53.68	0.934692	53.68	4.6067	53.68	7.20448	53.68	9.39897	53.68	11.7378
53.78	0.934692	53.78	4.6067	53.78	7.21229	53.78	9.39702	53.78	11.7456
53.88	0.936646	53.88	4.61842	53.88	7.21424	53.88	9.41069	53.88	11.7651
53.98	0.934692	53.98	4.61647	53.98	7.22166	53.98	9.40874	53.98	11.7651
54.08	0.942505	54.08	4.62428	54.08	7.23573	54.08	9.4185	54.08	11.7749
54.18	0.946411	54.18	4.62819	54.18	7.23768	54.18	9.43803	54.18	11.7886
54.28	0.944458	54.28	4.636	54.28	7.24549	54.28	9.43803	54.28	11.7964
54.38	0.944458	54.38	4.636	54.38	7.2533	54.38	9.4478	54.38	11.7964
54.48	0.95266	54.48	4.6442	54.48	7.25565	54.48	9.44819	54.48	11.8065
54.58	0.952271	54.58	4.64381	54.58	7.26307	54.58	9.45561	54.58	11.814
54.68	0.952271	54.68	4.64381	54.68	7.26307	54.68	9.46538	54.68	11.8237
54.78	0.944458	54.78	4.64381	54.78	7.27284	54.78	9.46694	54.78	11.8159
54.88	0.961647	54.88	4.66335	54.88	7.2826	54.88	9.48686	54.88	11.8335
54.98	0.963989	54.98	4.66335	54.98	7.2826	54.98	9.48686	54.98	11.8433
55.08	0.956177	55.08	4.65553	55.08	7.29237	55.08	9.48882	55.08	11.8452
55.18	0.963989	55.18	4.66335	55.18	7.30213	55.18	9.50835	55.18	11.8647
55.28	0.971802	55.28	4.67272	55.28	7.3119	55.28	9.50835	55.28	11.8647
55.38	0.965942	55.38	4.67702	55.38	7.30409	55.38	9.5103	55.38	11.8667
55.48	0.973755	55.48	4.68483	55.48	7.3119	55.48	9.52592	55.48	11.8843
55.58	0.981567	55.58	4.68483	55.58	7.32948	55.58	9.53764	55.58	11.8843
55.68	0.975708	55.68	4.68483	55.68	7.32362	55.68	9.52983	55.68	11.8862
55.78	0.973755	55.78	4.6946	55.78	7.32166	55.78	9.53764	55.78	11.894
55.88	0.977661	55.88	4.6985	55.88	7.33533	55.88	9.54155	55.88	11.9077
55.98	0.983521	55.98	4.70436	55.98	7.34119	55.98	9.55717	55.98	11.9058
56.08	0.977661	56.08	4.6985	56.08	7.33533	56.08	9.56108	56.08	11.9077
56.18	0.985474	56.18	4.71608	56.18	7.35487	56.18	9.56889	56.18	11.9253
56.28	0.993286	56.28	4.71608	56.28	7.35487	56.28	9.57866	56.28	11.937
56.38	0.987427	56.38	4.71608	56.38	7.35487	56.38	9.57085	56.38	11.9292
56.48	0.995239	56.48	4.72585	56.48	7.36463	56.48	9.59624	56.48	11.9562
56.58	0.995239	56.58	4.72585	56.58	7.3744	56.58	9.60991	56.58	11.9683
56.68	0.993675	56.68	4.72819	56.68	7.37283	56.68	9.60053	56.68	11.9687
56.78	1.00305	56.78	4.74342	56.78	7.38221	56.78	9.61772	56.78	11.9761
56.88	0.995239	56.88	4.73756	56.88	7.3744	56.88	9.60991	56.88	11.978
56.98	0.993286	56.98	4.74342	56.98	7.39159	56.98	9.62553	56.98	11.9858
57.08	0.995239	57.08	4.74733	57.08	7.39588	57.08	9.62944	57.08	11.9878
57.18	1.0011	57.18	4.74538	57.18	7.40369	57.18	9.63725	57.18	11.9956
57.28	0.995239	57.28	4.74733	57.28	7.39588	57.28	9.62944	57.28	11.9976
57.38	0.993286	57.38	4.75319	57.38	7.40174	57.38	9.63725	57.38	12.0054
57.48	1.00305	57.48	4.76491	57.48	7.42322	57.48	9.6646	57.48	12.0151
57.58	1.00305	57.58	4.7571	57.58	7.41541	57.58	9.65874	57.58	12.019
57.68	1.01282	57.68	4.76491	57.68	7.43104	57.68	9.67632	57.68	12.0366
57.78	1.005	57.78	4.77467	57.78	7.43494	57.78	9.6685	57.78	12.0464
57.88	1.00305	57.88	4.77467	57.88	7.43299	57.88	9.67632	57.88	12.0562
57.98	1.01243	57.98	4.77467	57.98	7.43299	57.98	9.68413	57.98	12.0562
58.08	1.01672	58.08	4.77663	58.08	7.45252	58.08	9.6978	58.08	12.0679
58.18	1.005	58.18	4.77467	58.18	7.45252	58.18	9.69585	58.18	12.0757
58.28	1.005	58.28	4.79382	58.28	7.45252	58.28	9.70757	58.28	12.0757
58.38	1.01477	58.38	4.79811	58.38	7.47205	58.38	9.70952	58.38	12.0874
58.48	1.01477	58.48	4.79616	58.48	7.47205	58.48	9.72514	58.48	12.0952
58.58	1.01477	58.58	4.80397	58.58	7.47205	58.58	9.7271	58.58	12.1069
58.68	1.00539	58.68	4.79655	58.68	7.48221	58.68	9.72749	58.68	12.0976
58.78	1.02258	58.78	4.81569	58.78	7.49354	58.78	9.73686	58.78	12.1245
58.88	1.02454	58.88	4.81569	58.88	7.49354	58.88	9.74663	58.88	12.1362
58.98	1.01672	58.98	4.81569	58.98	7.49549	58.98	9.75639	58.98	12.1284
59.08	1.02454	59.08	4.82545	59.08	7.51112	59.08	9.76616	59.08	12.146
59.18	1.03235	59.18	4.82545	59.18	7.51307	59.18	9.77592	59.18	12.1558
59.28	1.02649	59.28	4.81764	59.28	7.51502	59.28	9.76811	59.28	12.1577
59.38	1.0343	59.38	4.83327	59.38	7.52283	59.38	9.78569	59.38	12.1655
59.48	1.0343	59.48	4.84499	59.48	7.53065	59.48	9.80483	59.48	12.1753
59.58	1.04407	59.58	4.84694	59.58	7.54432	59.58	9.80913	59.58	12.187
59.68	1.04407	59.68	4.84499	59.68	7.54237	59.68	9.80717	59.68	12.1851
59.78	1.04407	59.78	4.8528	59.78	7.56151	59.78	9.81889	59.78	12.1968
59.88	1.03625	59.88	4.8567	59.88	7.55604	59.88	9.81108	59.88	12.2065
59.98	1.05188	59.98	4.86452	59.98	7.56385	59.98	9.83647	59.98	12.2163
60.08	1.05383	60.08	4.87233	60.08	7.57362	60.08	9.83842	60.08	12.2261
60.18	1.04602	60.18	4.86647	60.18	7.5658	60.18	9.84038	60.18	12.228
60.28	1.06165	60.28	4.87428	60.28	7.58143	60.28	9.84819	60.28	12.2358
60.38	1.0636	60.38	4.87428	60.38	7.59315	60.38	9.85796	60.38	12.2456
60.48	1.05579	60.48	4.88405	60.48	7.58534	60.48	9.85796	60.48	12.2476
60.58	1.0636	60.58	4.89381	60.58	7.59315	60.58	9.87749	60.58	12.2554
60.68	1.0636	60.68	4.886	60.68	7.60291	60.68	9.86967	60.68	12.2651
60.78	1.0636	60.78	4.88405	60.78	7.60291	60.78	9.87749	60.78	12.2651
60.88	1.07336	60.88	4.90163	60.88	7.62244	60.88	9.88725	60.88	12.2847
60.98	1.07493	60.98	4.89577	60.98	7.61463	60.98	9.89702	60.98	12.2866
61.08	1.07532	61.08	4.90358	61.08	7.62049	61.08	9.89702	61.08	12.2847
61.18	1.07532	61.18	4.91296	61.18	7.62245	61.18	9.90678	61.18	12.3042
61.28	1.08704	61.28	4.92702	61.28	7.64588	61.28	9.9185	61.28	12.3179
61.38	1.08547	61.38	4.91764	61.38	7.64432	61.38	9.92085	61.38	12.3183
61.48	1.07532	61.48	4.9153	61.48	7.64393	61.48	9.9185	61.48	12.3257
61.58	1.08508	61.58	4.93288	61.58	7.66346	61.58	9.93608	61.58	12.3354
61.68	1.07727	61.68	4.92702	61.68	7.65565	61.68	9.93999	61.68	12.3374
61.78	1.07532	61.78	4.93678	61.78	7.66151	61.78	9.93803	61.78	12.3452
61.88	1.08313	61.88	4.9446	61.88	7.67323	61.88	9.9478	61.88	12.3452
61.98	1.08704	61.98	4.9485	61.98	7.67518	61.98	9.94975	61.98	12.3647
62.08	1.08508	62.08	4.94655	62.08	7.6908	62.08	9.95757	62.08	12.3647
62.18	1.08508	62.18	4.95436	62.18	7.69276	62.18	9.96538	62.18	12.3745
62.28	1.09485	62.28	4.95827	62.28	7.69471	62.28	9.97905	62.28	12.3862
62.38	1.09485	62.38	4.95631	62.38	7.70252	62.38	9.98686	62.38	12.396
62.48	1.08704	62.48	4.95827	62.48	7.70252	62.48	9.97905	62.48	12.396
62.58	1.10266	62.58	4.97389	62.58	7.72205	62.58	9.98686	62.58	12.4155
62.68	1.10461	62.68	4.97585	62.68	7.72205	62.68	9.99663	62.68	12.4155
62.78	1.0968	62.78	4.96803	62.78	7.71424	62.78	9.99663	62.78	12.4175
62.88	1.10461	62.88	4.99342	62.88	7.73963	62.88	10.0162	62.88	12.4253
62.98	1.11243	62.98	4.99538	62.98	7.74158	62.98	10.0162	62.98	12.4351
63.08	1.10657	63.08	4.98756	63.08	7.73377	63.08	10.0181	63.08	12.437
63.18	1.10461	63.18	4.98561	63.18	7.74159	63.18	10.0162	63.18	12.4444
63.28	1.12219	63.28	5.00319	63.28	7.76073	63.28	10.0376	63.28	12.4663
63.38	1.11633	63.38	4.99733	63.38	7.76698	63.38	10.0376	63.38	12.4683
63.48	1.11438	63.48	5.00514	63.48	7.76502	63.48	10.0474	63.48	12.4663
63.58	1.12415	63.58	5.01491	63.58	7.77479	63.58	10.0572	63.58	12.4858
63.68	1.13196	63.68	5.02272	63.68	7.7826	63.68	10.0669	63.68	12.4858
63.78	1.11477	63.78	5.0153	63.78	7.78494	63.78	10.0576	63.78	12.4882
63.88	1.11243	63.88	5.01295	63.88	7.7826	63.88	10.065	63.88	12.4858
63.98	1.12415	63.98	5.04225	63.98	7.8119	63.98	10.0767	63.98	12.5073
64.08	1.12415	64.08	5.03639	64.08	7.80604	64.08	10.0787	64.08	12.5093
64.18	1.12415	64.18	5.03444	64.18	7.81385	64.18	10.0767	64.18	12.5073
64.28	1.12415	64.28	5.03444	64.28	7.81385	64.28	10.0865	64.28	12.5171
64.38	1.1261	64.38	5.04577	64.38	7.82362	64.38	10.0978	64.38	12.519
64.48	1.13352	64.48	5.04616	64.48	7.82362	64.48	10.108	64.48	12.5269
64.58	1.13586	64.58	5.04616	64.58	7.83338	64.58	10.108	64.58	12.5366
64.68	1.12805	64.68	5.05592	64.68	7.83338	64.68	10.1099	64.68	12.5366
64.78	1.1261	64.78	5.06569	64.78	7.84315	64.78	10.1177	64.78	12.5562
64.88	1.13391	64.88	5.06569	64.88	7.85291	64.88	10.1294	64.88	12.5562
64.98	1.13586	64.98	5.06569	64.98	7.85291	64.98	10.1294	64.98	12.5659
65.08	1.12805	65.08	5.06569	65.08	7.85291	65.08	10.1392	65.08	12.5581
65.18	1.13586	65.18	5.07545	65.18	7.87244	65.18	10.149	65.18	12.5835
65.28	1.14368	65.28	5.07545	65.28	7.87244	65.28	10.1587	65.28	12.5854
65.38	1.13586	65.38	5.09303	65.38	7.87244	65.38	10.1587	65.38	12.5972
65.48	1.13782	65.48	5.09694	65.48	7.88221	65.48	10.1607	65.48	12.6089
65.58	1.13586	65.58	5.09499	65.58	7.89198	65.58	10.1685	65.58	12.6069
65.68	1.14368	65.68	5.09499	65.68	7.89198	65.68	10.1685	65.68	12.6167
65.78	1.1554	65.78	5.11256	65.78	7.90174	65.78	10.1958	65.78	12.6265
65.88	1.14758	65.88	5.1067	65.88	7.91346	65.88	10.19	65.88	12.6362
65.98	1.15344	65.98	5.10475	65.98	7.91346	65.98	10.1978	65.98	12.6362
66.08	1.1554	66.08	5.11452	66.08	7.91346	66.08	10.1978	66.08	12.646
66.18	1.1554	66.18	5.12233	66.18	7.91346	66.18	10.2076	66.18	12.6558
66.28	1.15735	66.28	5.12624	66.28	7.92518	66.28	10.2095	66.28	12.6577
66.38	1.15344	66.38	5.12428	66.38	7.9326	66.38	10.2173	66.38	12.6655
66.48	1.1554	66.48	5.1321	66.48	7.93494	66.48	10.2173	66.48	12.6655
66.58	1.15578	66.58	5.13444	66.58	7.9451	66.58	10.2294	66.58	12.6757
66.68	1.15344	66.68	5.14381	66.68	7.95057	66.68	10.2349	66.68	12.6812
66.78	1.16125	66.78	5.14381	66.78	7.95252	66.78	10.2369	66.78	12.6948
66.88	1.17297	66.88	5.16139	66.88	7.96229	66.88	10.2564	66.88	12.7046
66.98	1.16516	66.98	5.15553	66.98	7.96424	66.98	10.2486	66.98	12.7065
67.08	1.16321	67.08	5.15358	67.08	7.96229	67.08	10.2564	67.08	12.7144
67.18	1.17102	67.18	5.15358	67.18	7.9701	67.18	10.2564	67.18	12.7144
67.28	1.18469	67.28	5.17506	67.28	7.99354	67.28	10.2779	67.28	12.7358
67.38	1.16516	67.38	5.17663	67.38	7.98573	67.38	10.2779	67.38	12.728
67.48	1.16321	67.48	5.17702	67.48	7.98377	67.48	10.2779	67.48	12.7437
67.58	1.17454	67.58	5.17897	67.58	8.0033	67.58	10.2896	67.58	12.7476
67.68	1.17493	67.68	5.17702	67.68	8.0033	67.68	10.2876	67.68	12.7554
67.78	1.17493	67.78	5.18483	67.78	8.0033	67.78	10.2974	67.78	12.7651
67.88	1.17493	67.88	5.19655	67.88	8.01307	67.88	10.2974	67.88	12.7651
67.98	1.17493	67.98	5.1985	67.98	8.02283	67.98	10.3091	67.98	12.7769
68.08	1.17493	68.08	5.19655	68.08	8.0326	68.08	10.315	68.08	12.7749
68.18	1.17493	68.18	5.20436	68.18	8.0326	68.18	10.3267	68.18	12.7944
68.28	1.18469	68.28	5.21608	68.28	8.04237	68.28	10.3365	68.28	12.8062
68.38	1.18469	68.38	5.20827	68.38	8.04432	68.38	10.3287	68.38	12.8081
68.48	1.18469	68.48	5.21608	68.48	8.04237	68.48	10.3365	68.48	12.8062
68.58	1.18469	68.58	5.21608	68.58	8.05018	68.58	10.3365	68.58	12.8159
68.68	1.20227	68.68	5.23366	68.68	8.07362	68.68	10.3462	68.68	12.8354
68.78	1.19641	68.78	5.2278	68.78	8.0658	68.78	10.3501	68.78	12.8276
68.88	1.19446	68.88	5.22585	68.88	8.06385	68.88	10.3482	68.88	12.8433
68.98	1.19446	68.98	5.22585	68.98	8.07362	68.98	10.358	68.98	12.8452
69.08	1.19446	69.08	5.25319	69.08	8.08338	69.08	10.3677	69.08	12.8647
69.18	1.19446	69.18	5.24733	69.18	8.09315	69.18	10.3697	69.18	12.8569
69.28	1.19446	69.28	5.24538	69.28	8.09315	69.28	10.3755	69.28	12.8647
69.38	1.19446	69.38	5.24538	69.38	8.09315	69.38	10.3873	69.38	12.8745
69.48	1.19641	69.48	5.25514	69.48	8.10487	69.48	10.3892	69.48	12.8765
69.58	1.20227	69.58	5.25514	69.58	8.10291	69.58	10.397	69.58	12.8843
69.68	1.20422	69.68	5.25514	69.68	8.10291	69.68	10.397	69.68	12.8921
69.78	1.21399	69.78	5.27467	69.78	8.13026	69.78	10.4165	69.78	12.9155
69.88	1.20461	69.88	5.2653	69.88	8.12283	69.88	10.4072	69.88	12.9062
69.98	1.21008	69.98	5.26295	69.98	8.12049	69.98	10.4146	69.98	12.9136
70.08	1.20227	70.08	5.27077	70.08	8.13026	70.08	10.4146	70.08	12.9136
70.18	1.20618	70.18	5.28639	70.18	8.13416	70.18	10.4361	70.18	12.9272
70.28	1.21399	70.28	5.28444	70.28	8.13221	70.28	10.4361	70.28	12.9351
70.38	1.21399	70.38	5.2942	70.38	8.15135	70.38	10.4576	70.38	12.9448
70.48	1.21399	70.48	5.2942	70.48	8.15565	70.48	10.4498	70.48	12.9468
70.58	1.21399	70.58	5.2942	70.58	8.15369	70.58	10.4478	70.58	12.9542
70.68	1.21399	70.68	5.2942	70.68	8.1537	70.68	10.4576	70.68	12.9663
70.78	1.22375	70.78	5.30397	70.78	8.17323	70.78	10.4673	70.78	12.9761
70.88	1.21594	70.88	5.3153	70.88	8.16541	70.88	10.4693	70.88	12.978
70.98	1.22337	70.98	5.31569	70.98	8.16346	70.98	10.4673	70.98	12.9761
71.08	1.22766	71.08	5.31764	71.08	8.16541	71.08	10.479	71.08	12.9878
71.18	1.22571	71.18	5.31569	71.18	8.18299	71.18	10.4771	71.18	12.9858
71.28	1.22571	71.28	5.31569	71.28	8.18494	71.28	10.4962	71.28	12.9976
71.38	1.2179	71.38	5.32741	71.38	8.17713	71.38	10.4908	71.38	13.0073
71.48	1.22571	71.48	5.33717	71.48	8.18494	71.48	10.5083	71.48	13.0171
71.58	1.23352	71.58	5.33717	71.58	8.19471	71.58	10.5083	71.58	13.0269
71.68	1.22766	71.68	5.32936	71.68	8.19471	71.68	10.5005	71.68	13.0288
71.78	1.22571	71.78	5.33522	71.78	8.19471	71.78	10.5083	71.78	13.0269
71.88	1.23547	71.88	5.34694	71.88	8.21424	71.88	10.5181	71.88	13.0464
71.98	1.23547	71.98	5.34694	71.98	8.21424	71.98	10.5279	71.98	13.0542
72.08	1.22766	72.08	5.33913	72.08	8.20643	72.08	10.5201	72.08	13.0581
72.18	1.24329	72.18	5.34694	72.18	8.22401	72.18	10.5396	72.18	13.0757
72.28	1.24524	72.28	5.35475	72.28	8.22401	72.28	10.5396	72.28	13.0757
72.38	1.24524	72.38	5.36647	72.38	8.23182	72.38	10.5396	72.38	13.0854
72.48	1.24563	72.48	5.36686	72.48	8.24393	72.48	10.5498	72.48	13.0858
72.58	1.23352	72.58	5.36452	72.58	8.24158	72.58	10.5552	72.58	13.0952
72.68	1.23352	72.68	5.3567	72.68	8.23377	72.68	10.5591	72.68	13.0874
72.78	1.24524	72.78	5.37428	72.78	8.2533	72.78	10.5689	72.78	13.1069
72.88	1.24524	72.88	5.37624	72.88	8.26112	72.88	10.5787	72.88	13.1245
72.98	1.23743	72.98	5.37819	72.98	8.26502	72.98	10.5708	72.98	13.1187
73.08	1.23547	73.08	5.37624	73.08	8.26307	73.08	10.5787	73.08	13.1265
73.18	1.25305	73.18	5.386	73.18	8.27283	73.18	10.5884	73.18	13.1362
73.28	1.24719	73.28	5.386	73.28	8.27479	73.28	10.5904	73.28	13.1382
73.38	1.24524	73.38	5.386	73.38	8.27283	73.38	10.5962	73.38	13.146
73.48	1.24524	73.48	5.386	73.48	8.27284	73.48	10.608	73.48	13.146
73.58	1.26282	73.58	5.39577	73.58	8.29432	73.58	10.6177	73.58	13.1655
73.68	1.24719	73.68	5.38795	73.68	8.29432	73.68	10.6099	73.68	13.1577
73.78	1.24524	73.78	5.386	73.78	8.29432	73.78	10.6177	73.78	13.1655
73.88	1.255	73.88	5.41335	73.88	8.30408	73.88	10.6275	73.88	13.1753
73.98	1.255	73.98	5.40749	73.98	8.30604	73.98	10.6294	73.98	13.1772
74.08	1.255	74.08	5.40553	74.08	8.30408	74.08	10.6275	74.08	13.1831
74.18	1.26477	74.18	5.4153	74.18	8.31385	74.18	10.6568	74.18	13.2065
74.28	1.25696	74.28	5.4153	74.28	8.31385	74.28	10.6509	74.28	13.1987
74.38	1.255	74.38	5.4153	74.38	8.32362	74.38	10.6587	74.38	13.2065
74.48	1.26282	74.48	5.4153	74.48	8.32362	74.48	10.6587	74.48	13.2163
74.58	1.27454	74.58	5.43483	74.58	8.33338	74.58	10.6685	74.58	13.2261
74.68	1.26672	74.68	5.43483	74.68	8.33533	74.68	10.6705	74.68	13.228
74.78	1.255	74.78	5.43483	74.78	8.33338	74.78	10.6685	74.78	13.2261
74.88	1.26477	74.88	5.4446	74.88	8.35096	74.88	10.688	74.88	13.2456
74.98	1.25539	74.98	5.43522	74.98	8.3533	74.98	10.6865	74.98	13.2362
75.08	1.25305	75.08	5.43288	75.08	8.35096	75.08	10.6861	75.08	13.2437
75.18	1.27063	75.18	5.45202	75.18	8.36073	75.18	10.7056	75.18	13.2534
75.28	1.27258	75.28	5.46413	75.28	8.37049	75.28	10.7056	75.28	13.2632
75.38	1.27258	75.38	5.46413	75.38	8.3783	75.38	10.7154	75.38	13.2632
75.48	1.26477	75.48	5.45631	75.48	8.37245	75.48	10.7076	75.48	13.2729
75.58	1.27258	75.58	5.47194	75.58	8.38026	75.58	10.7154	75.58	13.2944
75.68	1.27258	75.68	5.47389	75.68	8.38026	75.68	10.733	75.68	13.2944
75.78	1.27415	75.78	5.46608	75.78	8.38221	75.78	10.7271	75.78	13.2964
75.88	1.27454	75.88	5.47389	75.88	8.38026	75.88	10.7349	75.88	13.2944
75.98	1.28625	75.98	5.49342	75.98	8.40135	75.98	10.7466	75.98	13.3159
76.08	1.28625	76.08	5.49538	76.08	8.40369	76.08	10.7466	76.08	13.3159
76.18	1.27844	76.18	5.48756	76.18	8.40565	76.18	10.7505	76.18	13.3179
76.28	1.29407	76.28	5.49538	76.28	8.41346	76.28	10.7583	76.28	13.3335
76.38	1.29602	76.38	5.51295	76.38	8.41346	76.38	10.7662	76.38	13.3452
76.48	1.29602	76.48	5.51491	76.48	8.42323	76.48	10.7779	76.48	13.3452
76.58	1.29797	76.58	5.51686	76.58	8.42518	76.58	10.7798	76.58	13.3569
76.68	1.29602	76.68	5.51491	76.68	8.43104	76.68	10.7876	76.68	13.355
76.78	1.29602	76.78	5.51491	76.78	8.44471	76.78	10.7876	76.78	13.3647
76.88	1.29602	76.88	5.52467	76.88	8.4369	76.88	10.7798	76.88	13.3569
76.98	1.30579	76.98	5.53444	76.98	8.44471	76.98	10.7974	76.98	13.3745
77.08	1.30579	77.08	5.53444	77.08	8.45448	77.08	10.7974	77.08	13.3745
77.18	1.30579	77.18	5.53444	77.18	8.45448	77.18	10.8072	77.18	13.3862
77.28	1.31555	77.28	5.53639	77.28	8.46424	77.28	10.8091	77.28	13.3882
77.38	1.31555	77.38	5.55397	77.38	8.47401	77.38	10.8248	77.38	13.4038
77.48	1.31555	77.48	5.55592	77.48	8.47401	77.48	10.8267	77.48	13.4155
77.58	1.31555	77.58	5.55592	77.58	8.47401	77.58	10.8267	77.58	13.4155
77.68	1.3175	77.68	5.55788	77.68	8.48573	77.68	10.8384	77.68	13.4272
77.78	1.32336	77.78	5.5735	77.78	8.48377	77.78	10.8365	77.78	13.4253
77.88	1.32532	77.88	5.57545	77.88	8.49158	77.88	10.8462	77.88	13.4351
77.98	1.30774	77.98	5.56764	77.98	8.49549	77.98	10.8384	77.98	13.4272
78.08	1.31555	78.08	5.57545	78.08	8.5033	78.08	10.8658	78.08	13.4448
78.18	1.32336	78.18	5.58522	78.18	8.51307	78.18	10.8677	78.18	13.4542
78.28	1.32532	78.28	5.58522	78.28	8.51307	78.28	10.8677	78.28	13.4663
78.38	1.32571	78.38	5.59342	78.38	8.51346	78.38	10.8779	78.38	13.4667
78.48	1.32336	78.48	5.59303	78.48	8.52869	78.48	10.8755	78.48	13.4741
78.58	1.33118	78.58	5.59303	78.58	8.53065	78.58	10.8853	78.58	13.4741
78.68	1.32532	78.68	5.59499	78.68	8.52283	78.68	10.8775	78.68	13.4761
78.78	1.32336	78.78	5.59303	78.78	8.52088	78.78	10.8853	78.78	13.4819
78.88	1.33508	78.88	5.60475	78.88	8.54237	78.88	10.897	78.88	13.5073
78.98	1.33508	78.98	5.59694	78.98	8.53455	78.98	10.9083	78.98	13.4995
79.08	1.33508	79.08	5.60436	79.08	8.5326	79.08	10.9087	79.08	13.4976
79.18	1.33508	79.18	5.61647	79.18	8.54432	79.18	10.9185	79.18	13.5073
79.28	1.34485	79.28	5.62624	79.28	8.5619	79.28	10.9283	79.28	13.5171
79.38	1.33704	79.38	5.61842	79.38	8.55604	79.38	10.9205	79.38	13.519
79.48	1.33508	79.48	5.61647	79.48	8.55408	79.48	10.9283	79.48	13.5171
79.58	1.33508	79.58	5.62428	79.58	8.55408	79.58	10.9283	79.58	13.5269
79.68	1.35423	79.68	5.636	79.68	8.57362	79.68	10.9478	79.68	13.5444
79.78	1.34875	79.78	5.62819	79.78	8.5658	79.78	10.94	79.78	13.5483
79.88	1.3468	79.88	5.64381	79.88	8.56385	79.88	10.9458	79.88	13.5464
79.98	1.3468	79.98	5.64577	79.98	8.58143	79.98	10.9576	79.98	13.5562
80.08	1.35657	80.08	5.65553	80.08	8.59315	80.08	10.9673	80.08	13.5659
80.18	1.36438	80.18	5.65553	80.18	8.59315	80.18	10.979	80.18	13.5757
80.28	1.35852	80.28	5.65553	80.28	8.58533	80.28	10.9712	80.28	13.5679
80.38	1.35657	80.38	5.65553	80.38	8.59315	80.38	10.9693	80.38	13.5757
80.48	1.35657	80.48	5.6653	80.48	8.59315	80.48	10.979	80.48	13.5757
80.58	1.35852	80.58	5.66725	80.58	8.60291	80.58	10.981	80.58	13.5894
80.68	1.35657	80.68	5.6653	80.68	8.61268	80.68	10.9888	80.68	13.5874
80.78	1.36438	80.78	5.67311	80.78	8.61268	80.78	10.9966	80.78	13.5874
80.88	1.3761	80.88	5.68483	80.88	8.62244	80.88	11.0083	80.88	13.6069
80.98	1.35657	80.98	5.68678	80.98	8.61463	80.98	11.0103	80.98	13.6069
81.08	1.35461	81.08	5.68483	81.08	8.63182	81.08	11.0083	81.08	13.6167
81.18	1.35461	81.18	5.69264	81.18	8.63416	81.18	11.0181	81.18	13.6167
81.28	1.37219	81.28	5.70436	81.28	8.64393	81.28	11.0357	81.28	13.6362
81.38	1.36477	81.38	5.7067	81.38	8.63455	81.38	11.0283	81.38	13.6269
81.48	1.36243	81.48	5.70436	81.48	8.64198	81.48	11.0357	81.48	13.6343
81.58	1.37219	81.58	5.72194	81.58	8.65955	81.58	11.0455	81.58	13.644
81.68	1.37219	81.68	5.72389	81.68	8.66151	81.68	11.0552	81.68	13.6538
81.78	1.37219	81.78	5.71608	81.78	8.66346	81.78	11.0474	81.78	13.6538
81.88	1.37219	81.88	5.71413	81.88	8.66151	81.88	11.0552	81.88	13.6636
81.98	1.37219	81.98	5.71413	81.98	8.66151	81.98	11.063	81.98	13.6636
82.08	1.37219	82.08	5.7317	82.08	8.66932	82.08	11.0767	82.08	13.6733
82.18	1.3761	82.18	5.73756	82.18	8.6869	82.18	11.0806	82.18	13.6772
82.28	1.38196	82.28	5.73561	82.28	8.68494	82.28	11.0787	82.28	13.687
82.38	1.38391	82.38	5.73561	82.38	8.68494	82.38	11.0884	82.38	13.687
82.48	1.38391	82.48	5.74499	82.48	8.68494	82.48	11.0884	82.48	13.687
82.58	1.3761	82.58	5.74928	82.58	8.69471	82.58	11.0884	82.58	13.6968
82.68	1.37415	82.68	5.74733	82.68	8.69471	82.68	11.0982	82.68	13.6968
82.78	1.39172	82.78	5.7571	82.78	8.70448	82.78	11.108	82.78	13.7163
82.88	1.39368	82.88	5.7571	82.88	8.70448	82.88	11.1177	82.88	13.7163
82.98	1.38586	82.98	5.74928	82.98	8.69666	82.98	11.1099	82.98	13.7183
83.08	1.38391	83.08	5.76491	83.08	8.71229	83.08	11.108	83.08	13.7163
83.18	1.39368	83.18	5.77663	83.18	8.72401	83.18	11.1275	83.18	13.7358
83.28	1.39368	83.28	5.77663	83.28	8.72401	83.28	11.1275	83.28	13.7437
83.38	1.39368	83.38	5.76881	83.38	8.71619	83.38	11.1275	83.38	13.7378
83.48	1.39368	83.48	5.76686	83.48	8.72401	83.48	11.1373	83.48	13.7456
83.58	1.39368	83.58	5.77467	83.58	8.72401	83.58	11.1373	83.58	13.7456
83.68	1.40344	83.68	5.79616	83.68	8.74158	83.68	11.1568	83.68	13.7651
83.78	1.39563	83.78	5.78835	83.78	8.73573	83.78	11.149	83.78	13.7573
83.88	1.40305	83.88	5.78639	83.88	8.73377	83.88	11.1548	83.88	13.7651
83.98	1.39563	83.98	5.78639	83.98	8.74354	83.98	11.1665	83.98	13.7651
84.08	1.39563	84.08	5.7942	84.08	8.74354	84.08	11.1665	84.08	13.7749
84.18	1.39563	84.18	5.80592	84.18	8.75135	84.18	11.1783	84.18	13.7749
84.28	1.39758	84.28	5.80788	84.28	8.76502	84.28	11.1802	84.28	13.7847
84.38	1.39563	84.38	5.80592	84.38	8.76307	84.38	11.1783	84.38	13.7964
84.48	1.39563	84.48	5.80592	84.48	8.76307	84.48	11.188	84.48	13.7964
84.58	1.40344	84.58	5.80592	84.58	8.76307	84.58	11.1974	84.58	13.8062
84.68	1.4054	84.68	5.8235	84.68	8.76307	84.68	11.1998	84.68	13.8062
84.78	1.4054	84.78	5.82545	84.78	8.78065	84.78	11.2095	84.78	13.8159
84.88	1.40578	84.88	5.82584	84.88	8.78299	84.88	11.2099	84.88	13.8163
84.98	1.40344	84.98	5.8235	84.98	8.78065	84.98	11.2076	84.98	13.8331
85.08	1.41125	85.08	5.8235	85.08	8.79041	85.08	11.2076	85.08	13.8354
85.18	1.41321	85.18	5.83131	85.18	8.79041	85.18	11.2173	85.18	13.8452
85.28	1.41321	85.28	5.83327	85.28	8.79979	85.28	11.2251	85.28	13.8452
85.38	1.42297	85.38	5.84303	85.38	8.82166	85.38	11.2466	85.38	13.8647
85.48	1.41516	85.48	5.84499	85.48	8.81385	85.48	11.2388	85.48	13.8569
85.58	1.41321	85.58	5.84303	85.58	8.8119	85.58	11.2369	85.58	13.8647
85.68	1.41321	85.68	5.84303	85.68	8.8119	85.68	11.2466	85.68	13.8647
85.78	1.41321	85.78	5.85085	85.78	8.82362	85.78	11.2466	85.78	13.8745
85.88	1.41321	85.88	5.84499	85.88	8.8158	85.88	11.2388	85.88	13.8667
85.98	1.41321	85.98	5.84303	85.98	8.81385	85.98	11.2544	85.98	13.8765
86.08	1.42297	86.08	5.8528	86.08	8.83143	86.08	11.2662	86.08	13.894
86.18	1.42297	86.18	5.8528	86.18	8.84315	86.18	11.2759	86.18	13.896
86.28	1.42297	86.28	5.87233	86.28	8.84315	86.28	11.2759	86.28	13.9058
86.38	1.42297	86.38	5.86647	86.38	8.83533	86.38	11.2681	86.38	13.8979
86.48	1.42297	86.48	5.86452	86.48	8.83338	86.48	11.2759	86.48	13.9058
86.58	1.41321	86.58	5.86452	86.58	8.83338	86.58	11.2759	86.58	13.9058
86.68	1.41321	86.68	5.86452	86.68	8.85096	86.68	11.2759	86.68	13.9058
86.78	1.41516	86.78	5.87428	86.78	8.85487	86.78	11.2779	86.78	13.9175
86.88	1.42102	86.88	5.87428	86.88	8.85291	86.88	11.2955	86.88	13.9155
86.98	1.42297	86.98	5.87428	86.98	8.86268	86.98	11.2974	86.98	13.9331
87.08	1.42297	87.08	5.87428	87.08	8.86268	87.08	11.2974	87.08	13.9351
87.18	1.42297	87.18	5.87428	87.18	8.86268	87.18	11.3072	87.18	13.9448
87.28	1.42688	87.28	5.87819	87.28	8.86658	87.28	11.3111	87.28	13.9487
87.38	1.42493	87.38	5.88561	87.38	8.88221	87.38	11.3189	87.38	13.9468
87.48	1.43274	87.48	5.88795	87.48	8.88416	87.48	11.3189	87.48	13.9565
87.58	1.43469	87.58	5.89772	87.58	8.88416	87.58	11.3267	87.58	13.9565
87.68	1.42688	87.68	5.88991	87.68	8.87635	87.68	11.3306	87.68	13.9585
87.78	1.42493	87.78	5.88795	87.78	8.88416	87.78	11.3287	87.78	13.9565
87.88	1.42493	87.88	5.89772	87.88	8.89393	87.88	11.3384	87.88	13.978
87.98	1.42493	87.98	5.90553	87.98	8.89393	87.98	11.3482	87.98	13.978
88.08	1.43274	88.08	5.90749	88.08	8.90369	88.08	11.3482	88.08	13.9956
88.18	1.42688	88.18	5.89967	88.18	8.89588	88.18	11.3404	88.18	13.9897
88.28	1.42493	88.28	5.89772	88.28	8.89393	88.28	11.3482	88.28	13.9878
88.38	1.43469	88.38	5.90749	88.38	8.91151	88.38	11.3658	88.38	14.0073
88.48	1.43469	88.48	5.9153	88.48	8.91346	88.48	11.3677	88.48	14.0171
88.58	1.43469	88.58	5.91725	88.58	8.91346	88.58	11.3775	88.58	14.0171
88.68	1.4425	88.68	5.92702	88.68	8.92322	88.68	11.3775	88.68	14.0269
88.78	1.43665	88.78	5.9192	88.78	8.91541	88.78	11.3697	88.78	14.019
88.88	1.42493	88.88	5.91725	88.88	8.91346	88.88	11.3775	88.88	14.0171
88.98	1.42493	88.98	5.92506	88.98	8.92127	88.98	11.3775	88.98	14.0269
89.08	1.43469	89.08	5.93678	89.08	8.93299	89.08	11.3873	89.08	14.0444
89.18	1.43469	89.18	5.93678	89.18	8.94471	89.18	11.4068	89.18	14.0464
89.28	1.43469	89.28	5.93678	89.28	8.94471	89.28	11.4087	89.28	14.0562
89.38	1.43469	89.38	5.93678	89.38	8.94471	89.38	11.4087	89.38	14.0562
89.48	1.43469	89.48	5.95436	89.48	8.95252	89.48	11.4185	89.48	14.0659
89.58	1.44446	89.58	5.9567	89.58	8.95486	89.58	11.4189	89.58	14.0663
89.68	1.44446	89.68	5.95436	89.68	8.96229	89.68	11.4165	89.68	14.064
89.78	1.44446	89.78	5.95436	89.78	8.96229	89.78	11.4165	89.78	14.0737
89.88	1.44446	89.88	5.95436	89.88	8.9701	89.88	11.4341	89.88	14.0737
89.98	1.45422	89.98	5.96413	89.98	8.98182	89.98	11.4458	89.98	14.0952
90.08	1.45422	90.08	5.96413	90.08	8.99158	90.08	11.4458	90.08	14.0952
90.18	1.44641	90.18	5.96413	90.18	8.98377	90.18	11.4478	90.18	14.0972
90.28	1.45227	90.28	5.96413	90.28	8.98182	90.28	11.4458	90.28	14.0952
90.38	1.46399	90.38	5.97389	90.38	8.99158	90.38	11.4556	90.38	14.105
90.48	1.46399	90.48	5.97389	90.48	9.00135	90.48	11.4654	90.48	14.1147
90.58	1.46399	90.58	5.97389	90.58	9.00135	90.58	11.4654	90.58	14.1147
90.68	1.46399	90.68	5.98366	90.68	9.00916	90.68	11.4654	90.68	14.1245
90.78	1.46399	90.78	5.99147	90.78	9.01112	90.78	11.4751	90.78	14.1245
90.88	1.46399	90.88	5.99342	90.88	9.02088	90.88	11.4751	90.88	14.1421
90.98	1.47375	90.98	6.00319	90.98	9.03065	90.98	11.4943	90.98	14.1538
91.08	1.48157	91.08	6.00319	91.08	9.03065	91.08	11.5064	91.08	14.1636
91.18	1.47571	91.18	5.99538	91.18	9.02283	91.18	11.4986	91.18	14.1558
91.28	1.47375	91.28	5.99342	91.28	9.03065	91.28	11.4966	91.28	14.1538
91.38	1.46399	91.38	6.00124	91.38	9.03065	91.38	11.5064	91.38	14.1636
91.48	1.47571	91.48	6.01491	91.48	9.04237	91.48	11.5181	91.48	14.1753
91.58	1.47571	91.58	6.02467	91.58	9.05174	91.58	11.5181	91.58	14.1851
91.68	1.47571	91.68	6.02467	91.68	9.05408	91.68	11.5298	91.68	14.1851
91.78	1.4679	91.78	6.01686	91.78	9.05604	91.78	11.522	91.78	14.1968
91.88	1.48352	91.88	6.02467	91.88	9.06385	91.88	11.5298	91.88	14.2065
91.98	1.48547	91.98	6.02467	91.98	9.06385	91.98	11.5376	91.98	14.2065
92.08	1.48547	92.08	6.02467	92.08	9.06385	92.08	11.5396	92.08	14.2065
92.18	1.47766	92.18	6.02624	92.18	9.06385	92.18	11.5415	92.18	14.2085
92.28	1.47571	92.28	6.02663	92.28	9.07362	92.28	11.5396	92.28	14.2065
92.38	1.48547	92.38	6.03639	92.38	9.08338	92.38	11.5494	92.38	14.2163
92.48	1.48547	92.48	6.03639	92.48	9.08338	92.48	11.5669	92.48	14.2163
92.58	1.48547	92.58	6.03639	92.58	9.08338	92.58	11.5689	92.58	14.2261
92.68	1.48547	92.68	6.03639	92.68	9.0951	92.68	11.5689	92.68	14.2261
92.78	1.49524	92.78	6.04616	92.78	9.09705	92.78	11.5806	92.78	14.228
92.88	1.49524	92.88	6.05592	92.88	9.10291	92.88	11.5787	92.88	14.2437
92.98	1.49524	92.98	6.05592	92.98	9.10487	92.98	11.5787	92.98	14.2456
93.08	1.49524	93.08	6.05592	93.08	9.11463	93.08	11.5865	93.08	14.2456
93.18	1.49524	93.18	6.05592	93.18	9.11463	93.18	11.5982	93.18	14.2554
93.28	1.48743	93.28	6.05788	93.28	9.11658	93.28	11.6001	93.28	14.2573
93.38	1.49329	93.38	6.06374	93.38	9.11463	93.38	11.5982	93.38	14.2651
93.48	1.49524	93.48	6.06569	93.48	9.11463	93.48	11.5982	93.48	14.2651
93.58	1.49524	93.58	6.06569	93.58	9.1244	93.58	11.608	93.58	14.2651
93.68	1.49524	93.68	6.06569	93.68	9.1244	93.68	11.608	93.68	14.2827
93.78	1.49524	93.78	6.06569	93.78	9.13221	93.78	11.608	93.78	14.2847
93.88	1.505	93.88	6.07545	93.88	9.15369	93.88	11.6177	93.88	14.2944
93.98	1.49719	93.98	6.07741	93.98	9.14588	93.98	11.6099	93.98	14.2964
94.08	1.50305	94.08	6.08327	94.08	9.14393	94.08	11.6255	94.08	14.2944
94.18	1.505	94.18	6.08522	94.18	9.14393	94.18	11.6275	94.18	14.3062
94.28	1.51477	94.28	6.09499	94.28	9.16346	94.28	11.6373	94.28	14.3159
94.38	1.51477	94.38	6.09499	94.38	9.16346	94.38	11.6373	94.38	14.3159
94.48	1.51477	94.48	6.09499	94.48	9.16346	94.48	11.647	94.48	14.3159
94.58	1.50539	94.58	6.08561	94.58	9.1619	94.58	11.6376	94.58	14.3163
94.68	1.51086	94.68	6.08327	94.68	9.17127	94.68	11.6353	94.68	14.314
94.78	1.51282	94.78	6.10085	94.78	9.18104	94.78	11.6626	94.78	14.3237
94.88	1.51282	94.88	6.1028	94.88	9.18104	94.88	11.6646	94.88	14.3335
94.98	1.51282	94.98	6.1028	94.98	9.1908	94.98	11.6646	94.98	14.3429
95.08	1.51282	95.08	6.1028	95.08	9.1908	95.08	11.6646	95.08	14.3452
95.18	1.51282	95.18	6.1028	95.18	9.1908	95.18	11.6763	95.18	14.355
95.28	1.51672	95.28	6.11452	95.28	9.20448	95.28	11.6802	95.28	14.3589
95.38	1.51477	95.38	6.11452	95.38	9.20252	95.38	11.6861	95.38	14.3569
95.48	1.52415	95.48	6.11452	95.48	9.20252	95.48	11.688	95.48	14.3667
95.58	1.52649	95.58	6.11452	95.58	9.20252	95.58	11.6978	95.58	14.3667
95.68	1.52649	95.68	6.11452	95.68	9.21229	95.68	11.6978	95.68	14.3667
95.78	1.52649	95.78	6.1321	95.78	9.21229	95.78	11.6978	95.78	14.3765
95.88	1.52844	95.88	6.136	95.88	9.21424	95.88	11.6998	95.88	14.3784
95.98	1.52649	95.98	6.13405	95.98	9.21229	95.98	11.7076	95.98	14.3765
96.08	1.52649	96.08	6.13405	96.08	9.21229	96.08	11.7076	96.08	14.3862
96.18	1.5343	96.18	6.13405	96.18	9.2201	96.18	11.7076	96.18	14.3862
96.28	1.54602	96.28	6.14381	96.28	9.23182	96.28	11.7251	96.28	14.396
96.38	1.53821	96.38	6.14381	96.38	9.23573	96.38	11.729	96.38	14.4058
96.48	1.53625	96.48	6.14381	96.48	9.23377	96.48	11.7271	96.48	14.4058
96.58	1.52649	96.58	6.14381	96.58	9.23377	96.58	11.7271	96.58	14.4058
96.68	1.52649	96.68	6.15553	96.68	9.23377	96.68	11.7271	96.68	14.4155
96.78	1.5343	96.78	6.15553	96.78	9.23377	96.78	11.7271	96.78	14.4155
96.88	1.53821	96.88	6.16686	96.88	9.2533	96.88	11.7388	96.88	14.4175
96.98	1.53625	96.98	6.16725	96.98	9.2533	96.98	11.7447	96.98	14.4272
97.08	1.53625	97.08	6.16725	97.08	9.2533	97.08	11.7466	97.08	14.4272
97.18	1.53625	97.18	6.16725	97.18	9.2533	97.18	11.7466	97.18	14.4272
97.28	1.52844	97.28	6.15944	97.28	9.24549	97.28	11.7486	97.28	14.4292
97.38	1.52649	97.38	6.15749	97.38	9.24354	97.38	11.7466	97.38	14.4272
97.48	1.54407	97.48	6.17506	97.48	9.2533	97.48	11.7564	97.48	14.4448
97.58	1.54602	97.58	6.17702	97.58	9.26307	97.58	11.7564	97.58	14.4565
97.68	1.54602	97.68	6.18678	97.68	9.26307	97.68	11.7564	97.68	14.4565
97.78	1.54602	97.78	6.18678	97.78	9.27088	97.78	11.7662	97.78	14.4565
97.88	1.54797	97.88	6.18874	97.88	9.27479	97.88	11.7681	97.88	14.4683
97.98	1.55383	97.98	6.18678	97.98	9.2826	97.98	11.7755	97.98	14.4663
98.08	1.55579	98.08	6.1946	98.08	9.2826	98.08	11.7876	98.08	14.4663
98.18	1.55579	98.18	6.19655	98.18	9.2826	98.18	11.7876	98.18	14.4761
98.28	1.55579	98.28	6.19655	98.28	9.2826	98.28	11.7876	98.28	14.4761
98.38	1.54797	98.38	6.1985	98.38	9.27479	98.38	11.7798	98.38	14.4683
98.48	1.55579	98.48	6.20631	98.48	9.29237	98.48	11.7994	98.48	14.4858
98.58	1.55579	98.58	6.20631	98.58	9.29237	98.58	11.7994	98.58	14.4858
98.68	1.5636	98.68	6.21413	98.68	9.30174	98.68	11.7994	98.68	14.4937
98.78	1.56555	98.78	6.21608	98.78	9.30408	98.78	11.8072	98.78	14.5054
98.88	1.56555	98.88	6.22585	98.88	9.31385	98.88	11.8091	98.88	14.5054
98.98	1.55618	98.98	6.21647	98.98	9.30447	98.98	11.8095	98.98	14.496
99.08	1.5636	99.08	6.22389	99.08	9.3119	99.08	11.8169	99.08	14.5132
99.18	1.5636	99.18	6.22389	99.18	9.3119	99.18	11.8169	99.18	14.5132
99.28	1.5636	99.28	6.22389	99.28	9.3119	99.28	11.8267	99.28	14.5132
99.38	1.57141	99.38	6.22389	99.38	9.32948	99.38	11.8267	99.38	14.5327
99.48	1.57336	99.48	6.2317	99.48	9.33143	99.48	11.8267	99.48	14.5347
99.58	1.58313	99.58	6.25319	99.58	9.34119	99.58	11.854	99.58	14.5444
99.68	1.58313	99.68	6.25319	99.68	9.34119	99.68	11.856	99.68	14.5444
99.78	1.57532	99.78	6.24538	99.78	9.33338	99.78	11.8482	99.78	14.5464
99.88	1.58118	99.88	6.24342	99.88	9.34119	99.88	11.8462	99.88	14.5444
99.98	1.58313	99.98	6.24342	99.98	9.34119	99.98	11.856	99.98	14.5444
100.08	1.58313	100.08	6.24342	100.08	9.34119	100.08	11.856	100.08	14.5444
100.18	1.58704	100.18	6.24733	100.18	9.35291	100.18	11.8599	100.18	14.5483
100.28	1.58508	100.28	6.26295	100.28	9.35291	100.28	11.8677	100.28	14.564
100.38	1.58508	100.38	6.26491	100.38	9.35291	100.38	11.8755	100.38	14.5659
100.48	1.58508	100.48	6.26491	100.48	9.36463	100.48	11.8775	100.48	14.5659
100.58	1.58665	100.58	6.2571	100.58	9.35682	100.58	11.8697	100.58	14.5581
100.68	1.58704	100.68	6.25514	100.68	9.35487	100.68	11.8677	100.68	14.5659
100.78	1.5968	100.78	6.26491	100.78	9.37244	100.78	11.8873	100.78	14.5757
100.88	1.5968	100.88	6.26491	100.88	9.3744	100.88	11.8873	100.88	14.5757
100.98	1.5968	100.98	6.26491	100.98	9.38416	100.98	11.8873	100.98	14.5757
101.08	1.58899	101.08	6.26491	101.08	9.37635	101.08	11.8892	101.08	14.5776
101.18	1.5968	101.18	6.27467	101.18	9.38416	101.18	11.897	101.18	14.5854
101.28	1.5968	101.28	6.27467	101.28	9.38416	101.28	11.897	101.28	14.5854
101.38	1.60461	101.38	6.27467	101.38	9.38416	101.38	11.897	101.38	14.5933
101.48	1.58704	101.48	6.26686	101.48	9.38416	101.48	11.9087	101.48	14.5972
101.58	1.58508	101.58	6.27272	101.58	9.38416	101.58	11.9087	101.58	14.5952
101.68	1.59485	101.68	6.28444	101.68	9.39393	101.68	11.9185	101.68	14.605
101.78	1.59485	101.78	6.28444	101.78	9.39393	101.78	11.9185	101.78	14.605
101.88	1.58704	101.88	6.28639	101.88	9.39588	101.88	11.9107	101.88	14.6069
101.98	1.5929	101.98	6.28444	101.98	9.39393	101.98	11.9185	101.98	14.605
102.08	1.59485	102.08	6.29225	102.08	9.39393	102.08	11.9185	102.08	14.6128
102.18	1.59485	102.18	6.2942	102.18	9.40174	102.18	11.9185	102.18	14.6147
102.28	1.5968	102.28	6.29616	102.28	9.40565	102.28	11.9205	102.28	14.6265
102.38	1.59485	102.38	6.2942	102.38	9.40369	102.38	11.9263	102.38	14.6245
102.48	1.59485	102.48	6.2942	102.48	9.40369	102.48	11.938	102.48	14.6245
102.58	1.60266	102.58	6.2942	102.58	9.41346	102.58	11.938	102.58	14.6245
102.68	1.60461	102.68	6.30358	102.68	9.41346	102.68	11.938	102.68	14.6362
102.78	1.5968	102.78	6.29811	102.78	9.41346	102.78	11.9302	102.78	14.6284
102.88	1.59485	102.88	6.30592	102.88	9.41346	102.88	11.9283	102.88	14.6265
102.98	1.60461	102.98	6.31569	102.98	9.42323	102.98	11.9478	102.98	14.6362
103.08	1.60461	103.08	6.31569	103.08	9.42323	103.08	11.9478	103.08	14.646
103.18	1.59524	103.18	6.30631	103.18	9.42361	103.18	11.9462	103.18	14.6366
103.28	1.5929	103.28	6.31178	103.28	9.42908	103.28	11.9458	103.28	14.6437
103.38	1.60071	103.38	6.31374	103.38	9.43104	103.38	11.9556	103.38	14.6558
103.48	1.60266	103.48	6.31374	103.48	9.43104	103.48	11.9556	103.48	14.6558
103.58	1.60266	103.58	6.31374	103.58	9.43104	103.58	11.9556	103.58	14.6558
103.68	1.59485	103.68	6.30592	103.68	9.42323	103.68	11.9478	103.68	14.6577
103.78	1.5929	103.78	6.30397	103.78	9.42127	103.78	11.9556	103.78	14.6558
103.88	1.5929	103.88	6.3235	103.88	9.43104	103.88	11.9556	103.88	14.6558
103.98	1.60266	103.98	6.33522	103.98	9.45018	103.98	11.9654	103.98	14.6753
104.08	1.61047	104.08	6.33522	104.08	9.45252	104.08	11.9751	104.08	14.6753
104.18	1.61243	104.18	6.33522	104.18	9.45252	104.18	11.9751	104.18	14.6753
104.28	1.60461	104.28	6.32741	104.28	9.44471	104.28	11.9673	104.28	14.6772
104.38	1.60266	104.38	6.32545	104.38	9.44276	104.38	11.9654	104.38	14.6831
104.48	1.60266	104.48	6.33327	104.48	9.44276	104.48	11.9654	104.48	14.6851
104.58	1.60266	104.58	6.33522	104.58	9.45252	104.58	11.9751	104.58	14.6948
104.68	1.61243	104.68	6.33717	104.68	9.46229	104.68	11.9771	104.68	14.6968
104.78	1.61243	104.78	6.33522	104.78	9.46229	104.78	11.9751	104.78	14.6948
104.88	1.61243	104.88	6.33522	104.88	9.46229	104.88	11.983	104.88	14.6948
104.98	1.61243	104.98	6.33522	104.98	9.46229	104.98	11.9849	104.98	14.7046
105.08	1.61243	105.08	6.3528	105.08	9.46229	105.08	11.9947	105.08	14.7046
105.18	1.61243	105.18	6.35475	105.18	9.46229	105.18	11.9947	105.18	14.7046
105.28	1.60266	105.28	6.34694	105.28	9.45448	105.28	11.9869	105.28	14.7046
105.38	1.60266	105.38	6.34499	105.38	9.4701	105.38	11.9849	105.38	14.7144
105.48	1.61243	105.48	6.34499	105.48	9.47205	105.48	11.9849	105.48	14.7144
105.58	1.61243	105.58	6.34499	105.58	9.47205	105.58	11.9966	105.58	14.7144
105.68	1.62415	105.68	6.36452	105.68	9.48377	105.68	12.0083	105.68	14.7261
105.78	1.61438	105.78	6.36647	105.78	9.48377	105.78	12.0083	105.78	14.7378
105.88	1.60657	105.88	6.35866	105.88	9.48377	105.88	12.0103	105.88	14.73
105.98	1.60461	105.98	6.3567	105.98	9.48377	105.98	12.0083	105.98	14.728
106.08	1.61243	106.08	6.36647	106.08	9.48377	106.08	12.0177	106.08	14.7378
106.18	1.61438	106.18	6.36647	106.18	9.48377	106.18	12.0201	106.18	14.7378
106.28	1.61438	106.28	6.37428	106.28	9.48377	106.28	12.0298	106.28	14.7378
106.38	1.62415	106.38	6.386	106.38	9.50135	106.38	12.0396	106.38	14.7476
106.48	1.62415	106.48	6.386	106.48	9.5033	106.48	12.0396	106.48	14.7651
106.58	1.62415	106.58	6.386	106.58	9.5033	106.58	12.0396	106.58	14.7671
106.68	1.62415	106.68	6.39577	106.68	9.5033	106.68	12.0396	106.68	14.7671
106.78	1.61633	106.78	6.38795	106.78	9.49549	106.78	12.0415	106.78	14.769
106.88	1.61438	106.88	6.386	106.88	9.50526	106.88	12.0396	106.88	14.7671
106.98	1.62376	106.98	6.39381	106.98	9.51307	106.98	12.0396	106.98	14.7769
107.08	1.6261	107.08	6.39577	107.08	9.51502	107.08	12.0396	107.08	14.7769
107.18	1.6261	107.18	6.39577	107.18	9.51502	107.18	12.0396	107.18	14.7769
107.28	1.61829	107.28	6.38795	107.28	9.50721	107.28	12.0415	107.28	14.769
107.38	1.6261	107.38	6.40553	107.38	9.52283	107.38	12.0494	107.38	14.7866
107.48	1.61633	107.48	6.40553	107.48	9.52479	107.48	12.0572	107.48	14.7866
107.58	1.61633	107.58	6.40553	107.58	9.52479	107.58	12.0591	107.58	14.7944
107.68	1.61633	107.68	6.40553	107.68	9.52479	107.68	12.0591	107.68	14.8062
107.78	1.61633	107.78	6.40553	107.78	9.5326	107.78	12.0591	107.78	14.8062
107.88	1.62415	107.88	6.41491	107.88	9.53455	107.88	12.0689	107.88	14.8062
107.98	1.6261	107.98	6.41725	107.98	9.53456	107.98	12.0689	107.98	14.8159
108.08	1.63586	108.08	6.42702	108.08	9.54432	108.08	12.0787	108.08	14.8257
108.18	1.6261	108.18	6.41725	108.18	9.54432	108.18	12.0689	108.18	14.8159
108.28	1.63586	108.28	6.42702	108.28	9.55408	108.28	12.0884	108.28	14.8257
108.38	1.62649	108.38	6.42741	108.38	9.54471	108.38	12.079	108.38	14.8241
108.48	1.62415	108.48	6.42506	108.48	9.55018	108.48	12.0767	108.48	14.8354
108.58	1.62415	108.58	6.42506	108.58	9.55213	108.58	12.0865	108.58	14.8354
108.68	1.63196	108.68	6.42506	108.68	9.55213	108.68	12.0865	108.68	14.8354
108.78	1.63391	108.78	6.42506	108.78	9.55213	108.78	12.0865	108.78	14.8354
108.88	1.62415	108.88	6.42506	108.88	9.55213	108.88	12.0943	108.88	14.8452
108.98	1.62415	108.98	6.43288	108.98	9.55213	108.98	12.108	108.98	14.8452
109.08	1.62415	109.08	6.43483	109.08	9.56151	109.08	12.108	109.08	14.8452
109.18	1.63391	109.18	6.4446	109.18	9.57362	109.18	12.1177	109.18	14.855
109.28	1.6261	109.28	6.43678	109.28	9.5658	109.28	12.1197	109.28	14.8647
109.38	1.62415	109.38	6.4446	109.38	9.56385	109.38	12.1177	109.38	14.8647
109.48	1.62415	109.48	6.4446	109.48	9.56385	109.48	12.1177	109.48	14.8647
109.58	1.63196	109.58	6.4446	109.58	9.57362	109.58	12.1177	109.58	14.8647
109.68	1.63391	109.68	6.4446	109.68	9.58143	109.68	12.1177	109.68	14.8745
109.78	1.63391	109.78	6.4446	109.78	9.58338	109.78	12.1275	109.78	14.8745
109.88	1.6261	109.88	6.43678	109.88	9.57557	109.88	12.1197	109.88	14.8667
109.98	1.62415	109.98	6.43483	109.98	9.57362	109.98	12.1177	109.98	14.8647
110.08	1.63391	110.08	6.45241	110.08	9.59119	110.08	12.1275	110.08	14.8843
110.18	1.63391	110.18	6.45436	110.18	9.59315	110.18	12.1275	110.18	14.8843
110.28	1.63391	110.28	6.45436	110.28	9.59315	110.28	12.1373	110.28	14.8843
110.38	1.63391	110.38	6.45436	110.38	9.60291	110.38	12.1373	110.38	14.8921
110.48	1.62415	110.48	6.46413	110.48	9.60291	110.48	12.1373	110.48	14.894
110.58	1.64172	110.58	6.46413	110.58	9.60291	110.58	12.1373	110.58	14.9038
110.68	1.64368	110.68	6.46413	110.68	9.60291	110.68	12.147	110.68	14.9038
110.78	1.63586	110.78	6.45631	110.78	9.5951	110.78	12.1392	110.78	14.896
110.88	1.63391	110.88	6.45436	110.88	9.59315	110.88	12.1373	110.88	14.894
110.98	1.63391	110.98	6.46217	110.98	9.60096	110.98	12.1373	110.98	14.894
111.08	1.63391	111.08	6.46413	111.08	9.61268	111.08	12.1373	111.08	14.9038
111.18	1.63391	111.18	6.46413	111.18	9.61268	111.18	12.1548	111.18	14.9038
111.28	1.62415	111.28	6.46413	111.28	9.61268	111.28	12.1568	111.28	14.9038
111.38	1.62415	111.38	6.46413	111.38	9.61268	111.38	12.1568	111.38	14.9038
111.48	1.63196	111.48	6.46413	111.48	9.61268	111.48	12.1568	111.48	14.9136
111.58	1.63391	111.58	6.46413	111.58	9.61268	111.58	12.1568	111.58	14.923
111.68	1.64368	111.68	6.47389	111.68	9.62244	111.68	12.1763	111.68	14.9351
111.78	1.64368	111.78	6.4817	111.78	9.62244	111.78	12.1763	111.78	14.9351
111.88	1.64368	111.88	6.48366	111.88	9.64002	111.88	12.1763	111.88	14.9351
111.98	1.64368	111.98	6.48366	111.98	9.64197	111.98	12.1763	111.98	14.9351
112.08	1.63586	112.08	6.47585	112.08	9.63416	112.08	12.1685	112.08	14.939
112.18	1.63391	112.18	6.47389	112.18	9.64198	112.18	12.1763	112.18	14.937
112.28	1.63391	112.28	6.47389	112.28	9.64198	112.28	12.1763	112.28	14.937
112.38	1.63391	112.38	6.48561	112.38	9.64198	112.38	12.1841	112.38	14.937
112.48	1.63391	112.48	6.48561	112.48	9.64198	112.48	12.1861	112.48	14.937
112.58	1.64172	112.58	6.49342	112.58	9.64198	112.58	12.1861	112.58	14.9468
112.68	1.64368	112.68	6.49538	112.68	9.64198	112.68	12.1861	112.68	14.9468
112.78	1.64368	112.78	6.49538	112.78	9.64198	112.78	12.1978	112.78	14.9468
112.88	1.65344	112.88	6.50514	112.88	9.66151	112.88	12.2076	112.88	14.9565
112.98	1.65344	112.98	6.50514	112.98	9.66932	112.98	12.2076	112.98	14.9644
113.08	1.65344	113.08	6.50514	113.08	9.67127	113.08	12.2154	113.08	14.9761
113.18	1.65344	113.18	6.50514	113.18	9.67127	113.18	12.2173	113.18	14.9761
113.28	1.64368	113.28	6.50514	113.28	9.67127	113.28	12.2173	113.28	14.9761
113.38	1.64368	113.38	6.50514	113.38	9.67127	113.38	12.2173	113.38	14.9761
113.48	1.64368	113.48	6.50514	113.48	9.67127	113.48	12.2271	113.48	14.9761
113.58	1.64368	113.58	6.50514	113.58	9.67127	113.58	12.2271	113.58	14.9858
113.68	1.64368	113.68	6.50514	113.68	9.68104	113.68	12.2349	113.68	14.9858
113.78	1.64368	113.78	6.51491	113.78	9.68104	113.78	12.2369	113.78	14.9858
113.88	1.65149	113.88	6.52272	113.88	9.68104	113.88	12.2369	113.88	14.9858
113.98	1.65344	113.98	6.52467	113.98	9.68104	113.98	12.2369	113.98	14.9858
114.08	1.65344	114.08	6.52467	114.08	9.68104	114.08	12.2466	114.08	14.9956
114.18	1.64563	114.18	6.51686	114.18	9.67323	114.18	12.2466	114.18	14.9878
114.28	1.64368	114.28	6.51491	114.28	9.68299	114.28	12.2466	114.28	14.9858
114.38	1.6554	114.38	6.52663	114.38	9.69471	114.38	12.2583	114.38	15.0054
114.48	1.6554	114.48	6.52663	114.48	9.70252	114.48	12.2681	114.48	15.0073
114.58	1.6554	114.58	6.52663	114.58	9.70448	114.58	12.2681	114.58	15.0073
114.68	1.6554	114.68	6.52663	114.68	9.70448	114.68	12.2681	114.68	15.0073
114.78	1.6554	114.78	6.52663	114.78	9.70448	114.78	12.2681	114.78	15.0073
114.88	1.65501	114.88	6.53639	114.88	9.70448	114.88	12.2681	114.88	15.0171
114.98	1.65735	114.98	6.53639	114.98	9.70448	114.98	12.2681	114.98	15.0171
115.08	1.65735	115.08	6.5442	115.08	9.70448	115.08	12.2779	115.08	15.0171
115.18	1.66711	115.18	6.54616	115.18	9.71424	115.18	12.297	115.18	15.0347
115.28	1.66711	115.28	6.54616	115.28	9.73182	115.28	12.2994	115.28	15.0366
115.38	1.66711	115.38	6.54616	115.38	9.73377	115.38	12.2994	115.38	15.0366
115.48	1.66711	115.48	6.55592	115.48	9.73377	115.48	12.2994	115.48	15.0366
115.58	1.66711	115.58	6.55592	115.58	9.73377	115.58	12.2994	115.58	15.0366
115.68	1.6593	115.68	6.54811	115.68	9.72596	115.68	12.2915	115.68	15.0386
115.78	1.65735	115.78	6.54616	115.78	9.72401	115.78	12.2994	115.78	15.0366
115.88	1.67493	115.88	6.55592	115.88	9.74354	115.88	12.3091	115.88	15.0464
115.98	1.67688	115.98	6.5653	115.98	9.74354	115.98	12.3091	115.98	15.0542
116.08	1.67688	116.08	6.56764	116.08	9.74354	116.08	12.3169	116.08	15.0562
116.18	1.67688	116.18	6.56764	116.18	9.75291	116.18	12.3189	116.18	15.0562
116.28	1.67688	116.28	6.56764	116.28	9.75526	116.28	12.3287	116.28	15.0659
116.38	1.67688	116.38	6.56764	116.38	9.75526	116.38	12.3287	116.38	15.0659
116.48	1.67688	116.48	6.56764	116.48	9.75526	116.48	12.3287	116.48	15.0659
116.58	1.68665	116.58	6.57741	116.58	9.77479	116.58	12.3384	116.58	15.0757
116.68	1.68665	116.68	6.57741	116.68	9.77479	116.68	12.3384	116.68	15.0854
116.78	1.68665	116.78	6.57741	116.78	9.77479	116.78	12.356	116.78	15.0854
116.88	1.69446	116.88	6.58717	116.88	9.77479	116.88	12.358	116.88	15.0933
116.98	1.69641	116.98	6.58717	116.98	9.77479	116.98	12.358	116.98	15.0952
117.08	1.6886	117.08	6.57936	117.08	9.76698	117.08	12.3501	117.08	15.0874
117.18	1.68665	117.18	6.57741	117.18	9.77283	117.18	12.3482	117.18	15.0972
117.28	1.68665	117.28	6.58522	117.28	9.78455	117.28	12.358	117.28	15.0972
117.38	1.69641	117.38	6.59694	117.38	9.79432	117.38	12.3677	117.38	15.1069
117.48	1.69641	117.48	6.59694	117.48	9.79432	117.48	12.3755	117.48	15.1069
117.58	1.69641	117.58	6.59694	117.58	9.79432	117.58	12.3775	117.58	15.1069
117.68	1.69641	117.68	6.59694	117.68	9.79432	117.68	12.3775	117.68	15.1167
117.78	1.69641	117.78	6.59694	117.78	9.79432	117.78	12.3775	117.78	15.1167
117.88	1.69641	117.88	6.59694	117.88	9.79432	117.88	12.3775	117.88	15.1245
117.98	1.69641	117.98	6.59694	117.98	9.80408	117.98	12.3775	117.98	15.1265
118.08	1.68703	118.08	6.58756	118.08	9.79471	118.08	12.3681	118.08	15.1269
118.18	1.68469	118.18	6.58522	118.18	9.79237	118.18	12.3775	118.18	15.1245
118.28	1.6925	118.28	6.59303	118.28	9.79237	118.28	12.3775	118.28	15.1245
118.38	1.69446	118.38	6.59499	118.38	9.79237	118.38	12.3775	118.38	15.1245
118.48	1.69446	118.48	6.60475	118.48	9.80213	118.48	12.3873	118.48	15.1343
118.58	1.69446	118.58	6.60475	118.58	9.81971	118.58	12.3951	118.58	15.1343
118.68	1.69446	118.68	6.60475	118.68	9.82166	118.68	12.4068	118.68	15.1343
118.78	1.69446	118.78	6.60475	118.78	9.82166	118.78	12.4068	118.78	15.1343
118.88	1.69446	118.88	6.60475	118.88	9.82166	118.88	12.4068	118.88	15.1343
118.98	1.68665	118.98	6.59694	118.98	9.81385	118.98	12.399	118.98	15.1265
119.08	1.6925	119.08	6.60475	119.08	9.82166	119.08	12.397	119.08	15.1323
119.18	1.70422	119.18	6.62233	119.18	9.83143	119.18	12.4165	119.18	15.144
119.28	1.70422	119.28	6.62428	119.28	9.83143	119.28	12.4165	119.28	15.144
119.38	1.70422	119.38	6.62428	119.38	9.83143	119.38	12.4165	119.38	15.144
119.48	1.70422	119.48	6.62428	119.48	9.83143	119.48	12.4165	119.48	15.144
119.58	1.70422	119.58	6.62428	119.58	9.83143	119.58	12.4341	119.58	15.1616
119.68	1.71399	119.68	6.62428	119.68	9.83924	119.68	12.4361	119.68	15.1636
119.78	1.72375	119.78	6.62624	119.78	9.84315	119.78	12.438	119.78	15.1655
119.88	1.72375	119.88	6.62428	119.88	9.85291	119.88	12.4361	119.88	15.1636
119.98	1.71399	119.98	6.62428	119.98	9.85291	119.98	12.4458	119.98	15.1636
120.08	1.71399	120.08	6.62428	120.08	9.85291	120.08	12.4458	120.08	15.1636
120.18	1.71399	120.18	6.6321	120.18	9.85291	120.18	12.4458	120.18	15.1636
120.28	1.71399	120.28	6.63405	120.28	9.85291	120.28	12.4458	120.28	15.1636
120.38	1.71399	120.38	6.63405	120.38	9.85291	120.38	12.4458	120.38	15.1733
120.48	1.71399	120.48	6.63405	120.48	9.85291	120.48	12.4537	120.48	15.1733
120.58	1.71594	120.58	6.636	120.58	9.85487	120.58	12.4673	120.58	15.1847
120.68	1.7218	120.68	6.63405	120.68	9.86073	120.68	12.4654	120.68	15.1851
120.78	1.72375	120.78	6.64186	120.78	9.86268	120.78	12.4654	120.78	15.1851
120.88	1.72375	120.88	6.64381	120.88	9.87244	120.88	12.4654	120.88	15.1851
120.98	1.72375	120.98	6.64381	120.98	9.87244	120.98	12.4654	120.98	15.1851
121.08	1.72375	121.08	6.64381	121.08	9.87244	121.08	12.4751	121.08	15.1851
121.18	1.72375	121.18	6.64381	121.18	9.87244	121.18	12.4751	121.18	15.1851
121.28	1.73157	121.28	6.64381	121.28	9.87244	121.28	12.4751	121.28	15.1851
121.38	1.73352	121.38	6.64381	121.38	9.87244	121.38	12.4751	121.38	15.1929
121.48	1.73352	121.48	6.64381	121.48	9.87244	121.48	12.4751	121.48	15.1948
121.58	1.73352	121.58	6.65163	121.58	9.88221	121.58	12.483	121.58	15.2046
121.68	1.74524	121.68	6.6653	121.68	9.90174	121.68	12.4966	121.68	15.2163
121.78	1.74524	121.78	6.67506	121.78	9.90369	121.78	12.5064	121.78	15.2163
121.88	1.74524	121.88	6.67506	121.88	9.90369	121.88	12.5064	121.88	15.2163
121.98	1.74524	121.98	6.67506	121.98	9.90369	121.98	12.5064	121.98	15.2241
122.08	1.73743	122.08	6.66725	122.08	9.89588	122.08	12.5064	122.08	15.2183
122.18	1.73547	122.18	6.67311	122.18	9.89393	122.18	12.5064	122.18	15.2163
122.28	1.73313	122.28	6.67506	122.28	9.89393	122.28	12.5181	122.28	15.2163
122.38	1.73547	122.38	6.67506	122.38	9.89393	122.38	12.5181	122.38	15.2261
122.48	1.74719	122.48	6.67506	122.48	9.89393	122.48	12.5181	122.48	15.2261
122.58	1.73547	122.58	6.67506	122.58	9.90174	122.58	12.5181	122.58	15.2261
122.68	1.74524	122.68	6.68483	122.68	9.91346	122.68	12.5279	122.68	15.2358
122.78	1.74524	122.78	6.68483	122.78	9.91346	122.78	12.5279	122.78	15.2358
122.88	1.74524	122.88	6.69264	122.88	9.91346	122.88	12.5279	122.88	15.2358
122.98	1.73743	122.98	6.68678	122.98	9.90565	122.98	12.5294	122.98	15.2456
123.08	1.73547	123.08	6.68483	123.08	9.91151	123.08	12.5396	123.08	15.2456
123.18	1.73547	123.18	6.68483	123.18	9.92323	123.18	12.5396	123.18	15.2456
123.28	1.73547	123.28	6.68483	123.28	9.92323	123.28	12.5396	123.28	15.2573
123.38	1.74329	123.38	6.68483	123.38	9.92323	123.38	12.5396	123.38	15.2573
123.48	1.74524	123.48	6.68483	123.48	9.92323	123.48	12.5396	123.48	15.2573
123.58	1.755	123.58	6.70397	123.58	9.94237	123.58	12.5494	123.58	15.2671
123.68	1.755	123.68	6.70631	123.68	9.94471	123.68	12.5591	123.68	15.2749
123.78	1.74719	123.78	6.6985	123.78	9.9369	123.78	12.5513	123.78	15.269
123.88	1.73547	123.88	6.69655	123.88	9.93494	123.88	12.5494	123.88	15.2671
123.98	1.73547	123.98	6.69655	123.98	9.93494	123.98	12.5494	123.98	15.2769
124.08	1.74329	124.08	6.69655	124.08	9.93494	124.08	12.5572	124.08	15.2769
124.18	1.74524	124.18	6.70631	124.18	9.93494	124.18	12.5591	124.18	15.2769
124.28	1.74524	124.28	6.70631	124.28	9.93494	124.28	12.5591	124.28	15.2769
124.38	1.755	124.38	6.71413	124.38	9.94276	124.38	12.5689	124.38	15.2769
124.48	1.755	124.48	6.71608	124.48	9.94471	124.48	12.5689	124.48	15.2847
124.58	1.755	124.58	6.71608	124.58	9.94471	124.58	12.5689	124.58	15.2964
124.68	1.74719	124.68	6.70827	124.68	9.9369	124.68	12.5611	124.68	15.2886
124.78	1.74524	124.78	6.70631	124.78	9.93494	124.78	12.5591	124.78	15.2866
124.88	1.75305	124.88	6.70631	124.88	9.93494	124.88	12.5591	124.88	15.2866
124.98	1.74524	124.98	6.70631	124.98	9.94276	124.98	12.5689	124.98	15.2866
125.08	1.74524	125.08	6.70631	125.08	9.94471	125.08	12.5689	125.08	15.2866
125.18	1.74524	125.18	6.71413	125.18	9.95448	125.18	12.5689	125.18	15.2964
125.28	1.74524	125.28	6.71608	125.28	9.95448	125.28	12.5689	125.28	15.2964
125.38	1.755	125.38	6.71608	125.38	9.95448	125.38	12.5689	125.38	15.3042
125.48	1.755	125.48	6.70827	125.48	9.94666	125.48	12.5689	125.48	15.2983
125.58	1.755	125.58	6.70631	125.58	9.94471	125.58	12.5787	125.58	15.2964
125.68	1.755	125.68	6.70631	125.68	9.94471	125.68	12.5787	125.68	15.2964
125.78	1.755	125.78	6.71413	125.78	9.95252	125.78	12.5787	125.78	15.3062
125.88	1.755	125.88	6.71608	125.88	9.95448	125.88	12.5787	125.88	15.3062
125.98	1.755	125.98	6.71608	125.98	9.95448	125.98	12.5884	125.98	15.3062
126.08	1.755	126.08	6.71608	126.08	9.95448	126.08	12.5884	126.08	15.3062
126.18	1.755	126.18	6.71608	126.18	9.95448	126.18	12.5884	126.18	15.3062
126.28	1.76282	126.28	6.71608	126.28	9.96424	126.28	12.5884	126.28	15.3062
126.38	1.76477	126.38	6.71608	126.38	9.96424	126.38	12.5884	126.38	15.3062
126.48	1.76477	126.48	6.71608	126.48	9.96424	126.48	12.5884	126.48	15.3062
126.58	1.76477	126.58	6.72389	126.58	9.97205	126.58	12.606	126.58	15.3237
126.68	1.76477	126.68	6.72585	126.68	9.97401	126.68	12.608	126.68	15.3257
126.78	1.76477	126.78	6.72585	126.78	9.97401	126.78	12.608	126.78	15.3257
126.88	1.75539	126.88	6.71647	126.88	9.96463	126.88	12.5986	126.88	15.3163
126.98	1.75305	126.98	6.71413	126.98	9.96229	126.98	12.5962	126.98	15.314
127.08	1.7511	127.08	6.72389	127.08	9.97205	127.08	12.5962	127.08	15.314
127.18	1.75305	127.18	6.72389	127.18	9.97205	127.18	12.5962	127.18	15.3237
127.28	1.76282	127.28	6.7317	127.28	9.97205	127.28	12.608	127.28	15.3237
127.38	1.76282	127.38	6.73366	127.38	9.97205	127.38	12.608	127.38	15.3237
127.48	1.77258	127.48	6.74342	127.48	9.98182	127.48	12.6177	127.48	15.3335
127.58	1.77258	127.58	6.74342	127.58	9.98963	127.58	12.6177	127.58	15.3335
127.68	1.77258	127.68	6.74342	127.68	9.99158	127.68	12.6255	127.68	15.3335
127.78	1.76477	127.78	6.73561	127.78	9.98377	127.78	12.6197	127.78	15.3257
127.88	1.76282	127.88	6.73366	127.88	9.99158	127.88	12.6177	127.88	15.3335
127.98	1.77063	127.98	6.73366	127.98	9.99158	127.98	12.6275	127.98	15.3429
128.08	1.77258	128.08	6.73366	128.08	9.99158	128.08	12.6275	128.08	15.3452
128.18	1.77258	128.18	6.74147	128.18	9.99158	128.18	12.6275	128.18	15.3452
128.28	1.77258	128.28	6.74342	128.28	9.99158	128.28	12.6275	128.28	15.3452
128.38	1.77258	128.38	6.74342	128.38	9.99158	128.38	12.6275	128.38	15.3452
128.48	1.77258	128.48	6.75319	128.48	9.99158	128.48	12.6373	128.48	15.3452
128.58	1.77258	128.58	6.75319	128.58	9.99158	128.58	12.6373	128.58	15.3452
128.68	1.77258	128.68	6.75319	128.68	9.9994	128.68	12.6373	128.68	15.3452
128.78	1.77258	128.78	6.75319	128.78	10.0131	128.78	12.6373	128.78	15.3452
128.88	1.77258	128.88	6.75319	128.88	10.0131	128.88	12.647	128.88	15.3452
128.98	1.77258	128.98	6.761	128.98	10.0131	128.98	12.647	128.98	15.3452
129.08	1.76477	129.08	6.75514	129.08	10.0053	129.08	12.6392	129.08	15.3452
129.18	1.77063	129.18	6.75319	129.18	10.0033	129.18	12.6373	129.18	15.3569
129.28	1.77258	129.28	6.75319	129.28	10.0033	129.28	12.6373	129.28	15.3569
129.38	1.76282	129.38	6.75319	129.38	10.0111	129.38	12.647	129.38	15.3569
129.48	1.76282	129.48	6.75319	129.48	10.0131	129.48	12.647	129.48	15.3569
129.58	1.77258	129.58	6.75319	129.58	10.0131	129.58	12.647	129.58	15.3569
129.68	1.77258	129.68	6.75319	129.68	10.0131	129.68	12.647	129.68	15.3569
129.78	1.77258	129.78	6.75319	129.78	10.0131	129.78	12.6646	129.78	15.3569
129.88	1.77258	129.88	6.75319	129.88	10.0228	129.88	12.6665	129.88	15.3569
129.98	1.77258	129.98	6.76257	129.98	10.0228	129.98	12.6665	129.98	15.3569
130.08	1.77258	130.08	6.76491	130.08	10.0306	130.08	12.6665	130.08	15.3569
130.18	1.77258	130.18	6.76491	130.18	10.0326	130.18	12.6665	130.18	15.3569
130.28	1.77258	130.28	6.77663	130.28	10.0326	130.28	12.6763	130.28	15.3569
130.38	1.78196	130.38	6.77663	130.38	10.0326	130.38	12.6763	130.38	15.3647
130.48	1.7843	130.48	6.77663	130.48	10.0326	130.48	12.6763	130.48	15.3765
130.58	1.7843	130.58	6.77663	130.58	10.0326	130.58	12.6763	130.58	15.3765
130.68	1.7843	130.68	6.77663	130.68	10.0326	130.68	12.6763	130.68	15.3765
130.78	1.77649	130.78	6.76881	130.78	10.0346	130.78	12.6783	130.78	15.3687
130.88	1.77454	130.88	6.77467	130.88	10.0326	130.88	12.6763	130.88	15.3667
130.98	1.77454	130.98	6.77663	130.98	10.0326	130.98	12.6763	130.98	15.3765
131.08	1.77454	131.08	6.77663	131.08	10.0326	131.08	12.6841	131.08	15.3843
131.18	1.77454	131.18	6.77663	131.18	10.042	131.18	12.6861	131.18	15.3784
131.28	1.77454	131.28	6.77663	131.28	10.0443	131.28	12.6861	131.28	15.3843
131.38	1.77454	131.38	6.77663	131.38	10.0541	131.38	12.6958	131.38	15.3784
131.48	1.77454	131.48	6.77663	131.48	10.0541	131.48	12.6958	131.48	15.394
131.58	1.77454	131.58	6.77663	131.58	10.0541	131.58	12.6958	131.58	15.396
131.68	1.77454	131.68	6.77663	131.68	10.0541	131.68	12.6958	131.68	15.396
131.78	1.77454	131.78	6.77663	131.78	10.0639	131.78	12.6958	131.78	15.396
131.88	1.77454	131.88	6.78444	131.88	10.0639	131.88	12.6958	131.88	15.396
131.98	1.77454	131.98	6.78639	131.98	10.0639	131.98	12.6958	131.98	15.4058
132.08	1.77454	132.08	6.78639	132.08	10.0717	132.08	12.6958	132.08	15.3979
132.18	1.77454	132.18	6.78639	132.18	10.0736	132.18	12.7076	132.18	15.4038
132.28	1.77454	132.28	6.78639	132.28	10.0834	132.28	12.7076	132.28	15.4058
132.38	1.77454	132.38	6.79616	132.38	10.0834	132.38	12.7076	132.38	15.4058
132.48	1.78235	132.48	6.79616	132.48	10.0834	132.48	12.7076	132.48	15.4155
132.58	1.7843	132.58	6.79616	132.58	10.0834	132.58	12.7076	132.58	15.4155
132.68	1.77649	132.68	6.78835	132.68	10.0756	132.68	12.6998	132.68	15.4077
132.78	1.77454	132.78	6.78639	132.78	10.0736	132.78	12.7076	132.78	15.4058
132.88	1.77454	132.88	6.78639	132.88	10.0736	132.88	12.7076	132.88	15.4058
132.98	1.77454	132.98	6.78639	132.98	10.0834	132.98	12.7076	132.98	15.4058
133.08	1.77454	133.08	6.7942	133.08	10.0834	133.08	12.7154	133.08	15.4058
133.18	1.77454	133.18	6.79616	133.18	10.0834	133.18	12.7173	133.18	15.4155
133.28	1.77454	133.28	6.79616	133.28	10.0834	133.28	12.7173	133.28	15.4155
133.38	1.77454	133.38	6.79616	133.38	10.0912	133.38	12.7173	133.38	15.4233
133.48	1.77454	133.48	6.79616	133.48	10.0931	133.48	12.7271	133.48	15.4253
133.58	1.7843	133.58	6.81569	133.58	10.1029	133.58	12.7369	133.58	15.4351
133.68	1.79602	133.68	6.81569	133.68	10.1127	133.68	12.7369	133.68	15.4448
133.78	1.79602	133.78	6.81569	133.78	10.1127	133.78	12.7369	133.78	15.4448
133.88	1.78821	133.88	6.80788	133.88	10.1049	133.88	12.729	133.88	15.437
133.98	1.79407	133.98	6.80592	133.98	10.1029	133.98	12.7369	133.98	15.4351
134.08	1.79602	134.08	6.80592	134.08	10.1029	134.08	12.7369	134.08	15.4351
134.18	1.79602	134.18	6.81374	134.18	10.1029	134.18	12.7369	134.18	15.4448
134.28	1.79602	134.28	6.81569	134.28	10.1127	134.28	12.7369	134.28	15.4448
134.38	1.79602	134.38	6.81569	134.38	10.1127	134.38	12.7369	134.38	15.4448
134.48	1.80579	134.48	6.82545	134.48	10.1224	134.48	12.7564	134.48	15.4546
134.58	1.80579	134.58	6.82545	134.58	10.1224	134.58	12.7564	134.58	15.4546
134.68	1.80579	134.68	6.82545	134.68	10.1224	134.68	12.7564	134.68	15.4624
134.78	1.80579	134.78	6.82545	134.78	10.1224	134.78	12.7564	134.78	15.4644
134.88	1.79797	134.88	6.82741	134.88	10.1146	134.88	12.7486	134.88	15.4683
134.98	1.79602	134.98	6.82545	134.98	10.1127	134.98	12.756	134.98	15.4663
135.08	1.79602	135.08	6.82545	135.08	10.1127	135.08	12.7681	135.08	15.4663
135.18	1.79602	135.18	6.82545	135.18	10.1127	135.18	12.7681	135.18	15.4663
135.28	1.79602	135.28	6.82545	135.28	10.1205	135.28	12.7681	135.28	15.4663
135.38	1.79602	135.38	6.82545	135.38	10.1224	135.38	12.7681	135.38	15.4663
135.48	1.80579	135.48	6.83522	135.48	10.1439	135.48	12.7876	135.48	15.4761
135.58	1.8136	135.58	6.83522	135.58	10.1439	135.58	12.7876	135.58	15.4937
135.68	1.80774	135.68	6.82741	135.68	10.1361	135.68	12.7798	135.68	15.4878
135.78	1.80579	135.78	6.82545	135.78	10.1342	135.78	12.7779	135.78	15.4858
135.88	1.80579	135.88	6.82545	135.88	10.1342	135.88	12.7779	135.88	15.4858
135.98	1.80579	135.98	6.82545	135.98	10.1342	135.98	12.7876	135.98	15.4858
136.08	1.80579	136.08	6.82545	136.08	10.1439	136.08	12.7876	136.08	15.4858
136.18	1.80579	136.18	6.82545	136.18	10.1439	136.18	12.7876	136.18	15.4858
136.28	1.80579	136.28	6.83327	136.28	10.1439	136.28	12.7955	136.28	15.4858
136.38	1.81555	136.38	6.84499	136.38	10.1615	136.38	12.8072	136.38	15.5054
136.48	1.80383	136.48	6.85475	136.48	10.1635	136.48	12.8072	136.48	15.5132
136.58	1.80383	136.58	6.85475	136.58	10.1732	136.58	12.8189	136.58	15.5151
136.68	1.81165	136.68	6.85475	136.68	10.1732	136.68	12.8189	136.68	15.5151
136.78	1.8136	136.78	6.85475	136.78	10.1732	136.78	12.8189	136.78	15.5151
136.88	1.8136	136.88	6.85475	136.88	10.1732	136.88	12.8189	136.88	15.5151
136.98	1.8136	136.98	6.85475	136.98	10.1732	136.98	12.8189	136.98	15.5151
137.08	1.8136	137.08	6.85475	137.08	10.183	137.08	12.8287	137.08	15.5151
137.18	1.80422	137.18	6.85319	137.18	10.1736	137.18	12.8193	137.18	15.5058
137.28	1.80188	137.28	6.8528	137.28	10.1713	137.28	12.8169	137.28	15.5034
137.38	1.80188	137.38	6.8528	137.38	10.1713	137.38	12.8169	137.38	15.5132
137.48	1.80188	137.48	6.8528	137.48	10.1713	137.48	12.8169	137.48	15.5132
137.58	1.80969	137.58	6.8528	137.58	10.1791	137.58	12.8267	137.58	15.5132
137.68	1.82336	137.68	6.86452	137.68	10.1928	137.68	12.8384	137.68	15.5249
137.78	1.82336	137.78	6.86452	137.78	10.1928	137.78	12.8384	137.78	15.5343
137.88	1.82336	137.88	6.86452	137.88	10.1928	137.88	12.8384	137.88	15.5366
137.98	1.82336	137.98	6.86452	137.98	10.1928	137.98	12.8384	137.98	15.5464
138.08	1.82336	138.08	6.86452	138.08	10.2025	138.08	12.8384	138.08	15.5464
138.18	1.82336	138.18	6.86452	138.18	10.2025	138.18	12.8384	138.18	15.5464
138.28	1.81555	138.28	6.8567	138.28	10.1947	138.28	12.8384	138.28	15.5386
138.38	1.8136	138.38	6.85475	138.38	10.1928	138.38	12.8482	138.38	15.5366
138.48	1.8136	138.48	6.86256	138.48	10.1928	138.48	12.8482	138.48	15.5366
138.58	1.8136	138.58	6.86452	138.58	10.2025	138.58	12.8482	138.58	15.5366
138.68	1.8136	138.68	6.86452	138.68	10.2025	138.68	12.8482	138.68	15.5366
138.78	1.8136	138.78	6.86452	138.78	10.2103	138.78	12.8482	138.78	15.5444
138.88	1.8136	138.88	6.86452	138.88	10.2123	138.88	12.8482	138.88	15.5464
138.98	1.82336	138.98	6.87428	138.98	10.2221	138.98	12.858	138.98	15.5659
139.08	1.82336	139.08	6.87428	139.08	10.2221	139.08	12.8677	139.08	15.5659
139.18	1.82336	139.18	6.87428	139.18	10.2221	139.18	12.8677	139.18	15.5659
139.28	1.83118	139.28	6.89342	139.28	10.2318	139.28	12.8677	139.28	15.5659
139.38	1.81555	139.38	6.89577	139.38	10.2318	139.38	12.8755	139.38	15.5659
139.48	1.82141	139.48	6.89577	139.48	10.2318	139.48	12.8775	139.48	15.5659
139.58	1.82336	139.58	6.89577	139.58	10.2318	139.58	12.8775	139.58	15.5659
139.68	1.82336	139.68	6.89577	139.68	10.2318	139.68	12.8775	139.68	15.5757
139.78	1.82336	139.78	6.89577	139.78	10.2318	139.78	12.8775	139.78	15.5835
139.88	1.83313	139.88	6.90553	139.88	10.2416	139.88	12.8873	139.88	15.5952
139.98	1.83313	139.98	6.90553	139.98	10.2416	139.98	12.8873	139.98	15.5952
140.08	1.83313	140.08	6.90553	140.08	10.2514	140.08	12.897	140.08	15.5952
140.18	1.83313	140.18	6.90553	140.18	10.2513	140.18	12.897	140.18	15.5952
140.28	1.82532	140.28	6.89772	140.28	10.2435	140.28	12.8892	140.28	15.5874
140.38	1.82336	140.38	6.89577	140.38	10.2416	140.38	12.8951	140.38	15.5854
140.48	1.82336	140.48	6.89577	140.48	10.2416	140.48	12.897	140.48	15.5854
140.58	1.82336	140.58	6.89577	140.58	10.2416	140.58	12.897	140.58	15.5854
140.68	1.83118	140.68	6.89577	140.68	10.2416	140.68	12.897	140.68	15.5933
140.78	1.83313	140.78	6.90358	140.78	10.2611	140.78	12.897	140.78	15.605
140.88	1.83313	140.88	6.90553	140.88	10.2631	140.88	12.897	140.88	15.605
140.98	1.82336	140.98	6.90553	140.98	10.2631	140.98	12.897	140.98	15.605
141.08	1.83313	141.08	6.90553	141.08	10.2631	141.08	12.9048	141.08	15.605
141.18	1.8429	141.18	6.9153	141.18	10.2728	141.18	12.9263	141.18	15.6147
141.28	1.83313	141.28	6.9153	141.28	10.2728	141.28	12.9263	141.28	15.6147
141.38	1.83313	141.38	6.92506	141.38	10.2728	141.38	12.9263	141.38	15.6147
141.48	1.83313	141.48	6.92506	141.48	10.2728	141.48	12.9263	141.48	15.6226
141.58	1.83313	141.58	6.92506	141.58	10.2728	141.58	12.9263	141.58	15.6245
141.68	1.83313	141.68	6.92506	141.68	10.2728	141.68	12.9263	141.68	15.6245
141.78	1.84251	141.78	6.92506	141.78	10.2728	141.78	12.9341	141.78	15.6362
141.88	1.83704	141.88	6.92506	141.88	10.265	141.88	12.9283	141.88	15.6284
141.98	1.83508	141.98	6.92506	141.98	10.2631	141.98	12.9263	141.98	15.6265
142.08	1.84485	142.08	6.93483	142.08	10.2826	142.08	12.9458	142.08	15.6362
142.18	1.84485	142.18	6.93483	142.18	10.2826	142.18	12.9458	142.18	15.6362
142.28	1.84485	142.28	6.93483	142.28	10.2826	142.28	12.9458	142.28	15.644
142.38	1.84485	142.38	6.93483	142.38	10.2826	142.38	12.9537	142.38	15.646
142.48	1.83508	142.48	6.93483	142.48	10.2826	142.48	12.9556	142.48	15.646
142.58	1.8429	142.58	6.93483	142.58	10.3017	142.58	12.9556	142.58	15.646
142.68	1.84485	142.68	6.93483	142.68	10.3041	142.68	12.9556	142.68	15.646
142.78	1.84485	142.78	6.93483	142.78	10.3041	142.78	12.9556	142.78	15.646
142.88	1.84485	142.88	6.93483	142.88	10.3041	142.88	12.9556	142.88	15.6558
142.98	1.84485	142.98	6.94264	142.98	10.3041	142.98	12.9673	142.98	15.6558
143.08	1.85461	143.08	6.95436	143.08	10.3139	143.08	12.9771	143.08	15.6655
143.18	1.85461	143.18	6.95436	143.18	10.3236	143.18	12.9771	143.18	15.6655
143.28	1.85461	143.28	6.95436	143.28	10.3236	143.28	12.9771	143.28	15.6655
143.38	1.85461	143.38	6.95436	143.38	10.3236	143.38	12.9865	143.38	15.6655
143.48	1.85461	143.48	6.94655	143.48	10.3158	143.48	12.981	143.48	15.6655
143.58	1.85461	143.58	6.9446	143.58	10.3139	143.58	12.979	143.58	15.6655
143.68	1.85461	143.68	6.9446	143.68	10.3139	143.68	12.9888	143.68	15.6655
143.78	1.85461	143.78	6.9446	143.78	10.3139	143.78	12.9888	143.78	15.6655
143.88	1.85461	143.88	6.9446	143.88	10.3139	143.88	12.9888	143.88	15.6655
143.98	1.85461	143.98	6.95241	143.98	10.3139	143.98	12.9888	143.98	15.6753
144.08	1.85461	144.08	6.95436	144.08	10.3236	144.08	12.9888	144.08	15.6733
144.18	1.86438	144.18	6.96413	144.18	10.3412	144.18	12.9986	144.18	15.6851
144.28	1.86438	144.28	6.96413	144.28	10.3431	144.28	12.9986	144.28	15.6851
144.38	1.86438	144.38	6.96413	144.38	10.3431	144.38	12.9986	144.38	15.6851
144.48	1.86438	144.48	6.96413	144.48	10.3431	144.48	12.9986	144.48	15.6948
144.58	1.86438	144.58	6.95631	144.58	10.3353	144.58	13.0005	144.58	15.687
144.68	1.85461	144.68	6.96217	144.68	10.3334	144.68	12.9986	144.68	15.6851
144.78	1.85461	144.78	6.96413	144.78	10.3334	144.78	13.0064	144.78	15.6851
144.88	1.85461	144.88	6.96413	144.88	10.3431	144.88	13.0083	144.88	15.6851
144.98	1.85461	144.98	6.96413	144.98	10.351	144.98	13.0083	144.98	15.6929
145.08	1.85461	145.08	6.96413	145.08	10.3529	145.08	13.0083	145.08	15.6948
145.18	1.85461	145.18	6.97389	145.18	10.3529	145.18	13.0083	145.18	15.6948
145.28	1.85461	145.28	6.97389	145.28	10.3529	145.28	13.0181	145.28	15.6948
145.38	1.85461	145.38	6.97389	145.38	10.3529	145.38	13.0181	145.38	15.6948
145.48	1.85461	145.48	6.97389	145.48	10.3529	145.48	13.0181	145.48	15.6948
145.58	1.84485	145.58	6.9817	145.58	10.3627	145.58	13.0181	145.58	15.6948
145.68	1.85266	145.68	6.98366	145.68	10.3627	145.68	13.0259	145.68	15.6948
145.78	1.85461	145.78	6.98366	145.78	10.3627	145.78	13.0279	145.78	15.6948
145.88	1.8468	145.88	6.97585	145.88	10.3549	145.88	13.0201	145.88	15.7062
145.98	1.85266	145.98	6.9817	145.98	10.3607	145.98	13.0357	145.98	15.7144
146.08	1.85461	146.08	6.98366	146.08	10.3724	146.08	13.0376	146.08	15.7163
146.18	1.85657	146.18	6.99342	146.18	10.3744	146.18	13.0396	146.18	15.7085
146.28	1.87024	146.28	7.00124	146.28	10.3881	146.28	13.0455	146.28	15.7241
146.38	1.87415	146.38	7.00319	146.38	10.392	146.38	13.0552	146.38	15.7163
146.48	1.86438	146.48	6.99342	146.48	10.3822	146.48	13.0572	146.48	15.7163
146.58	1.87415	146.58	7.00319	146.58	10.4037	146.58	13.0669	146.58	15.7261
146.68	1.87415	146.68	7.00319	146.68	10.4037	146.68	13.0669	146.68	15.7261
146.78	1.86633	146.78	7.00319	146.78	10.3959	146.78	13.0591	146.78	15.7261
146.88	1.87219	146.88	7.011	146.88	10.4017	146.88	13.065	146.88	15.7339
146.98	1.87415	146.98	7.01295	146.98	10.4037	146.98	13.0669	146.98	15.7358
147.08	1.86633	147.08	7.00514	147.08	10.3959	147.08	13.0591	147.08	15.728
147.18	1.86438	147.18	7.00319	147.18	10.3939	147.18	13.0572	147.18	15.7261
147.28	1.86243	147.28	7.00319	147.28	10.4037	147.28	13.0572	147.28	15.7261
147.38	1.87415	147.38	7.00319	147.38	10.4037	147.38	13.0572	147.38	15.7261
147.48	1.86438	147.48	7.00319	147.48	10.4037	147.48	13.0669	147.48	15.7339
147.58	1.87219	147.58	7.011	147.58	10.4115	147.58	13.0826	147.58	15.7437
147.68	1.87415	147.68	7.02233	147.68	10.4135	147.68	13.0865	147.68	15.7456
147.78	1.87415	147.78	7.02467	147.78	10.4135	147.78	13.0865	147.78	15.7456
147.88	1.87415	147.88	7.02467	147.88	10.4232	147.88	13.0865	147.88	15.7456
147.98	1.87415	147.98	7.02467	147.98	10.4232	147.98	13.0865	147.98	15.7456
148.08	1.87415	148.08	7.02467	148.08	10.4232	148.08	13.0865	148.08	15.7456
148.18	1.87415	148.18	7.02467	148.18	10.4232	148.18	13.0962	148.18	15.7554
148.28	1.88586	148.28	7.03639	148.28	10.4349	148.28	13.108	148.28	15.7671
148.38	1.89368	148.38	7.03639	148.38	10.4349	148.38	13.108	148.38	15.7671
148.48	1.89563	148.48	7.03639	148.48	10.4349	148.48	13.108	148.48	15.7671
148.58	1.89563	148.58	7.0442	148.58	10.4428	148.58	13.108	148.58	15.7671
148.68	1.89563	148.68	7.04616	148.68	10.4545	148.68	13.108	148.68	15.7671
148.78	1.88782	148.78	7.03835	148.78	10.4467	148.78	13.1001	148.78	15.7671
148.88	1.88586	148.88	7.03639	148.88	10.4447	148.88	13.106	148.88	15.7671
148.98	1.88586	148.98	7.03639	148.98	10.4447	148.98	13.108	148.98	15.7671
149.08	1.88586	149.08	7.03639	149.08	10.4447	149.08	13.1177	149.08	15.7671
149.18	1.88586	149.18	7.03639	149.18	10.4447	149.18	13.1177	149.18	15.7671
149.28	1.88586	149.28	7.03639	149.28	10.4545	149.28	13.1177	149.28	15.7769
149.38	1.89563	149.38	7.04616	149.38	10.4642	149.38	13.1275	149.38	15.7866
149.48	1.89563	149.48	7.04616	149.48	10.4642	149.48	13.1275	149.48	15.7866
149.58	1.89563	149.58	7.05397	149.58	10.4642	149.58	13.1275	149.58	15.7944
149.68	1.89563	149.68	7.05592	149.68	10.4721	149.68	13.1275	149.68	15.7964
149.78	1.89563	149.78	7.05592	149.78	10.474	149.78	13.147	149.78	15.7964
149.88	1.89563	149.88	7.06764	149.88	10.474	149.88	13.149	149.88	15.7964
149.98	1.89563	149.98	7.06764	149.98	10.474	149.98	13.149	149.98	15.7964
150.08	1.9054	150.08	7.07741	150.08	10.4935	150.08	13.1587	150.08	15.8062
150.18	1.9054	150.18	7.07741	150.18	10.4935	150.18	13.1587	150.18	15.8062
150.28	1.9054	150.28	7.07741	150.28	10.4935	150.28	13.1685	150.28	15.8062
150.38	1.9054	150.38	7.07741	150.38	10.4935	150.38	13.1685	150.38	15.8159
150.48	1.89758	150.48	7.0696	150.48	10.4857	150.48	13.1607	150.48	15.8159
150.58	1.89563	150.58	7.06764	150.58	10.4838	150.58	13.1587	150.58	15.8159
150.68	1.89563	150.68	7.06764	150.68	10.4838	150.68	13.1587	150.68	15.8159
150.78	1.89563	150.78	7.06764	150.78	10.4838	150.78	13.1587	150.78	15.8159
150.88	1.9054	150.88	7.07741	150.88	10.5033	150.88	13.1685	150.88	15.8257
150.98	1.9054	150.98	7.07741	150.98	10.5111	150.98	13.1783	150.98	15.8257
151.08	1.9054	151.08	7.08522	151.08	10.5131	151.08	13.1783	151.08	15.8257
151.18	1.9054	151.18	7.08717	151.18	10.5131	151.18	13.1783	151.18	15.8433
151.28	1.91477	151.28	7.08717	151.28	10.5131	151.28	13.1783	151.28	15.8452
151.38	1.91711	151.38	7.08717	151.38	10.5131	151.38	13.1861	151.38	15.8452
151.48	1.91711	151.48	7.08717	151.48	10.5131	151.48	13.188	151.48	15.8452
151.58	1.90774	151.58	7.08756	151.58	10.5037	151.58	13.1787	151.58	15.8358
151.68	1.9054	151.68	7.08522	151.68	10.5014	151.68	13.1861	151.68	15.8335
151.78	1.9054	151.78	7.08522	151.78	10.5189	151.78	13.1861	151.78	15.8335
151.88	1.9054	151.88	7.08522	151.88	10.5209	151.88	13.1861	151.88	15.8335
151.98	1.9054	151.98	7.08522	151.98	10.5209	151.98	13.1958	151.98	15.8413
152.08	1.9054	152.08	7.08522	152.08	10.5209	152.08	13.1958	152.08	15.8433
152.18	1.9054	152.18	7.08522	152.18	10.5209	152.18	13.1958	152.18	15.8433
152.28	1.9054	152.28	7.08522	152.28	10.5209	152.28	13.1958	152.28	15.8433
152.38	1.91516	152.38	7.1028	152.38	10.5306	152.38	13.2056	152.38	15.8647
152.48	1.91516	152.48	7.10475	152.48	10.5404	152.48	13.2154	152.48	15.8647
152.58	1.91516	152.58	7.10475	152.58	10.5404	152.58	13.2154	152.58	15.8647
152.68	1.91516	152.68	7.10475	152.68	10.5404	152.68	13.2154	152.68	15.8647
152.78	1.91516	152.78	7.10475	152.78	10.5404	152.78	13.2154	152.78	15.8647
152.88	1.91516	152.88	7.10475	152.88	10.5498	152.88	13.2154	152.88	15.8647
152.98	1.90735	152.98	7.09694	152.98	10.5443	152.98	13.2076	152.98	15.8569
153.08	1.9054	153.08	7.09499	153.08	10.5424	153.08	13.2134	153.08	15.855
153.18	1.9054	153.18	7.10475	153.18	10.5521	153.18	13.2349	153.18	15.8647
153.28	1.9054	153.28	7.10475	153.28	10.5521	153.28	13.2349	153.28	15.8745
153.38	1.9054	153.38	7.10475	153.38	10.5639	153.38	13.2349	153.38	15.8745
153.48	1.9054	153.48	7.10475	153.48	10.5639	153.48	13.2349	153.48	15.8745
153.58	1.9054	153.58	7.10475	153.58	10.5639	153.58	13.2349	153.58	15.8745
153.68	1.9054	153.68	7.10475	153.68	10.5639	153.68	13.2349	153.68	15.8839
153.78	1.91321	153.78	7.10475	153.78	10.5639	153.78	13.2447	153.78	15.8862
153.88	1.91516	153.88	7.10475	153.88	10.5639	153.88	13.2447	153.88	15.8862
153.98	1.90735	153.98	7.09694	153.98	10.5658	153.98	13.2369	153.98	15.8784
154.08	1.9054	154.08	7.09499	154.08	10.5639	154.08	13.2349	154.08	15.8765
154.18	1.9054	154.18	7.1028	154.18	10.5717	154.18	13.2349	154.18	15.8765
154.28	1.9054	154.28	7.10475	154.28	10.5736	154.28	13.2349	154.28	15.8862
154.38	1.9054	154.38	7.11452	154.38	10.5736	154.38	13.2466	154.38	15.8862
154.48	1.91516	154.48	7.12428	154.48	10.5834	154.48	13.2564	154.48	15.896
154.58	1.91516	154.58	7.12428	154.58	10.5834	154.58	13.2564	154.58	15.896
154.68	1.91516	154.68	7.12428	154.68	10.5834	154.68	13.2564	154.68	15.9038
154.78	1.90344	154.78	7.12428	154.78	10.5834	154.78	13.2564	154.78	15.9058
154.88	1.90344	154.88	7.12428	154.88	10.5834	154.88	13.2564	154.88	15.9058
154.98	1.90344	154.98	7.12428	154.98	10.5834	154.98	13.2564	154.98	15.9058
155.08	1.90344	155.08	7.12428	155.08	10.5834	155.08	13.2564	155.08	15.9058
155.18	1.90344	155.18	7.12428	155.18	10.5834	155.18	13.2658	155.18	15.9058
155.28	1.90344	155.28	7.12428	155.28	10.5834	155.28	13.2681	155.28	15.9058
155.38	1.90344	155.38	7.12428	155.38	10.601	155.38	13.2779	155.38	15.9155
155.48	1.90344	155.48	7.1321	155.48	10.6029	155.48	13.2779	155.48	15.9155
155.58	1.90344	155.58	7.12624	155.58	10.5951	155.58	13.2701	155.58	15.9077
155.68	1.91321	155.68	7.13405	155.68	10.6029	155.68	13.2779	155.68	15.9233
155.78	1.91321	155.78	7.13405	155.78	10.6029	155.78	13.2779	155.78	15.9253
155.88	1.91321	155.88	7.13405	155.88	10.6029	155.88	13.2779	155.88	15.9253
155.98	1.91321	155.98	7.13405	155.98	10.6029	155.98	13.2779	155.98	15.9253
156.08	1.91321	156.08	7.13405	156.08	10.6029	156.08	13.2779	156.08	15.9253
156.18	1.90344	156.18	7.13405	156.18	10.6127	156.18	13.2955	156.18	15.9253
156.28	1.91321	156.28	7.13405	156.28	10.6127	156.28	13.2974	156.28	15.9253
156.38	1.9054	156.38	7.12624	156.38	10.6049	156.38	13.2896	156.38	15.9175
156.48	1.90344	156.48	7.12428	156.48	10.6029	156.48	13.2876	156.48	15.9155
156.58	1.91321	156.58	7.13405	156.58	10.6127	156.58	13.2974	156.58	15.9253
156.68	1.90344	156.68	7.14381	156.68	10.6127	156.68	13.2974	156.68	15.9253
156.78	1.90344	156.78	7.14381	156.78	10.6127	156.78	13.2974	156.78	15.9429
156.88	1.90344	156.88	7.14381	156.88	10.6224	156.88	13.2974	156.88	15.9448
156.98	1.91125	156.98	7.14381	156.98	10.6224	156.98	13.2974	156.98	15.9448
157.08	1.91321	157.08	7.14381	157.08	10.6224	157.08	13.2974	157.08	15.9448
157.18	1.91321	157.18	7.14381	157.18	10.6224	157.18	13.315	157.18	15.9448
157.28	1.91321	157.28	7.15163	157.28	10.6303	157.28	13.3169	157.28	15.9448
157.38	1.92493	157.38	7.1653	157.38	10.6439	157.38	13.3287	157.38	15.9565
157.48	1.92493	157.48	7.1653	157.48	10.6439	157.48	13.3287	157.48	15.9565
157.58	1.92493	157.58	7.1653	157.58	10.6537	157.58	13.3287	157.58	15.9565
157.68	1.92493	157.68	7.1653	157.68	10.6537	157.68	13.3287	157.68	15.9565
157.78	1.92493	157.78	7.1653	157.78	10.6537	157.78	13.3287	157.78	15.9565
157.88	1.93469	157.88	7.17506	157.88	10.6635	157.88	13.3462	157.88	15.9741
157.98	1.93469	157.98	7.17506	157.98	10.6635	157.98	13.3482	157.98	15.9761
158.08	1.93469	158.08	7.17506	158.08	10.6635	158.08	13.3482	158.08	15.9761
158.18	1.92688	158.18	7.16725	158.18	10.6635	158.18	13.3404	158.18	15.9683
158.28	1.92493	158.28	7.1653	158.28	10.6732	158.28	13.3384	158.28	15.9761
158.38	1.92493	158.38	7.1653	158.38	10.6732	158.38	13.3384	158.38	15.9761
158.48	1.93469	158.48	7.17506	158.48	10.683	158.48	13.3482	158.48	15.9858
158.58	1.93469	158.58	7.17506	158.58	10.683	158.58	13.3482	158.58	15.9858
158.68	1.93469	158.68	7.17506	158.68	10.683	158.68	13.3482	158.68	15.9858
158.78	1.93469	158.78	7.18483	158.78	10.683	158.78	13.3482	158.78	15.9858
158.88	1.93469	158.88	7.18483	158.88	10.683	158.88	13.358	158.88	15.9858
158.98	1.92688	158.98	7.17702	158.98	10.6752	158.98	13.3404	158.98	15.978
159.08	1.92493	159.08	7.17506	159.08	10.6732	159.08	13.356	159.08	15.9761
159.18	1.92493	159.18	7.17506	159.18	10.683	159.18	13.358	159.18	15.9761
159.28	1.92493	159.28	7.17506	159.28	10.683	159.28	13.358	159.28	15.9761
159.38	1.93469	159.38	7.18483	159.38	10.6928	159.38	13.3677	159.38	15.9937
159.48	1.93469	159.48	7.18483	159.48	10.6928	159.48	13.3677	159.48	15.9878
159.58	1.93469	159.58	7.18483	159.58	10.6928	159.58	13.3677	159.58	15.9956
159.68	1.93469	159.68	7.18483	159.68	10.7006	159.68	13.3677	159.68	16.0034
159.78	1.93469	159.78	7.18483	159.78	10.7025	159.78	13.3677	159.78	16.0054
159.88	1.92688	159.88	7.17702	159.88	10.6947	159.88	13.3677	159.88	15.9976
159.98	1.92493	159.98	7.17506	159.98	10.6928	159.98	13.3677	159.98	15.9956
160.08	1.92493	160.08	7.17506	160.08	10.6928	160.08	13.3677	160.08	15.9956
160.18	1.93469	160.18	7.19421	160.18	10.7142	160.18	13.3775	160.18	16.0054
160.28	1.92493	160.28	7.19655	160.28	10.7142	160.28	13.3775	160.28	16.0054
160.38	1.92493	160.38	7.19655	160.38	10.7142	160.38	13.3853	160.38	16.0054
160.48	1.92493	160.48	7.19655	160.48	10.7142	160.48	13.397	160.48	16.0132
160.58	1.92493	160.58	7.19655	160.58	10.7142	160.58	13.397	160.58	16.0151
160.68	1.92493	160.68	7.19655	160.68	10.7221	160.68	13.397	160.68	16.0151
160.78	1.92688	160.78	7.1985	160.78	10.726	160.78	13.399	160.78	16.0171
160.88	1.92493	160.88	7.19655	160.88	10.724	160.88	13.397	160.88	16.0249
160.98	1.93274	160.98	7.19655	160.98	10.724	160.98	13.397	160.98	16.0249
161.08	1.93469	161.08	7.19655	161.08	10.724	161.08	13.397	161.08	16.0249
161.18	1.93469	161.18	7.19655	161.18	10.724	161.18	13.397	161.18	16.0249
161.28	1.93469	161.28	7.20631	161.28	10.724	161.28	13.397	161.28	16.0249
161.38	1.93469	161.38	7.20631	161.38	10.724	161.38	13.397	161.38	16.0249
161.48	1.93469	161.48	7.20631	161.48	10.7338	161.48	13.4048	161.48	16.0249
161.58	1.93469	161.58	7.20631	161.58	10.7338	161.58	13.4068	161.58	16.0327
161.68	1.93469	161.68	7.20631	161.68	10.7338	161.68	13.4068	161.68	16.0347
161.78	1.92493	161.78	7.20631	161.78	10.7338	161.78	13.4068	161.78	16.0347
161.88	1.93469	161.88	7.21608	161.88	10.7435	161.88	13.4165	161.88	16.0444
161.98	1.93469	161.98	7.21608	161.98	10.7435	161.98	13.4165	161.98	16.0444
162.08	1.93469	162.08	7.22389	162.08	10.7435	162.08	13.4165	162.08	16.0444
162.18	1.9425	162.18	7.22585	162.18	10.7533	162.18	13.4165	162.18	16.0542
162.28	1.94446	162.28	7.22585	162.28	10.7533	162.28	13.4165	162.28	16.0542
162.38	1.94446	162.38	7.22585	162.38	10.7611	162.38	13.4165	162.38	16.0542
162.48	1.94485	162.48	7.22623	162.48	10.7635	162.48	13.4169	162.48	16.064
162.58	1.9425	162.58	7.22389	162.58	10.7611	162.58	13.4146	162.58	16.064
162.68	1.9425	162.68	7.22389	162.68	10.7611	162.68	13.4337	162.68	16.064
162.78	1.9425	162.78	7.22389	162.78	10.7709	162.78	13.4361	162.78	16.064
162.88	1.9425	162.88	7.2317	162.88	10.7709	162.88	13.4361	162.88	16.064
162.98	1.9425	162.98	7.23366	162.98	10.7709	162.98	13.4361	162.98	16.064
163.08	1.9425	163.08	7.23366	163.08	10.7709	163.08	13.4361	163.08	16.064
163.18	1.93274	163.18	7.23366	163.18	10.7709	163.18	13.4361	163.18	16.064
163.28	1.93274	163.28	7.23366	163.28	10.7709	163.28	13.4361	163.28	16.064
163.38	1.93274	163.38	7.23366	163.38	10.7709	163.38	13.4361	163.38	16.064
163.48	1.94446	163.48	7.24538	163.48	10.7826	163.48	13.4556	163.48	16.0757
163.58	1.95227	163.58	7.24538	163.58	10.7924	163.58	13.4576	163.58	16.0757
163.68	1.95422	163.68	7.24538	163.68	10.7924	163.68	13.4576	163.68	16.0757
163.78	1.95422	163.78	7.25319	163.78	10.7924	163.78	13.4576	163.78	16.0874
163.88	1.95422	163.88	7.25514	163.88	10.7924	163.88	13.4576	163.88	16.0874
163.98	1.94641	163.98	7.24733	163.98	10.7924	163.98	13.4498	163.98	16.0796
164.08	1.94446	164.08	7.24538	164.08	10.7924	164.08	13.4478	164.08	16.0854
164.18	1.95227	164.18	7.24538	164.18	10.7924	164.18	13.4478	164.18	16.0874
164.28	1.96399	164.28	7.25514	164.28	10.8021	164.28	13.4654	164.28	16.0972
164.38	1.96399	164.38	7.26491	164.38	10.8021	164.38	13.4673	164.38	16.0972
164.48	1.96399	164.48	7.26491	164.48	10.8119	164.48	13.4673	164.48	16.0972
164.58	1.96399	164.58	7.26491	164.58	10.8119	164.58	13.4673	164.58	16.0972
164.68	1.96399	164.68	7.26491	164.68	10.8119	164.68	13.4673	164.68	16.0972
164.78	1.96399	164.78	7.26491	164.78	10.8119	164.78	13.4771	164.78	16.0972
164.88	1.96399	164.88	7.26491	164.88	10.8119	164.88	13.4771	164.88	16.0972
164.98	1.96399	164.98	7.27272	164.98	10.8119	164.98	13.4771	164.98	16.0972
165.08	1.97375	165.08	7.28444	165.08	10.8217	165.08	13.4947	165.08	16.1069
165.18	1.97375	165.18	7.28444	165.18	10.8314	165.18	13.4966	165.18	16.1245
165.28	1.97375	165.28	7.27663	165.28	10.8236	165.28	13.4888	165.28	16.1187
165.38	1.97375	165.38	7.27467	165.38	10.8217	165.38	13.4869	165.38	16.1167
165.48	1.97375	165.48	7.27467	165.48	10.8217	165.48	13.4869	165.48	16.1167
165.58	1.96399	165.58	7.27467	165.58	10.8217	165.58	13.4869	165.58	16.1167
165.68	1.97375	165.68	7.27467	165.68	10.8217	165.68	13.4869	165.68	16.1167
165.78	1.97375	165.78	7.27467	165.78	10.8217	165.78	13.4869	165.78	16.1245
165.88	1.97375	165.88	7.27467	165.88	10.8217	165.88	13.4869	165.88	16.1265
165.98	1.98352	165.98	7.29225	165.98	10.8412	165.98	13.4966	165.98	16.1362
166.08	1.98352	166.08	7.2942	166.08	10.8412	166.08	13.5044	166.08	16.1362
166.18	1.97571	166.18	7.28639	166.18	10.8334	166.18	13.4986	166.18	16.1284
166.28	1.97375	166.28	7.28444	166.28	10.8408	166.28	13.4966	166.28	16.1265
166.38	1.97375	166.38	7.28444	166.38	10.8431	166.38	13.4966	166.38	16.1265
166.48	1.97375	166.48	7.28444	166.48	10.8431	166.48	13.5083	166.48	16.1265
166.58	1.98352	166.58	7.2942	166.58	10.8529	166.58	13.5181	166.58	16.1362
166.68	1.98352	166.68	7.2942	166.68	10.8529	166.68	13.5181	166.68	16.1538
166.78	1.98352	166.78	7.2942	166.78	10.8529	166.78	13.5181	166.78	16.1558
166.88	1.98352	166.88	7.2942	166.88	10.8646	166.88	13.5181	166.88	16.1558
166.98	1.98352	166.98	7.2942	166.98	10.8646	166.98	13.5181	166.98	16.1558
167.08	1.98508	167.08	7.2942	167.08	10.8568	167.08	13.5103	167.08	16.1479
167.18	1.98547	167.18	7.2942	167.18	10.8549	167.18	13.5162	167.18	16.146
167.28	1.99524	167.28	7.31374	167.28	10.8646	167.28	13.5279	167.28	16.1558
167.38	1.99524	167.38	7.31374	167.38	10.8646	167.38	13.5279	167.38	16.1558
167.48	1.99524	167.48	7.31374	167.48	10.8744	167.48	13.5279	167.48	16.1558
167.58	1.99524	167.58	7.31374	167.58	10.8744	167.58	13.5279	167.58	16.1558
167.68	1.99524	167.68	7.31374	167.68	10.8744	167.68	13.5376	167.68	16.1558
167.78	1.99524	167.78	7.31374	167.78	10.8744	167.78	13.5376	167.78	16.1636
167.88	1.99524	167.88	7.31374	167.88	10.8744	167.88	13.5376	167.88	16.1655
167.98	1.99524	167.98	7.31374	167.98	10.8744	167.98	13.5376	167.98	16.1655
168.08	1.99524	168.08	7.31374	168.08	10.8744	168.08	13.5376	168.08	16.1655
168.18	1.99524	168.18	7.31374	168.18	10.8744	168.18	13.5376	168.18	16.1753
168.28	2.01282	168.28	7.3235	168.28	10.8939	168.28	13.5474	168.28	16.1851
168.38	2.01477	168.38	7.3235	168.38	10.9017	168.38	13.5552	168.38	16.1851
168.48	2.005	168.48	7.3235	168.48	10.9037	168.48	13.5572	168.48	16.1851
168.58	2.005	168.58	7.3235	168.58	10.9037	168.58	13.5572	168.58	16.1851
168.68	2.005	168.68	7.33131	168.68	10.9037	168.68	13.5669	168.68	16.1851
168.78	1.99719	168.78	7.32545	168.78	10.8959	168.78	13.5591	168.78	16.1772
168.88	1.99524	168.88	7.3235	168.88	10.8939	168.88	13.5572	168.88	16.1831
168.98	1.99524	168.98	7.3235	168.98	10.8939	168.98	13.5572	168.98	16.1851
169.08	1.99524	169.08	7.3235	169.08	10.8939	169.08	13.5572	169.08	16.1948
169.18	1.99524	169.18	7.3235	169.18	10.8939	169.18	13.5572	169.18	16.1948
169.28	1.99524	169.28	7.3235	169.28	10.8939	169.28	13.5572	169.28	16.1948
169.38	1.99524	169.38	7.3235	169.38	10.9037	169.38	13.5572	169.38	16.1948
169.48	1.99524	169.48	7.3235	169.48	10.9037	169.48	13.5572	169.48	16.1948
169.58	1.99524	169.58	7.33522	169.58	10.9037	169.58	13.5572	169.58	16.1948
169.68	1.98743	169.68	7.32741	169.68	10.8959	169.68	13.5591	169.68	16.187
169.78	1.98547	169.78	7.32545	169.78	10.8939	169.78	13.5572	169.78	16.1851
169.88	1.99329	169.88	7.32545	169.88	10.8939	169.88	13.565	169.88	16.1948
169.98	1.99524	169.98	7.32545	169.98	10.8939	169.98	13.5669	169.98	16.1948
170.08	1.99524	170.08	7.32545	170.08	10.8939	170.08	13.5669	170.08	16.1948
170.18	1.99524	170.18	7.32545	170.18	10.8939	170.18	13.5669	170.18	16.1948
170.28	1.99524	170.28	7.32545	170.28	10.9037	170.28	13.5669	170.28	16.1948
170.38	1.99524	170.38	7.32545	170.38	10.9037	170.38	13.5669	170.38	16.1948
170.48	2.005	170.48	7.33522	170.48	10.9135	170.48	13.5767	170.48	16.2046
170.58	2.005	170.58	7.33522	170.58	10.9135	170.58	13.5767	170.58	16.2124
170.68	2.005	170.68	7.3446	170.68	10.9135	170.68	13.5865	170.68	16.2144
170.78	2.01282	170.78	7.34694	170.78	10.9135	170.78	13.5865	170.78	16.2144
170.88	2.01477	170.88	7.34694	170.88	10.9135	170.88	13.5865	170.88	16.2241
170.98	2.01477	170.98	7.34694	170.98	10.9135	170.98	13.5865	170.98	16.2241
171.08	2.01477	171.08	7.34694	171.08	10.9232	171.08	13.5865	171.08	16.2241
171.18	2.01477	171.18	7.34694	171.18	10.9232	171.18	13.5865	171.18	16.2241
171.28	2.01477	171.28	7.3567	171.28	10.9232	171.28	13.5865	171.28	16.2241
171.38	2.005	171.38	7.3567	171.38	10.9232	171.38	13.5962	171.38	16.2241
171.48	2.01672	171.48	7.36842	171.48	10.9349	171.48	13.608	171.48	16.2358
171.58	2.01672	171.58	7.36842	171.58	10.9349	171.58	13.608	171.58	16.2456
171.68	2.01672	171.68	7.36842	171.68	10.9349	171.68	13.608	171.68	16.2456
171.78	2.01672	171.78	7.36842	171.78	10.9349	171.78	13.608	171.78	16.2456
171.88	2.02454	171.88	7.36842	171.88	10.9447	171.88	13.608	171.88	16.2456
171.98	2.02649	171.98	7.36842	171.98	10.9447	171.98	13.608	171.98	16.2456
172.08	2.02649	172.08	7.37819	172.08	10.9447	172.08	13.6271	172.08	16.2456
172.18	2.02649	172.18	7.37819	172.18	10.9447	172.18	13.6294	172.18	16.2534
172.28	2.01868	172.28	7.37038	172.28	10.9369	172.28	13.6216	172.28	16.2476
172.38	2.02454	172.38	7.37624	172.38	10.9428	172.38	13.6275	172.38	16.2456
172.48	2.01868	172.48	7.37819	172.48	10.9467	172.48	13.6216	172.48	16.2378
172.58	2.01672	172.58	7.37819	172.58	10.9447	172.58	13.6197	172.58	16.2358
172.68	2.01672	172.68	7.37819	172.68	10.9447	172.68	13.6294	172.68	16.2358
172.78	2.02649	172.78	7.38795	172.78	10.9545	172.78	13.6392	172.78	16.2456
172.88	2.01672	172.88	7.37819	172.88	10.9545	172.88	13.6392	172.88	16.2456
172.98	2.01672	172.98	7.38795	172.98	10.9545	172.98	13.6392	172.98	16.2573
173.08	2.01672	173.08	7.38795	173.08	10.9545	173.08	13.6392	173.08	16.2573
173.18	2.02454	173.18	7.38795	173.18	10.9545	173.18	13.6392	173.18	16.2651
173.28	2.02649	173.28	7.38795	173.28	10.9545	173.28	13.6392	173.28	16.2671
173.38	2.02649	173.38	7.38795	173.38	10.9545	173.38	13.6392	173.38	16.2671
173.48	2.02649	173.48	7.38795	173.48	10.9642	173.48	13.6392	173.48	16.2671
173.58	2.01711	173.58	7.37858	173.58	10.9549	173.58	13.6396	173.58	16.2577
173.68	2.01477	173.68	7.38405	173.68	10.9603	173.68	13.6373	173.68	16.2554
173.78	2.02258	173.78	7.386	173.78	10.9623	173.78	13.6373	173.78	16.2554
173.88	2.01672	173.88	7.386	173.88	10.9545	173.88	13.6373	173.88	16.2554
173.98	2.02258	173.98	7.386	173.98	10.9603	173.98	13.6373	173.98	16.2554
174.08	2.02454	174.08	7.386	174.08	10.9623	174.08	13.6373	174.08	16.2554
174.18	2.02454	174.18	7.386	174.18	10.9623	174.18	13.6373	174.18	16.2554
174.28	2.01477	174.28	7.386	174.28	10.9623	174.28	13.6373	174.28	16.2651
174.38	2.02454	174.38	7.39577	174.38	10.9721	174.38	13.6548	174.38	16.2749
174.48	2.02454	174.48	7.39577	174.48	10.9721	174.48	13.6685	174.48	16.2749
174.58	2.01672	174.58	7.38795	174.58	10.9642	174.58	13.6607	174.58	16.2671
174.68	2.01477	174.68	7.386	174.68	10.974	174.68	13.6587	174.68	16.2651
174.78	2.01477	174.78	7.386	174.78	10.974	174.78	13.6509	174.78	16.2651
174.88	2.01477	174.88	7.386	174.88	10.974	174.88	13.6568	174.88	16.2651
174.98	2.01477	174.98	7.386	174.98	10.974	174.98	13.6509	174.98	16.2651
175.08	2.01477	175.08	7.386	175.08	10.974	175.08	13.6568	175.08	16.2651
175.18	2.01477	175.18	7.39577	175.18	10.9838	175.18	13.6607	175.18	16.2749
175.28	2.01477	175.28	7.39577	175.28	10.9838	175.28	13.6587	175.28	16.2749
175.38	2.02258	175.38	7.40358	175.38	10.9838	175.38	13.6587	175.38	16.2749
175.48	2.01282	175.48	7.40553	175.48	10.9838	175.48	13.6587	175.48	16.2749
175.58	2.01282	175.58	7.40553	175.58	10.9838	175.58	13.6587	175.58	16.2749
175.68	2.01282	175.68	7.40553	175.68	10.976	175.68	13.6587	175.68	16.2843
175.78	2.01282	175.78	7.40553	175.78	10.9916	175.78	13.6587	175.78	16.2772
175.88	2.01282	175.88	7.4153	175.88	10.9935	175.88	13.6587	175.88	16.2749
175.98	2.01282	175.98	7.4153	175.98	10.9935	175.98	13.6587	175.98	16.2749
176.08	2.01282	176.08	7.4153	176.08	10.9935	176.08	13.6685	176.08	16.2749
176.18	2.01282	176.18	7.4153	176.18	10.9935	176.18	13.6685	176.18	16.2847
176.28	2.01282	176.28	7.4153	176.28	10.9857	176.28	13.6685	176.28	16.2847
176.38	2.00305	176.38	7.4153	176.38	10.9916	176.38	13.6763	176.38	16.2847
176.48	2.01282	176.48	7.42506	176.48	11.0033	176.48	13.688	176.48	16.2944
176.58	2.005	176.58	7.41725	176.58	10.9877	176.58	13.6802	176.58	16.2866
176.68	2.00305	176.68	7.42506	176.68	10.9838	176.68	13.6783	176.68	16.2847
176.78	2.00305	176.78	7.43288	176.78	10.9935	176.78	13.6783	176.78	16.2944
176.88	2.00305	176.88	7.43483	176.88	10.9838	176.88	13.6783	176.88	16.2944
176.98	2.00305	176.98	7.43483	176.98	10.9935	176.98	13.6783	176.98	16.2944
177.08	2.01282	177.08	7.4446	177.08	11.0033	177.08	13.688	177.08	16.2944
177.18	2.02219	177.18	7.4446	177.18	11.0033	177.18	13.688	177.18	16.3042
177.28	2.0343	177.28	7.45436	177.28	11.0131	177.28	13.7076	177.28	16.3042
177.38	2.0343	177.38	7.45436	177.38	11.0209	177.38	13.7154	177.38	16.314
177.48	2.0343	177.48	7.46217	177.48	11.0228	177.48	13.7173	177.48	16.3042
177.58	2.05188	177.58	7.47389	177.58	11.0326	177.58	13.729	177.58	16.3237
177.68	2.05383	177.68	7.47389	177.68	11.0326	177.68	13.7271	177.68	16.3237
177.78	2.04407	177.78	7.47389	177.78	11.0326	177.78	13.7369	177.78	16.3237
177.88	2.04407	177.88	7.46413	177.88	11.0326	177.88	13.7466	177.88	16.314
177.98	2.05383	177.98	7.47389	177.98	11.0424	177.98	13.774	177.98	16.3237
178.08	2.03625	178.08	7.46413	178.08	11.0346	178.08	13.7583	178.08	16.2983
178.18	2.0343	178.18	7.47389	178.18	11.0326	178.18	13.7564	178.18	16.2847
178.28	2.02454	178.28	7.45631	178.28	11.0228	178.28	13.7564	178.28	16.2632
178.38	2.08508	178.38	7.51491	178.38	11.0658	178.38	13.7798	178.38	16.2749
178.48	2.07532	178.48	7.48756	178.48	11.0463	178.48	13.7681	178.48	16.2671
178.58	2.07532	178.58	7.49538	178.58	11.0521	178.58	13.7505	178.58	16.2651
178.68	2.08508	178.68	7.49538	178.68	11.0443	178.68	13.7388	178.68	16.2769
178.78	2.08508	178.78	7.50319	178.78	11.0248	178.78	13.7369	178.78	16.2827
178.88	2.07532	178.88	7.49538	178.88	11.0619	178.88	13.7623	178.88	16.2866
178.98	2.08508	178.98	7.48756	178.98	11.0951	178.98	13.7779	178.98	16.3155
179.08	2.07571	179.08	7.47428	179.08	11.1033	179.08	13.7607	179.08	16.3163
179.18	2.10266	179.18	7.511	179.18	10.9408	179.18	13.6275	179.18	16.3433
179.28	2.11243	179.28	7.53444	179.28	10.9916	179.28	13.6783	179.28	16.3706
179.38	2.13977	179.38	7.56921	179.38	11.0014	179.38	13.6861	179.38	16.4054
179.48	2.07883	179.48	7.57741	179.48	10.9623	179.48	13.6783	179.48	16.3433
179.58	2.09133	179.58	7.50163	179.58	10.9158	179.58	13.6517	179.58	16.4354
179.68	1.72571	179.68	7.4278	179.68	12.0442	179.68	14.463	179.68	16.6456
179.78	1.09055	179.78	6.8028	179.78	12.2869	179.78	14.8908	179.78	15.6644
179.88	0.658913	179.88	6.24538	179.88	12.0502	179.88	14.7005	179.88	14.2558
179.98	0.333527	179.98	5.87819	179.98	11.3684	179.98	14.1665	179.98	13.3628
180.08	0.351097	180.08	5.86765	180.08	8.83338	180.08	11.7052	180.08	11.6843
180.18	1.38703	180.18	6.75905	180.18	7.22176	180.18	10.4876	180.18	12.4761
180.28	1.86906	180.28	7.2606	180.28	9.53611	180.28	12.0642	180.28	14.5433
180.38	2.07845	180.38	7.41296	180.38	10.8775	180.38	13.3279	180.38	15.8433
180.48	2.26204	180.48	7.66022	180.48	11.2752	180.48	13.8736	180.48	16.3718
180.58	2.10149	180.58	7.5235	180.58	11.1537	180.58	13.8283	180.58	16.4983
180.68	2.06125	180.68	7.42506	180.68	10.9826	180.68	13.5771	180.68	16.3901
180.78	2.07336	180.78	7.38014	180.78	10.8685	180.78	13.4111	180.78	16.3101
180.88	2.04251	180.88	7.30788	180.88	10.8764	180.88	13.4943	180.88	16.3952
180.98	2.02454	180.98	7.34147	180.98	10.8603	180.98	13.5162	180.98	16.4796
181.08	1.98586	181.08	7.28835	181.08	10.8529	181.08	13.4888	181.08	16.4034
181.18	1.9304	181.18	7.25905	181.18	10.8408	181.18	13.5041	181.18	16.3819
181.28	1.95852	181.28	7.29225	181.28	10.8631	181.28	13.5611	181.28	16.3397
181.38	1.97766	181.38	7.29616	181.38	10.8818	181.38	13.5361	181.38	16.314
181.48	1.96946	181.48	7.28796	181.48	10.8588	181.48	13.5431	181.48	16.2378
181.58	1.94446	181.58	7.28483	181.58	10.8236	181.58	13.5259	181.58	16.1835
181.68	1.93665	181.68	7.24733	181.68	10.8099	181.68	13.5158	181.68	16.1554
181.78	1.92532	181.78	7.23366	181.78	10.7924	181.78	13.5107	181.78	16.1405
181.88	1.90344	181.88	7.22389	181.88	10.7709	181.88	13.4962	181.88	16.1144
181.98	1.91516	181.98	7.21022	181.98	10.765	181.98	13.5162	181.98	16.105
182.08	1.90344	182.08	7.21022	182.08	10.7396	182.08	13.4771	182.08	16.0796
182.18	1.91125	182.18	7.2317	182.18	10.7494	182.18	13.481	182.18	16.0796
182.28	1.90344	182.28	7.20436	182.28	10.7416	182.28	13.4751	182.28	16.0733
182.38	1.90344	182.38	7.21217	182.38	10.7572	182.38	13.479	182.38	16.0894
182.48	1.92102	182.48	7.22194	182.48	10.7783	182.48	13.483	182.48	16.1089
182.58	1.91321	182.58	7.21413	182.58	10.7631	182.58	13.4751	182.58	16.1011
182.68	1.90149	182.68	7.21413	182.68	10.7611	182.68	13.4728	182.68	16.0815
182.78	1.90149	182.78	7.20631	182.78	10.7514	182.78	13.4634	182.78	16.0718
182.88	1.90305	182.88	7.20202	182.88	10.751	182.88	13.465	182.88	16.0905
182.98	1.90344	182.98	7.21608	182.98	10.7439	182.98	13.4576	182.98	16.0835
183.08	1.91516	183.08	7.20436	183.08	10.7494	183.08	13.4458	183.08	16.0913
183.18	1.91516	183.18	7.20241	183.18	10.7494	183.18	13.4458	183.18	16.0913
183.28	1.9054	183.28	7.17702	183.28	10.7416	183.28	13.4361	183.28	16.0835
183.38	1.9054	183.38	7.17506	183.38	10.7416	183.38	13.4244	183.38	16.0737
183.48	1.91516	183.48	7.17506	183.48	10.7396	183.48	13.4244	183.48	16.0698
183.58	1.91516	183.58	7.18288	183.58	10.7494	183.58	13.4244	183.58	16.0796
183.68	1.9136	183.68	7.18327	183.68	10.7513	183.68	13.4341	183.68	16.0894
183.78	1.9054	183.78	7.17311	183.78	10.7416	183.78	13.4087	183.78	16.064
183.88	1.90149	183.88	7.16335	183.88	10.7299	183.88	13.3951	183.88	16.0616
183.98	1.90501	183.98	7.16491	183.98	10.7334	183.98	13.4044	183.98	16.0558
184.08	1.88782	184.08	7.15553	184.08	10.7142	184.08	13.3892	184.08	16.0444
184.18	1.8761	184.18	7.14772	184.18	10.7045	184.18	13.3794	184.18	16.0269
184.28	1.88586	184.28	7.15358	184.28	10.7045	184.28	13.3775	184.28	16.0327
184.38	1.88586	184.38	7.15553	184.38	10.7123	184.38	13.3775	184.38	16.0347
184.48	1.88586	184.48	7.14577	184.48	10.7123	184.48	13.3658	184.48	16.0151
184.58	1.88586	184.58	7.14577	184.58	10.7045	184.58	13.3755	184.58	16.0249
184.68	1.8843	184.68	7.14381	184.68	10.7025	184.68	13.358	184.68	16.0151
184.78	1.89172	184.78	7.15553	184.78	10.7123	184.78	13.3658	184.78	16.0054
184.88	1.88391	184.88	7.13444	184.88	10.6849	184.88	13.3462	184.88	15.9839
184.98	1.88977	184.98	7.14772	184.98	10.6908	184.98	13.3619	184.98	15.9897
185.08	1.88391	185.08	7.13405	185.08	10.683	185.08	13.3462	185.08	15.9819
185.18	1.89524	185.18	7.15319	185.18	10.6924	185.18	13.3458	185.18	15.9835
185.28	1.89368	185.28	7.14577	185.28	10.6834	185.28	13.3462	185.28	15.9741
185.38	1.89563	185.38	7.136	185.38	10.681	185.38	13.3462	185.38	15.9644
185.48	1.89563	185.48	7.15358	185.48	10.6713	185.48	13.3462	185.48	15.9644
185.58	1.9054	185.58	7.15553	185.58	10.6791	185.58	13.3384	185.58	15.9644
185.68	1.89407	185.68	7.15358	185.68	10.6791	185.68	13.3365	185.68	15.9526
185.78	1.90149	185.78	7.14577	185.78	10.6713	185.78	13.3267	185.78	15.9429
185.88	1.89563	185.88	7.13795	185.88	10.6615	185.88	13.3193	185.88	15.9351
185.98	1.89368	185.98	7.136	185.98	10.6517	185.98	13.3033	185.98	15.9233
186.08	1.89524	186.08	7.13561	186.08	10.6514	186.08	13.3048	186.08	15.9151
186.18	1.89563	186.18	7.13639	186.18	10.6537	186.18	13.3052	186.18	15.9077
186.28	1.90344	186.28	7.12624	186.28	10.6342	186.28	13.2876	186.28	15.896
186.38	1.91516	186.38	7.13405	186.38	10.642	186.38	13.2955	186.38	15.896
186.48	1.89563	186.48	7.12624	186.48	10.6244	186.48	13.2857	186.48	15.8862
186.58	1.9054	186.58	7.12428	186.58	10.6303	186.58	13.2759	186.58	15.8823
186.68	1.89563	186.68	7.12428	186.68	10.6303	186.68	13.274	186.68	15.8726
186.78	1.90344	186.78	7.1321	186.78	10.6322	186.78	13.2662	186.78	15.8726
186.88	1.90383	186.88	7.13405	186.88	10.6303	186.88	13.2642	186.88	15.8726
186.98	1.91477	186.98	7.13561	186.98	10.6338	186.98	13.2755	186.98	15.8741
187.08	1.9054	187.08	7.136	187.08	10.6244	187.08	13.2505	187.08	15.8569
187.18	1.9054	187.18	7.12624	187.18	10.6131	187.18	13.2466	187.18	15.8452
187.28	1.91516	187.28	7.12624	187.28	10.6127	187.28	13.2466	187.28	15.8452
187.38	1.9054	187.38	7.13405	187.38	10.6107	187.38	13.2388	187.38	15.8452
187.48	1.89758	187.48	7.11686	187.48	10.5951	187.48	13.229	187.48	15.8198
187.58	1.89563	187.58	7.12624	187.58	10.5931	187.58	13.2271	187.58	15.8159
187.68	1.90344	187.68	7.11647	187.68	10.5912	187.68	13.2193	187.68	15.8159
187.78	1.9054	187.78	7.12428	187.78	10.5931	187.78	13.2271	187.78	15.814
187.88	1.90188	187.88	7.12428	187.88	10.5892	187.88	13.2173	187.88	15.812
187.98	1.90149	187.98	7.12428	187.98	10.5912	187.98	13.2134	187.98	15.812
188.08	1.89368	188.08	7.11452	188.08	10.5814	188.08	13.2056	188.08	15.7866
188.18	1.89329	188.18	7.12585	188.18	10.583	188.18	13.1974	188.18	15.7843
188.28	1.90344	188.28	7.11647	188.28	10.5736	188.28	13.1958	188.28	15.7847
188.38	1.89563	188.38	7.11452	188.38	10.5717	188.38	13.1958	188.38	15.7749
188.48	1.89758	188.48	7.11842	188.48	10.5736	188.48	13.188	188.48	15.7671
188.58	1.89563	188.58	7.10514	188.58	10.5623	188.58	13.1861	188.58	15.7554
188.68	1.89563	188.68	7.11256	188.68	10.5697	188.68	13.1865	188.68	15.7554
188.78	1.89407	188.78	7.10475	188.78	10.5619	188.78	13.1744	188.78	15.7554
188.88	1.89172	188.88	7.10475	188.88	10.5599	188.88	13.1665	188.88	15.7437
188.98	1.90344	188.98	7.10475	188.98	10.5619	188.98	13.1646	188.98	15.7534
189.08	1.89563	189.08	7.09499	189.08	10.5521	189.08	13.1568	189.08	15.7358
189.18	1.88352	189.18	7.0946	189.18	10.542	189.18	13.1466	189.18	15.7237
189.28	1.89368	189.28	7.09499	189.28	10.5424	189.28	13.1451	189.28	15.7241
189.38	1.90149	189.38	7.1028	189.38	10.5404	189.38	13.1451	189.38	15.7147
189.48	1.89368	189.48	7.09499	189.48	10.5326	189.48	13.1373	189.48	15.7026
189.58	1.89758	189.58	7.08717	189.58	10.5326	189.58	13.1275	189.58	15.6948
189.68	1.88586	189.68	7.09303	189.68	10.5228	189.68	13.1255	189.68	15.6831
189.78	1.88586	189.78	7.08366	189.78	10.5131	189.78	13.1177	189.78	15.6831
189.88	1.89368	189.88	7.08327	189.88	10.5209	189.88	13.1255	189.88	15.6831
189.98	1.89407	189.98	7.09108	189.98	10.5115	189.98	13.108	189.98	15.6714
190.08	1.88548	190.08	7.08483	190.08	10.5107	190.08	13.1076	190.08	15.673
190.18	1.89563	190.18	7.08522	190.18	10.5131	190.18	13.1177	190.18	15.6655
190.28	1.87805	190.28	7.07936	190.28	10.5033	190.28	13.0923	190.28	15.646
190.38	1.8761	190.38	7.07545	190.38	10.4935	190.38	13.0884	190.38	15.6343
190.48	1.8761	190.48	7.08717	190.48	10.5014	190.48	13.0982	190.48	15.644
190.58	1.88196	190.58	7.07545	190.58	10.4916	190.58	13.0845	190.58	15.6323
190.68	1.89368	190.68	7.08327	190.68	10.4916	190.68	13.0865	190.68	15.6421
190.78	1.88391	190.78	7.08522	190.78	10.4896	190.78	13.0845	190.78	15.6323
190.88	1.88235	190.88	7.07545	190.88	10.4818	190.88	13.0654	190.88	15.6147
190.98	1.88196	190.98	7.07545	190.98	10.4818	190.98	13.065	190.98	15.605
191.08	1.88391	191.08	7.07389	191.08	10.4721	191.08	13.063	191.08	15.603
191.18	1.87571	191.18	7.0653	191.18	10.4619	191.18	13.047	191.18	15.5948
191.28	1.89368	191.28	7.08327	191.28	10.474	191.28	13.0552	191.28	15.5933
191.38	1.89563	191.38	7.07545	191.38	10.4623	191.38	13.0552	191.38	15.5854
191.48	1.87805	191.48	7.05788	191.48	10.4564	191.48	13.0396	191.48	15.5659
191.58	1.88586	191.58	7.06569	191.58	10.4623	191.58	13.0357	191.58	15.5737
191.68	1.88586	191.68	7.06374	191.68	10.4529	191.68	13.0357	191.68	15.564
191.78	1.89368	191.78	7.06569	191.78	10.4603	191.78	13.0376	191.78	15.564
191.88	1.89368	191.88	7.06374	191.88	10.4506	191.88	13.024	191.88	15.5542
191.98	1.90188	191.98	7.07155	191.98	10.4584	191.98	13.0259	191.98	15.5522
192.08	1.89329	192.08	7.0653	192.08	10.4521	192.08	13.0255	192.08	15.5538
192.18	1.88586	192.18	7.05631	192.18	10.4428	192.18	13.0083	192.18	15.5366
192.28	1.88391	192.28	7.06178	192.28	10.4428	192.28	13.0083	192.28	15.5269
192.38	1.89172	192.38	7.05397	192.38	10.433	192.38	13.0064	192.38	15.5249
192.48	1.89368	192.48	7.05397	192.48	10.4408	192.48	12.9986	192.48	15.5249
192.58	1.89563	192.58	7.06374	192.58	10.433	192.58	12.9966	192.58	15.5249
192.68	1.87805	192.68	7.04811	192.68	10.4154	192.68	12.981	192.68	15.4976
192.78	1.88586	192.78	7.04616	192.78	10.4213	192.78	12.9771	192.78	15.4937
192.88	1.88586	192.88	7.0442	192.88	10.4135	192.88	12.9771	192.88	15.4937
192.98	1.89368	192.98	7.05592	192.98	10.4213	192.98	12.9775	192.98	15.4858
193.08	1.89563	193.08	7.05553	193.08	10.4135	193.08	12.9767	193.08	15.4855
193.18	1.88391	193.18	7.03835	193.18	10.4017	193.18	12.9556	193.18	15.4663
193.28	1.89368	193.28	7.04616	193.28	10.4017	193.28	12.9556	193.28	15.4644
193.38	1.89368	193.38	7.0442	193.38	10.3998	193.38	12.9537	193.38	15.455
193.48	1.89368	193.48	7.04459	193.48	10.4017	193.48	12.9556	193.48	15.4526
193.58	1.90149	193.58	7.04225	193.58	10.3998	193.58	12.9439	193.58	15.4526
193.68	1.9054	193.68	7.04616	193.68	10.3939	193.68	12.938	193.68	15.4448
193.78	1.89368	193.78	7.03444	193.78	10.39	193.78	12.9341	193.78	15.4331
193.88	1.89563	193.88	7.03249	193.88	10.3822	193.88	12.9244	193.88	15.4331
193.98	1.90344	193.98	7.0442	193.98	10.3822	193.98	12.9263	193.98	15.4312
194.08	1.9054	194.08	7.04225	194.08	10.3803	194.08	12.9244	194.08	15.4233
194.18	1.89602	194.18	7.03639	194.18	10.3744	194.18	12.9185	194.18	15.4136
194.28	1.90305	194.28	7.02624	194.28	10.3721	194.28	12.9064	194.28	15.4132
194.38	1.9054	194.38	7.0442	194.38	10.3744	194.38	12.9165	194.38	15.4136
194.48	1.89758	194.48	7.02858	194.48	10.3646	194.48	12.9009	194.48	15.3979
194.58	1.88586	194.58	7.01686	194.58	10.3533	194.58	12.8873	194.58	15.3843
194.68	1.90344	194.68	7.02467	194.68	10.3607	194.68	12.8892	194.68	15.394
194.78	1.89368	194.78	7.02467	194.78	10.351	194.78	12.8853	194.78	15.3823
194.88	1.89563	194.88	7.02467	194.88	10.351	194.88	12.8697	194.88	15.3765
194.98	1.88391	194.98	7.01334	194.98	10.3412	194.98	12.8658	194.98	15.3628
195.08	1.90149	195.08	7.01295	195.08	10.349	195.08	12.8755	195.08	15.3726
195.18	1.90344	195.18	7.02077	195.18	10.351	195.18	12.8755	195.18	15.3628
195.28	1.8843	195.28	7.00514	195.28	10.3412	195.28	12.8486	195.28	15.3472
195.38	1.90305	195.38	7.01257	195.38	10.3428	195.38	12.8556	195.38	15.3448
195.48	1.89563	195.48	7.01686	195.48	10.3334	195.48	12.8482	195.48	15.3452
195.58	1.89758	195.58	7.01686	195.58	10.3334	195.58	12.8482	195.58	15.3374
195.68	1.89368	195.68	7.0071	195.68	10.3236	195.68	12.8365	195.68	15.3354
195.78	1.9054	195.78	7.0071	195.78	10.3314	195.78	12.8384	195.78	15.3374
195.88	1.89563	195.88	7.01491	195.88	10.3314	195.88	12.8365	195.88	15.3237
195.98	1.89563	195.98	6.99928	195.98	10.3158	195.98	12.8208	195.98	15.3062
196.08	1.89563	196.08	6.99733	196.08	10.3217	196.08	12.8267	196.08	15.314
196.18	1.89368	196.18	6.99381	196.18	10.3119	196.18	12.8052	196.18	15.3022
196.28	1.90344	196.28	7.00124	196.28	10.3197	196.28	12.813	196.28	15.3042
196.38	1.89368	196.38	6.98561	196.38	10.3123	196.38	12.8052	196.38	15.2847
196.48	1.90501	196.48	6.99303	196.48	10.3193	196.48	12.8068	196.48	15.294
196.58	1.88625	196.58	6.98756	196.58	10.3041	196.58	12.7876	196.58	15.2769
196.68	1.90149	196.68	6.99342	196.68	10.3099	196.68	12.7955	196.68	15.2847
196.78	1.90344	196.78	6.98561	196.78	10.3021	196.78	12.7876	196.78	15.2671
196.88	1.90344	196.88	6.99538	196.88	10.3099	196.88	12.7955	196.88	15.2749
196.98	1.89758	196.98	6.98561	196.98	10.2943	196.98	12.7701	196.98	15.2573
197.08	1.90344	197.08	6.98561	197.08	10.2924	197.08	12.7759	197.08	15.2558
197.18	1.89563	197.18	6.98366	197.18	10.2904	197.18	12.7662	197.18	15.2437
197.28	1.89563	197.28	6.98561	197.28	10.2826	197.28	12.7568	197.28	15.2437
197.38	1.89758	197.38	6.9778	197.38	10.2826	197.38	12.7564	197.38	15.2339
197.48	1.89368	197.48	6.97389	197.48	10.2728	197.48	12.7544	197.48	15.2319
197.58	1.89368	197.58	6.96256	197.58	10.2689	197.58	12.7349	197.58	15.2202
197.68	1.8843	197.68	6.96217	197.68	10.2631	197.68	12.7349	197.68	15.2222
197.78	1.89133	197.78	6.96374	197.78	10.2607	197.78	12.7345	197.78	15.2042
197.88	1.89368	197.88	6.97194	197.88	10.2709	197.88	12.7271	197.88	15.2124
197.98	1.90149	197.98	6.96413	197.98	10.2615	197.98	12.7251	197.98	15.2026
198.08	1.88586	198.08	6.95436	198.08	10.2514	198.08	12.7095	198.08	15.1948
198.18	1.89368	198.18	6.96413	198.18	10.2514	198.18	12.7154	198.18	15.1851
198.28	1.88391	198.28	6.96217	198.28	10.2494	198.28	12.7154	198.28	15.1831
198.38	1.89172	198.38	6.95436	198.38	10.2416	198.38	12.6978	198.38	15.1733
198.48	1.88586	198.48	6.95631	198.48	10.2416	198.48	12.6978	198.48	15.1753
198.58	1.88586	198.58	6.95241	198.58	10.2318	198.58	12.6958	198.58	15.1558
198.68	1.89368	198.68	6.95436	198.68	10.2396	198.68	12.6978	198.68	15.1636
198.78	1.88743	198.78	6.95397	198.78	10.2334	198.78	12.6876	198.78	15.1554
198.88	1.87844	198.88	6.93874	198.88	10.224	198.88	12.6724	198.88	15.1479
198.98	1.88391	198.98	6.9446	198.98	10.2318	198.98	12.6783	198.98	15.144
199.08	1.89563	199.08	6.95827	199.08	10.2338	199.08	12.688	199.08	15.146
199.18	1.89368	199.18	6.94655	199.18	10.2221	199.18	12.6607	199.18	15.1343
199.28	1.88391	199.28	6.93522	199.28	10.2123	199.28	12.6568	199.28	15.1226
199.38	1.88391	199.38	6.94264	199.38	10.2201	199.38	12.6665	199.38	15.1323
199.48	1.89172	199.48	6.9446	199.48	10.2123	199.48	12.6572	199.48	15.1147
199.58	1.8761	199.58	6.93483	199.58	10.2025	199.58	12.647	199.58	15.105
199.68	1.88391	199.68	6.93483	199.68	10.201	199.68	12.6548	199.68	15.103
199.78	1.89172	199.78	6.93288	199.78	10.1986	199.78	12.647	199.78	15.103
199.88	1.89524	199.88	6.93639	199.88	10.2099	199.88	12.6447	199.88	15.0968
199.98	1.88586	199.98	6.9192	199.98	10.1947	199.98	12.6373	199.98	15.0874
200.08	1.89563	200.08	6.92506	200.08	10.2006	200.08	12.6373	200.08	15.0854
200.18	1.87805	200.18	6.9192	200.18	10.1849	200.18	12.6275	200.18	15.0776
200.28	1.89563	200.28	6.92506	200.28	10.1908	200.28	12.6177	200.28	15.0679
200.38	1.88625	200.38	6.91725	200.38	10.183	200.38	12.6158	200.38	15.0659
200.48	1.89368	200.48	6.91725	200.48	10.1908	200.48	12.6255	200.48	15.0757
200.58	1.88586	200.58	6.9153	200.58	10.181	200.58	12.608	200.58	15.0483
200.68	1.89172	200.68	6.91373	200.68	10.1928	200.68	12.604	200.68	15.0542
200.78	1.89368	200.78	6.91139	200.78	10.1908	200.78	12.604	200.78	15.0444
200.88	1.88586	200.88	6.91335	200.88	10.1849	200.88	12.606	200.88	15.0464
200.98	1.90149	200.98	6.92311	200.98	10.1908	200.98	12.5962	200.98	15.0425
201.08	1.89368	201.08	6.91335	201.08	10.183	201.08	12.5943	201.08	15.0425
201.18	1.89563	201.18	6.91335	201.18	10.183	201.18	12.5962	201.18	15.0253
201.28	1.90305	201.28	6.90514	201.28	10.1826	201.28	12.588	201.28	15.0226
201.38	1.88782	201.38	6.89577	201.38	10.1674	201.38	12.5787	201.38	15.0054
201.48	1.90344	201.48	6.90553	201.48	10.1732	201.48	12.5767	201.48	15.0054
201.58	1.88782	201.58	6.89577	201.58	10.1576	201.58	12.5611	201.58	14.9956
201.68	1.90344	201.68	6.89577	201.68	10.1635	201.68	12.5669	201.68	14.9937
201.78	1.89407	201.78	6.89381	201.78	10.1541	201.78	12.5572	201.78	14.9937
201.88	1.89368	201.88	6.88795	201.88	10.1537	201.88	12.5513	201.88	14.978
201.98	1.89368	201.98	6.89381	201.98	10.1517	201.98	12.5474	201.98	14.9741
202.08	1.89368	202.08	6.89577	202.08	10.1537	202.08	12.5474	202.08	14.9839
202.18	1.90149	202.18	6.89186	202.18	10.1498	202.18	12.5361	202.18	14.9722
202.28	1.89563	202.28	6.89381	202.28	10.1517	202.28	12.5357	202.28	14.9663
202.38	1.89368	202.38	6.89225	202.38	10.142	202.38	12.524	202.38	14.9624
202.48	1.89368	202.48	6.89186	202.48	10.1342	202.48	12.5181	202.48	14.9546
202.58	1.88548	202.58	6.88366	202.58	10.1318	202.58	12.5158	202.58	14.9464
202.68	1.90344	202.68	6.89186	202.68	10.142	202.68	12.5259	202.68	14.9448
202.78	1.88782	202.78	6.87624	202.78	10.1264	202.78	12.5103	202.78	14.937
202.88	1.90344	202.88	6.89381	202.88	10.1322	202.88	12.5162	202.88	14.937
202.98	1.89563	202.98	6.886	202.98	10.1244	202.98	12.5044	202.98	14.9233
203.08	1.89563	203.08	6.87819	203.08	10.1166	203.08	12.4986	203.08	14.9253
203.18	1.89407	203.18	6.87428	203.18	10.1127	203.18	12.4947	203.18	14.9155
203.28	1.90149	203.28	6.87624	203.28	10.1146	203.28	12.4966	203.28	14.9136
203.38	1.89563	203.38	6.86647	203.38	10.1049	203.38	12.4771	203.38	14.9058
203.48	1.89368	203.48	6.86647	203.48	10.1131	203.48	12.4849	203.48	14.896
203.58	1.89172	203.58	6.86647	203.58	10.101	203.58	12.4771	203.58	14.894
203.68	1.88586	203.68	6.8567	203.68	10.1029	203.68	12.4673	203.68	14.8765
203.78	1.89329	203.78	6.85827	203.78	10.1045	203.78	12.4767	203.78	14.8765
203.88	1.88586	203.88	6.8567	203.88	10.0931	203.88	12.4595	203.88	14.8647
203.98	1.89172	203.98	6.85514	203.98	10.0931	203.98	12.4556	203.98	14.8628
204.08	1.89563	204.08	6.8528	204.08	10.0814	204.08	12.4478	204.08	14.8628
204.18	1.88782	204.18	6.84694	204.18	10.0756	204.18	12.4478	204.18	14.8472
204.28	1.89368	204.28	6.83522	204.28	10.0717	204.28	12.4458	204.28	14.8433
204.38	1.89563	204.38	6.8528	204.38	10.0736	204.38	12.4462	204.38	14.853
204.48	1.89563	204.48	6.83717	204.48	10.0639	204.48	12.4263	204.48	14.8276
204.58	1.89563	204.58	6.84303	204.58	10.0639	204.58	12.4341	204.58	14.8335
204.68	1.89368	204.68	6.83522	204.68	10.0619	204.68	12.4263	204.68	14.8237
204.78	1.89602	204.78	6.83717	204.78	10.056	204.78	12.4263	204.78	14.8257
204.88	1.88391	204.88	6.83327	204.88	10.0521	204.88	12.4244	204.88	14.8159
204.98	1.89368	204.98	6.82741	204.98	10.0463	204.98	12.4087	204.98	14.8042
205.08	1.88391	205.08	6.81569	205.08	10.0424	205.08	12.4048	205.08	14.8022
205.18	1.88586	205.18	6.81569	205.18	10.0349	205.18	12.4068	205.18	14.7964
205.28	1.88352	205.28	6.81569	205.28	10.042	205.28	12.3986	205.28	14.7843
205.38	1.87415	205.38	6.81178	205.38	10.0404	205.38	12.3951	205.38	14.7827
205.48	1.88391	205.48	6.80592	205.48	10.0346	205.48	12.3794	205.48	14.7769
205.58	1.88391	205.58	6.80397	205.58	10.0404	205.58	12.3853	205.58	14.7729
205.68	1.88391	205.68	6.81178	205.68	10.0326	205.68	12.3775	205.68	14.7729
205.78	1.88391	205.78	6.80592	205.78	10.0326	205.78	12.3775	205.78	14.7651
205.88	1.88586	205.88	6.80202	205.88	10.0228	205.88	12.3677	205.88	14.7554
205.98	1.89368	205.98	6.80397	205.98	10.0306	205.98	12.3755	205.98	14.7534
206.08	1.87649	206.08	6.7942	206.08	10.015	206.08	12.358	206.08	14.7456
206.18	1.88391	206.18	6.80397	206.18	10.0209	206.18	12.358	206.18	14.7456
206.28	1.87415	206.28	6.7942	206.28	10.0131	206.28	12.3482	206.28	14.7261
206.38	1.88391	206.38	6.7942	206.38	10.0131	206.38	12.356	206.38	14.7339
206.48	1.88352	206.48	6.79382	206.48	10.0127	206.48	12.3482	206.48	14.7261
206.58	1.87805	206.58	6.80006	206.58	10.0072	206.58	12.3384	206.58	14.7163
206.68	1.8761	206.68	6.78678	206.68	10.0033	206.68	12.3365	206.68	14.7144
206.78	1.8761	206.78	6.78639	206.78	9.99744	206.78	12.3306	206.78	14.7065
206.88	1.86633	206.88	6.78444	206.88	9.99354	206.88	12.3267	206.88	14.6968
206.98	1.8761	206.98	6.78639	206.98	9.99549	206.98	12.3365	206.98	14.6948
207.08	1.86438	207.08	6.78444	207.08	9.98377	207.08	12.3189	207.08	14.6851
207.18	1.87415	207.18	6.79225	207.18	9.98221	207.18	12.313	207.18	14.6851
207.28	1.87219	207.28	6.78444	207.28	9.97987	207.28	12.313	207.28	14.6714
207.38	1.87453	207.38	6.78444	207.38	9.97401	207.38	12.3072	207.38	14.6733
207.48	1.87024	207.48	6.77467	207.48	9.9701	207.48	12.3033	207.48	14.6538
207.58	1.86438	207.58	6.77467	207.58	9.96424	207.58	12.3052	207.58	14.6538
207.68	1.86243	207.68	6.77467	207.68	9.96033	207.68	12.2857	207.68	14.6421
207.78	1.8718	207.78	6.78405	207.78	9.96385	207.78	12.2951	207.78	14.6456
207.88	1.86633	207.88	6.76881	207.88	9.95448	207.88	12.2876	207.88	14.6362
207.98	1.86438	207.98	6.76686	207.98	9.94666	207.98	12.2798	207.98	14.6265
208.08	1.85461	208.08	6.7571	208.08	9.94276	208.08	12.2759	208.08	14.6167
208.18	1.87415	208.18	6.76491	208.18	9.95252	208.18	12.2759	208.18	14.6147
208.28	1.85852	208.28	6.75905	208.28	9.9369	208.28	12.2603	208.28	14.6069
208.38	1.86438	208.38	6.76491	208.38	9.94276	208.38	12.2662	208.38	14.605
208.48	1.86633	208.48	6.7571	208.48	9.93494	208.48	12.2662	208.48	14.5972
208.58	1.86633	208.58	6.7571	208.58	9.93495	208.58	12.2603	208.58	14.5874
208.68	1.8761	208.68	6.75553	208.68	9.93494	208.68	12.2662	208.68	14.5952
208.78	1.85852	208.78	6.75514	208.78	9.92518	208.78	12.2583	208.78	14.5874
208.88	1.87415	208.88	6.75514	208.88	9.92361	208.88	12.2486	208.88	14.5776
208.98	1.855	208.98	6.74342	208.98	9.91151	208.98	12.2369	208.98	14.5659
209.08	1.87024	209.08	6.74342	209.08	9.91932	209.08	12.2447	209.08	14.562
209.18	1.86438	209.18	6.74342	209.18	9.91346	209.18	12.2466	209.18	14.564
209.28	1.87024	209.28	6.73366	209.28	9.90955	209.28	12.2353	209.28	14.5542
209.38	1.86438	209.38	6.73561	209.38	9.90369	209.38	12.2349	209.38	14.5444
209.48	1.86399	209.48	6.73327	209.48	9.90135	209.48	12.2345	209.48	14.544
209.58	1.86438	209.58	6.73561	209.58	9.90369	209.58	12.2193	209.58	14.5366
209.68	1.85461	209.68	6.72585	209.68	9.89393	209.68	12.2154	209.68	14.5253
209.78	1.86438	209.78	6.72585	209.78	9.89393	209.78	12.2173	209.78	14.5151
209.88	1.86438	209.88	6.73561	209.88	9.89393	209.88	12.2251	209.88	14.5229
209.98	1.86633	209.98	6.72585	209.98	9.89393	209.98	12.2095	209.98	14.4976
210.08	1.86633	210.08	6.72585	210.08	9.90174	210.08	12.2154	210.08	14.5034
210.18	1.84875	210.18	6.71608	210.18	9.88612	210.18	12.2076	210.18	14.4858
210.28	1.86438	210.28	6.71452	210.28	9.89198	210.28	12.2076	210.28	14.4937
210.38	1.84719	210.38	6.71413	210.38	9.87635	210.38	12.188	210.38	14.4683
210.48	1.85266	210.48	6.71413	210.48	9.88221	210.48	12.1958	210.48	14.4741
210.58	1.8468	210.58	6.70436	210.58	9.86659	210.58	12.1802	210.58	14.4565
210.68	1.85266	210.68	6.70436	210.68	9.87244	210.68	12.1861	210.68	14.4565
210.78	1.83508	210.78	6.69264	210.78	9.86268	210.78	12.1763	210.78	14.4331
210.88	1.8429	210.88	6.69264	210.88	9.86111	210.88	12.1665	210.88	14.4409
210.98	1.8429	210.98	6.69264	210.98	9.86073	210.98	12.1665	210.98	14.4429
211.08	1.83469	211.08	6.70202	211.08	9.86034	211.08	12.1662	211.08	14.4249
211.18	1.84485	211.18	6.69655	211.18	9.85487	211.18	12.1607	211.18	14.4253
211.28	1.84485	211.28	6.70241	211.28	9.86073	211.28	12.1665	211.28	14.4233
211.38	1.83508	211.38	6.68678	211.38	9.8451	211.38	12.1587	211.38	14.4155
211.48	1.84485	211.48	6.69264	211.48	9.85096	211.48	12.149	211.48	14.4233
211.58	1.83508	211.58	6.67702	211.58	9.84315	211.58	12.1392	211.58	14.4058
211.68	1.83508	211.68	6.6946	211.68	9.84315	211.68	12.147	211.68	14.4058
211.78	1.83508	211.78	6.67897	211.78	9.83338	211.78	12.1298	211.78	14.3862
211.88	1.83352	211.88	6.68483	211.88	9.83338	211.88	12.1255	211.88	14.394
211.98	1.83313	211.98	6.66764	211.98	9.82362	211.98	12.1177	211.98	14.3784
212.08	1.83313	212.08	6.68288	212.08	9.82361	212.08	12.1255	212.08	14.3745
212.18	1.82336	212.18	6.66725	212.18	9.81385	212.18	12.1099	212.18	14.3667
212.28	1.83508	212.28	6.67311	212.28	9.81385	212.28	12.1158	212.28	14.3745
212.38	1.83508	212.38	6.66725	212.38	9.81385	212.38	12.1177	212.38	14.3667
212.48	1.82532	212.48	6.66335	212.48	9.8119	212.48	12.108	212.48	14.3647
212.58	1.83274	212.58	6.67272	212.58	9.8037	212.58	12.1056	212.58	14.3468
212.68	1.82727	212.68	6.66725	212.68	9.80408	212.68	12.108	212.68	14.3472
212.78	1.8175	212.78	6.6653	212.78	9.79627	212.78	12.0884	212.78	14.3472
212.88	1.82336	212.88	6.65553	212.88	9.79237	212.88	12.0845	212.88	14.3354
212.98	1.8175	212.98	6.65553	212.98	9.79432	212.98	12.0865	212.98	14.328
213.08	1.8136	213.08	6.65553	213.08	9.78299	213.08	12.0845	213.08	14.3237
213.18	1.82532	213.18	6.66335	213.18	9.79041	213.18	12.0865	213.18	14.3218
213.28	1.81555	213.28	6.64772	213.28	9.77479	213.28	12.0767	213.28	14.314
213.38	1.81555	213.38	6.65358	213.38	9.78065	213.38	12.0748	213.38	14.3218
213.48	1.81555	213.48	6.63795	213.48	9.77283	213.48	12.0669	213.48	14.3042
213.58	1.82336	213.58	6.65358	213.58	9.77284	213.58	12.0669	213.58	14.312
213.68	1.82571	213.68	6.65553	213.68	9.77283	213.68	12.0669	213.68	14.3042
213.78	1.82141	213.78	6.64577	213.78	9.76307	213.78	12.065	213.78	14.2944
213.88	1.81555	213.88	6.64577	213.88	9.76307	213.88	12.0591	213.88	14.2944
213.98	1.8136	213.98	6.64381	213.98	9.76112	213.98	12.0552	213.98	14.2827
214.08	1.82141	214.08	6.65397	214.08	9.76307	214.08	12.065	214.08	14.2925
214.18	1.82336	214.18	6.64381	214.18	9.7533	214.18	12.0572	214.18	14.2749
214.28	1.82493	214.28	6.65319	214.28	9.75487	214.28	12.0587	214.28	14.2843
214.38	1.80774	214.38	6.63795	214.38	9.74549	214.38	12.0396	214.38	14.2593
214.48	1.81555	214.48	6.636	214.48	9.74549	214.48	12.0396	214.48	14.2573
214.58	1.80383	214.58	6.62428	214.58	9.73377	214.58	12.0357	214.58	14.2534
214.68	1.80383	214.68	6.63405	214.68	9.73377	214.68	12.0283	214.68	14.2456
214.78	1.82336	214.78	6.64186	214.78	9.73377	214.78	12.0337	214.78	14.2534
214.88	1.80774	214.88	6.62624	214.88	9.72401	214.88	12.0162	214.88	14.2358
214.98	1.82336	214.98	6.6321	214.98	9.73182	214.98	12.024	214.98	14.2437
215.08	1.80774	215.08	6.63405	215.08	9.71463	215.08	12.0162	215.08	14.228
215.18	1.8136	215.18	6.64186	215.18	9.7201	215.18	12.0162	215.18	14.2222
215.28	1.81555	215.28	6.62624	215.28	9.71229	215.28	12.0064	215.28	14.2144
215.38	1.81399	215.38	6.6321	215.38	9.7201	215.38	12.0044	215.38	14.2222
215.48	1.80383	215.48	6.62428	215.48	9.71229	215.48	11.9966	215.48	14.2046
215.58	1.8136	215.58	6.62819	215.58	9.70447	215.58	11.9966	215.58	14.2046
215.68	1.80383	215.68	6.62428	215.68	9.70057	215.68	11.9869	215.68	14.1929
215.78	1.82141	215.78	6.63405	215.78	9.70252	215.78	11.9947	215.78	14.1948
215.88	1.80579	215.88	6.61842	215.88	9.69276	215.88	11.9771	215.88	14.1851
215.98	1.81321	215.98	6.62585	215.98	9.70213	215.98	11.9787	215.98	14.1847
216.08	1.81555	216.08	6.61061	216.08	9.69471	216.08	11.9693	216.08	14.1772
216.18	1.81555	216.18	6.61647	216.18	9.69471	216.18	11.9771	216.18	14.1753
216.28	1.80383	216.28	6.61647	216.28	9.68299	216.28	11.9673	216.28	14.1655
216.38	1.80383	216.38	6.61491	216.38	9.6908	216.38	11.9673	216.38	14.1636
216.48	1.8136	216.48	6.61452	216.48	9.68494	216.48	11.9673	216.48	14.1655
216.58	1.8136	216.58	6.62233	216.58	9.6908	216.58	11.9654	216.58	14.1558
216.68	1.8136	216.68	6.61452	216.68	9.68299	216.68	11.9576	216.68	14.146
216.78	1.82141	216.78	6.62428	216.78	9.69276	216.78	11.9654	216.78	14.144
216.88	1.80579	216.88	6.61452	216.88	9.68299	216.88	11.9498	216.88	14.1362
216.98	1.81165	216.98	6.61452	216.98	9.6908	216.98	11.9556	216.98	14.144
217.08	1.8175	217.08	6.61452	217.08	9.68494	217.08	11.9576	217.08	14.1343
217.18	1.8136	217.18	6.60475	217.18	9.68104	217.18	11.9458	217.18	14.1323
217.28	1.81555	217.28	6.61452	217.28	9.68299	217.28	11.9478	217.28	14.1343
217.38	1.82375	217.38	6.62233	217.38	9.68299	217.38	11.9478	217.38	14.1245
217.48	1.8136	217.48	6.6067	217.48	9.67323	217.48	11.938	217.48	14.1147
217.58	1.82298	217.58	6.61413	217.58	9.67323	217.58	11.9474	217.58	14.1241
217.68	1.8175	217.68	6.61647	217.68	9.66346	217.68	11.9498	217.68	14.1167
217.78	1.81555	217.78	6.59889	217.78	9.66346	217.78	11.94	217.78	14.1069
217.88	1.81555	217.88	6.61452	217.88	9.66151	217.88	11.9283	217.88	14.1069
217.98	1.81555	217.98	6.61647	217.98	9.66541	217.98	11.9283	217.98	14.0972
218.08	1.82336	218.08	6.6067	218.08	9.66151	218.08	11.9263	218.08	14.0952
218.18	1.8175	218.18	6.6067	218.18	9.66346	218.18	11.9205	218.18	14.0874
218.28	1.8136	218.28	6.61452	218.28	9.64393	218.28	11.9068	218.28	14.0854
218.38	1.8175	218.38	6.60866	218.38	9.64393	218.38	11.9087	218.38	14.0874
218.48	1.81165	218.48	6.6028	218.48	9.64002	218.48	11.9048	218.48	14.0644
218.58	1.8136	218.58	6.60475	218.58	9.64198	218.58	11.9068	218.58	14.064
218.68	1.82336	218.68	6.60319	218.68	9.64198	218.68	11.9052	218.68	14.0718
218.78	1.8136	218.78	6.59303	218.78	9.64198	218.78	11.8853	218.78	14.0542
218.88	1.8136	218.88	6.6028	218.88	9.64979	218.88	11.8931	218.88	14.062
218.98	1.8136	218.98	6.59303	218.98	9.63416	218.98	11.8775	218.98	14.0542
219.08	1.82141	219.08	6.60085	219.08	9.64002	219.08	11.8833	219.08	14.0522
219.18	1.80579	219.18	6.58522	219.18	9.6244	219.18	11.8755	219.18	14.0366
219.28	1.82141	219.28	6.59108	219.28	9.63026	219.28	11.8736	219.28	14.0425
219.38	1.81555	219.38	6.58522	219.38	9.63221	219.38	11.8677	219.38	14.0347
219.48	1.81321	219.48	6.59264	219.48	9.62401	219.48	11.8654	219.48	14.0343
219.58	1.82727	219.58	6.59499	219.58	9.6244	219.58	11.8677	219.58	14.0366
219.68	1.81594	219.68	6.58522	219.68	9.62244	219.68	11.8658	219.68	14.0269
219.78	1.81555	219.78	6.58522	219.78	9.61658	219.78	11.858	219.78	14.0151
219.88	1.8136	219.88	6.58327	219.88	9.61268	219.88	11.8482	219.88	14.0132
219.98	1.80774	219.98	6.57741	219.98	9.61463	219.98	11.8482	219.98	14.0151
220.08	1.8136	220.08	6.5735	220.08	9.60487	220.08	11.8462	220.08	14.0034
220.18	1.80774	220.18	6.58717	220.18	9.60487	220.18	11.8384	220.18	13.9976
220.28	1.82336	220.28	6.58717	220.28	9.61268	220.28	11.8384	220.28	14.0034
220.38	1.81555	220.38	6.58522	220.38	9.6033	220.38	11.8365	220.38	13.9937
220.48	1.81555	220.48	6.57936	220.48	9.60291	220.48	11.8384	220.48	13.9956
220.58	1.81165	220.58	6.5735	220.58	9.59901	220.58	11.8345	220.58	13.9917
220.68	1.81555	220.68	6.57545	220.68	9.59315	220.68	11.8189	220.68	13.9761
220.78	1.81165	220.78	6.56569	220.78	9.58924	220.78	11.815	220.78	13.9722
220.88	1.8136	220.88	6.56569	220.88	9.59119	220.88	11.8169	220.88	13.9741
220.98	1.81516	220.98	6.58483	220.98	9.59276	220.98	11.8263	220.98	13.9737
221.08	1.81555	221.08	6.56803	221.08	9.58338	221.08	11.8013	221.08	13.9663
221.18	1.82336	221.18	6.5735	221.18	9.59119	221.18	11.8072	221.18	13.9741
221.28	1.80774	221.28	6.56569	221.28	9.57557	221.28	11.7994	221.28	13.9487
221.38	1.82336	221.38	6.56569	221.38	9.58143	221.38	11.7994	221.38	13.9546
221.48	1.82532	221.48	6.5735	221.48	9.59119	221.48	11.8072	221.48	13.9644
221.58	1.81555	221.58	6.56569	221.58	9.57557	221.58	11.7876	221.58	13.9468
221.68	1.82532	221.68	6.56764	221.68	9.57362	221.68	11.7783	221.68	13.9468
221.78	1.81399	221.78	6.56374	221.78	9.57166	221.78	11.774	221.78	13.937
221.88	1.82141	221.88	6.5735	221.88	9.57362	221.88	11.7837	221.88	13.9448
221.98	1.82336	221.98	6.56764	221.98	9.57362	221.98	11.7857	221.98	13.937
222.08	1.82336	222.08	6.56374	222.08	9.57166	222.08	11.774	222.08	13.9351
222.18	1.82336	222.18	6.55788	222.18	9.5658	222.18	11.7681	222.18	13.9292
222.28	1.82141	222.28	6.55397	222.28	9.5619	222.28	11.7642	222.28	13.9136
222.38	1.82532	222.38	6.56569	222.38	9.56385	222.38	11.7662	222.38	13.9155
222.48	1.82102	222.48	6.55553	222.48	9.5537	222.48	11.7541	222.48	13.9132
222.58	1.81555	222.58	6.55592	222.58	9.55409	222.58	11.7486	222.58	13.9058
222.68	1.83313	222.68	6.56374	222.68	9.55252	222.68	11.7544	222.68	13.9136
222.78	1.83508	222.78	6.55788	222.78	9.55213	222.78	11.7564	222.78	13.9077
222.88	1.82532	222.88	6.55397	222.88	9.55018	222.88	11.7466	222.88	13.9038
222.98	1.83508	222.98	6.55592	222.98	9.54432	222.98	11.7369	222.98	13.896
223.08	1.83313	223.08	6.55592	223.08	9.54041	223.08	11.7349	223.08	13.894
223.18	1.82727	223.18	6.55592	223.18	9.54237	223.18	11.729	223.18	13.8862
223.28	1.8429	223.28	6.56374	223.28	9.55018	223.28	11.7349	223.28	13.8847
223.38	1.83508	223.38	6.54655	223.38	9.53455	223.38	11.7271	223.38	13.8745
223.48	1.82727	223.48	6.5442	223.48	9.52283	223.48	11.7271	223.48	13.8647
223.58	1.8429	223.58	6.55202	223.58	9.53065	223.58	11.7271	223.58	13.8726
223.68	1.82727	223.68	6.53639	223.68	9.51502	223.68	11.7076	223.68	13.8647
223.78	1.83313	223.78	6.55202	223.78	9.52088	223.78	11.7154	223.78	13.8647
223.88	1.83547	223.88	6.55397	223.88	9.52283	223.88	11.7173	223.88	13.855
223.98	1.83118	223.98	6.5442	223.98	9.52088	223.98	11.7154	223.98	13.853
224.08	1.83313	224.08	6.5442	224.08	9.51502	224.08	11.6998	224.08	13.855
224.18	1.8429	224.18	6.5442	224.18	9.52088	224.18	11.7056	224.18	13.853
224.28	1.8429	224.28	6.5442	224.28	9.52283	224.28	11.7076	224.28	13.8472
224.38	1.83313	224.38	6.53444	224.38	9.51307	224.38	11.69	224.38	13.8354
224.48	1.83469	224.48	6.536	224.48	9.51463	224.48	11.6974	224.48	13.8351
224.58	1.84485	224.58	6.54616	224.58	9.51502	224.58	11.6998	224.58	13.8374
224.68	1.8429	224.68	6.5442	224.68	9.51307	224.68	11.6978	224.68	13.8276
224.78	1.83704	224.78	6.53835	224.78	9.51502	224.78	11.6806	224.78	13.8159
224.88	1.85266	224.88	6.5442	224.88	9.52283	224.88	11.6861	224.88	13.8237
224.98	1.8429	224.98	6.53444	224.98	9.50526	224.98	11.6763	224.98	13.814
225.08	1.83508	225.08	6.52663	225.08	9.50331	225.08	11.6685	225.08	13.8042
225.18	1.85266	225.18	6.53249	225.18	9.51112	225.18	11.6744	225.18	13.8042
225.28	1.84485	225.28	6.53444	225.28	9.5033	225.28	11.6665	225.28	13.7944
225.38	1.83704	225.38	6.52663	225.38	9.49549	225.38	11.6665	225.38	13.7847
225.48	1.8429	225.48	6.53249	225.48	9.50135	225.48	11.6665	225.48	13.7925
225.58	1.84485	225.58	6.52467	225.58	9.49354	225.58	11.647	225.58	13.7847
225.68	1.84485	225.68	6.52311	225.68	9.49197	225.68	11.6548	225.68	13.7749
225.78	1.84485	225.78	6.52272	225.78	9.49158	225.78	11.6568	225.78	13.7749
225.88	1.86243	225.88	6.53053	225.88	9.4994	225.88	11.6568	225.88	13.7827
225.98	1.8468	225.98	6.52272	225.98	9.49158	225.98	11.647	225.98	13.7651
226.08	1.84485	226.08	6.52467	226.08	9.48377	226.08	11.6373	226.08	13.7651
226.18	1.85266	226.18	6.53053	226.18	9.48963	226.18	11.6373	226.18	13.7729
226.28	1.8468	226.28	6.52272	226.28	9.49158	226.28	11.6275	226.28	13.7573
226.38	1.85423	226.38	6.52428	226.38	9.4912	226.38	11.6369	226.38	13.755
226.48	1.8468	226.48	6.51491	226.48	9.47596	226.48	11.6294	226.48	13.7476
226.58	1.84719	226.58	6.51491	226.58	9.47401	226.58	11.6216	226.58	13.7476
226.68	1.85266	226.68	6.52272	226.68	9.48182	226.68	11.6158	226.68	13.7456
226.78	1.84485	226.78	6.5071	226.78	9.47401	226.78	11.608	226.78	13.7378
226.88	1.83704	226.88	6.50514	226.88	9.48377	226.88	11.608	226.88	13.7202
226.98	1.85266	226.98	6.52467	226.98	9.48377	226.98	11.6158	226.98	13.7261
227.08	1.8468	227.08	6.51881	227.08	9.48377	227.08	11.6099	227.08	13.728
227.18	1.8429	227.18	6.51491	227.18	9.48182	227.18	11.606	227.18	13.7163
227.28	1.85461	227.28	6.51686	227.28	9.47596	227.28	11.608	227.28	13.7183
227.38	1.8468	227.38	6.50905	227.38	9.47401	227.38	11.5982	227.38	13.7183
227.48	1.8429	227.48	6.50514	227.48	9.47205	227.48	11.5884	227.48	13.7069
227.58	1.85461	227.58	6.5071	227.58	9.46619	227.58	11.5884	227.58	13.7065
227.68	1.8468	227.68	6.51686	227.68	9.46424	227.68	11.5884	227.68	13.6948
227.78	1.85266	227.78	6.51686	227.78	9.47205	227.78	11.5884	227.78	13.7026
227.88	1.8429	227.88	6.50514	227.88	9.46229	227.88	11.5767	227.88	13.6929
227.98	1.8468	227.98	6.50514	227.98	9.45448	227.98	11.5767	227.98	13.6753
228.08	1.8429	228.08	6.51295	228.08	9.45057	228.08	11.565	228.08	13.6714
228.18	1.84485	228.18	6.5071	228.18	9.45252	228.18	11.5669	228.18	13.6733
228.28	1.83704	228.28	6.50514	228.28	9.44276	228.28	11.5576	228.28	13.6733
228.38	1.8429	228.38	6.50319	228.38	9.43299	228.38	11.5533	228.38	13.6714
228.48	1.83704	228.48	6.50514	228.48	9.43299	228.48	11.5552	228.48	13.6558
228.58	1.83469	228.58	6.50475	228.58	9.4326	228.58	11.5451	228.58	13.6534
228.68	1.83704	228.68	6.49928	228.68	9.42713	228.68	11.5474	228.68	13.6558
228.78	1.82766	228.78	6.48756	228.78	9.41541	228.78	11.5298	228.78	13.646
228.88	1.83313	228.88	6.50514	228.88	9.42323	228.88	11.5357	228.88	13.644
228.98	1.83508	228.98	6.5071	228.98	9.42518	228.98	11.5376	228.98	13.6382
229.08	1.82727	229.08	6.48795	229.08	9.41541	229.08	11.5201	229.08	13.6265
229.18	1.83313	229.18	6.49342	229.18	9.41385	229.18	11.5162	229.18	13.6343
229.28	1.83508	229.28	6.49538	229.28	9.41346	229.28	11.5181	229.28	13.6265
229.38	1.8429	229.38	6.49342	229.38	9.41151	229.38	11.5162	229.38	13.6245
229.48	1.83704	229.48	6.48756	229.48	9.41346	229.48	11.5181	229.48	13.6089
229.58	1.82532	229.58	6.48561	229.58	9.4037	229.58	11.5005	229.58	13.5972
229.68	1.83313	229.68	6.48561	229.68	9.41151	229.68	11.5064	229.68	13.605
229.78	1.83704	229.78	6.48561	229.78	9.40565	229.78	11.5083	229.78	13.5972
229.88	1.83118	229.88	6.4817	229.88	9.39979	229.88	11.4947	229.88	13.5933
229.98	1.8429	229.98	6.48366	229.98	9.40174	229.98	11.4966	229.98	13.5952
230.08	1.8429	230.08	6.47585	230.08	9.40174	230.08	11.4966	230.08	13.5776
230.18	1.83313	230.18	6.47194	230.18	9.39979	230.18	11.4869	230.18	13.5737
230.28	1.83313	230.28	6.48366	230.28	9.39393	230.28	11.4869	230.28	13.5757
230.38	1.82532	230.38	6.47585	230.38	9.39198	230.38	11.4869	230.38	13.5757
230.48	1.83118	230.48	6.47194	230.48	9.38026	230.48	11.4849	230.48	13.562
230.58	1.83313	230.58	6.47389	230.58	9.38221	230.58	11.4869	230.58	13.5562
230.68	1.83313	230.68	6.4817	230.68	9.39198	230.68	11.4947	230.68	13.562
230.78	1.83313	230.78	6.47585	230.78	9.39198	230.78	11.4888	230.78	13.564
230.88	1.83313	230.88	6.46413	230.88	9.38221	230.88	11.4673	230.88	13.5444
230.98	1.82532	230.98	6.47389	230.98	9.38221	230.98	11.4673	230.98	13.5444
231.08	1.83274	231.08	6.47546	231.08	9.38182	231.08	11.4767	231.08	13.5538
231.18	1.81594	231.18	6.46608	231.18	9.36658	231.18	11.4693	231.18	13.5464
231.28	1.82532	231.28	6.46608	231.28	9.36463	231.28	11.4693	231.28	13.5288
231.38	1.82532	231.38	6.46608	231.38	9.36463	231.38	11.4615	231.38	13.5269
231.48	1.83313	231.48	6.46608	231.48	9.37244	231.48	11.4673	231.48	13.5347
231.58	1.8175	231.58	6.45631	231.58	9.35682	231.58	11.4595	231.58	13.5171
231.68	1.81555	231.68	6.46608	231.68	9.35487	231.68	11.4595	231.68	13.5171
231.78	1.83313	231.78	6.47389	231.78	9.36268	231.78	11.4595	231.78	13.5249
231.88	1.82532	231.88	6.4567	231.88	9.35487	231.88	11.4498	231.88	13.4979
231.98	1.8175	231.98	6.45436	231.98	9.35487	231.98	11.4498	231.98	13.4956
232.08	1.83313	232.08	6.46217	232.08	9.35487	232.08	11.4576	232.08	13.5034
232.18	1.83508	232.18	6.46413	232.18	9.35487	232.18	11.4404	232.18	13.5054
232.28	1.8175	232.28	6.45827	232.28	9.3451	232.28	11.4283	232.28	13.4858
232.38	1.82336	232.38	6.46413	232.38	9.35291	232.38	11.4361	232.38	13.4937
232.48	1.82532	232.48	6.46608	232.48	9.35487	232.48	11.438	232.48	13.4956
232.58	1.82336	232.58	6.45436	232.58	9.33533	232.58	11.4263	232.58	13.4663
232.68	1.81555	232.68	6.44655	232.68	9.33338	232.68	11.4185	232.68	13.4644
232.78	1.82141	232.78	6.45241	232.78	9.34119	232.78	11.4244	232.78	13.4722
232.88	1.82336	232.88	6.45436	232.88	9.34315	232.88	11.4263	232.88	13.4741
232.98	1.82532	232.98	6.45436	232.98	9.34315	232.98	11.4263	232.98	13.4644
233.08	1.82141	233.08	6.4446	233.08	9.3412	233.08	11.4165	233.08	13.4624
233.18	1.82336	233.18	6.45436	233.18	9.33377	233.18	11.4165	233.18	13.4644
233.28	1.82532	233.28	6.45436	233.28	9.33143	233.28	11.4048	233.28	13.4448
233.38	1.83118	233.38	6.45436	233.38	9.33924	233.38	11.4126	233.38	13.4507
233.48	1.82336	233.48	6.4446	233.48	9.32166	233.48	11.4048	233.48	13.4429
233.58	1.82336	233.58	6.4446	233.58	9.32166	233.58	11.397	233.58	13.4429
233.68	1.81555	233.68	6.4446	233.68	9.32166	233.68	11.3951	233.68	13.4331
233.78	1.82298	233.78	6.44421	233.78	9.31346	233.78	11.3947	233.78	13.4327
233.88	1.82532	233.88	6.43874	233.88	9.31385	233.88	11.397	233.88	13.4351
233.98	1.8175	233.98	6.43678	233.98	9.31385	233.98	11.3873	233.98	13.4253
234.08	1.80579	234.08	6.42702	234.08	9.30409	234.08	11.3697	234.08	13.4077
234.18	1.82336	234.18	6.4446	234.18	9.30408	234.18	11.3755	234.18	13.4136
234.28	1.82532	234.28	6.43874	234.28	9.30408	234.28	11.3775	234.28	13.4155
234.38	1.80618	234.38	6.42702	234.38	9.29432	234.38	11.3677	234.38	13.396
234.48	1.81165	234.48	6.43483	234.48	9.30213	234.48	11.3677	234.48	13.4038
234.58	1.8136	234.58	6.42897	234.58	9.30408	234.58	11.3677	234.58	13.4058
234.68	1.81555	234.68	6.41725	234.68	9.29432	234.68	11.358	234.68	13.3784
234.78	1.81555	234.78	6.42506	234.78	9.29432	234.78	11.356	234.78	13.3843
234.88	1.81555	234.88	6.42702	234.88	9.29432	234.88	11.358	234.88	13.3862
234.98	1.82336	234.98	6.42545	234.98	9.30213	234.98	11.358	234.98	13.3843
235.08	1.8175	235.08	6.42506	235.08	9.29432	235.08	11.3482	235.08	13.3765
235.18	1.81555	235.18	6.42506	235.18	9.28651	235.18	11.3482	235.18	13.3765
235.28	1.8136	235.28	6.42311	235.28	9.2826	235.28	11.3462	235.28	13.3667
235.38	1.80774	235.38	6.42506	235.38	9.28455	235.38	11.3404	235.38	13.3569
235.48	1.80579	235.48	6.41725	235.48	9.28455	235.48	11.3287	235.48	13.3569
235.58	1.82336	235.58	6.42311	235.58	9.28455	235.58	11.3365	235.58	13.355
235.68	1.80579	235.68	6.41335	235.68	9.27283	235.68	11.3267	235.68	13.3452
235.78	1.80383	235.78	6.41335	235.78	9.27283	235.78	11.3173	235.78	13.3452
235.88	1.82141	235.88	6.42116	235.88	9.28065	235.88	11.3228	235.88	13.3354
235.98	1.80579	235.98	6.41335	235.98	9.26502	235.98	11.3052	235.98	13.3257
236.08	1.81321	236.08	6.41491	236.08	9.27245	236.08	11.3146	236.08	13.3351
236.18	1.81555	236.18	6.42506	236.18	9.27479	236.18	11.3091	236.18	13.3374
236.28	1.81555	236.28	6.4153	236.28	9.25721	236.28	11.2974	236.28	13.3081
236.38	1.80774	236.38	6.40749	236.38	9.24354	236.38	11.2974	236.38	13.3062
236.48	1.8136	236.48	6.41335	236.48	9.25135	236.48	11.3052	236.48	13.314
236.58	1.80774	236.58	6.40553	236.58	9.24354	236.58	11.2798	236.58	13.3062
236.68	1.80579	236.68	6.40553	236.68	9.23416	236.68	11.2779	236.68	13.2964
236.78	1.8136	236.78	6.40553	236.78	9.23963	236.78	11.2857	236.78	13.3042
236.88	1.79641	236.88	6.39577	236.88	9.23182	236.88	11.2701	236.88	13.2886
236.98	1.81165	236.98	6.40358	236.98	9.23963	236.98	11.2759	236.98	13.2944
237.08	1.8136	237.08	6.40553	237.08	9.24158	237.08	11.2681	237.08	13.2866
237.18	1.79602	237.18	6.39577	237.18	9.22401	237.18	11.2583	237.18	13.2769
237.28	1.80188	237.28	6.39577	237.28	9.22987	237.28	11.2583	237.28	13.2847
237.38	1.80383	237.38	6.386	237.38	9.22205	237.38	11.2486	237.38	13.2675
237.48	1.79602	237.48	6.386	237.48	9.22205	237.48	11.2486	237.48	13.2554
237.58	1.80188	237.58	6.40358	237.58	9.22987	237.58	11.2564	237.58	13.2632
237.68	1.79602	237.68	6.40553	237.68	9.21424	237.68	11.2583	237.68	13.2651
237.78	1.7843	237.78	6.38795	237.78	9.20252	237.78	11.231	237.78	13.2456
237.88	1.79211	237.88	6.39381	237.88	9.21033	237.88	11.2369	237.88	13.2456
237.98	1.79797	237.98	6.39577	237.98	9.21229	237.98	11.2388	237.98	13.2456
238.08	1.79602	238.08	6.39577	238.08	9.20447	238.08	11.2388	238.08	13.2456
238.18	1.7843	238.18	6.38405	238.18	9.19862	238.18	11.2271	238.18	13.2319
238.28	1.7843	238.28	6.38405	238.28	9.20057	238.28	11.2271	238.28	13.2261
238.38	1.7843	238.38	6.38405	238.38	9.20057	238.38	11.2271	238.38	13.2241
238.48	1.79407	238.48	6.39186	238.48	9.20838	238.48	11.2271	238.48	13.2319
238.58	1.7843	238.58	6.37624	238.58	9.18299	238.58	11.2173	238.58	13.2241
238.68	1.7843	238.68	6.38405	238.68	9.18104	238.68	11.2056	238.68	13.2065
238.78	1.77649	238.78	6.38405	238.78	9.18104	238.78	11.2056	238.78	13.2046
238.88	1.78391	238.88	6.38366	238.88	9.18065	238.88	11.1974	238.88	13.2042
238.98	1.78625	238.98	6.386	238.98	9.18299	238.98	11.1978	238.98	13.2065
239.08	1.78625	239.08	6.37663	239.08	9.17518	239.08	11.1978	239.08	13.1968
239.18	1.78469	239.18	6.3821	239.18	9.18104	239.18	11.2056	239.18	13.1968
239.28	1.77454	239.28	6.37428	239.28	9.17323	239.28	11.1978	239.28	13.187
239.38	1.7843	239.38	6.37428	239.38	9.17323	239.38	11.1884	239.38	13.1753
239.48	1.7843	239.48	6.37428	239.48	9.17323	239.48	11.1939	239.48	13.1831
239.58	1.77454	239.58	6.36452	239.58	9.16346	239.58	11.1861	239.58	13.1753
239.68	1.78235	239.68	6.3821	239.68	9.17127	239.68	11.1939	239.68	13.1655
239.78	1.77649	239.78	6.38405	239.78	9.17323	239.78	11.1958	239.78	13.1655
239.88	1.77454	239.88	6.36647	239.88	9.14588	239.88	11.1861	239.88	13.1558
239.98	1.78235	239.98	6.37233	239.98	9.15174	239.98	11.1763	239.98	13.1636
240.08	1.77649	240.08	6.37428	240.08	9.15369	240.08	11.1763	240.08	13.1558
240.18	1.7843	240.18	6.36647	240.18	9.15369	240.18	11.1763	240.18	13.1558
240.28	1.78235	240.28	6.36256	240.28	9.15174	240.28	11.1744	240.28	13.1538
240.38	1.7843	240.38	6.36452	240.38	9.14588	240.38	11.1685	240.38	13.146
240.48	1.77649	240.48	6.36452	240.48	9.14393	240.48	11.1665	240.48	13.146
240.58	1.76477	240.58	6.34694	240.58	9.13416	240.58	11.1568	240.58	13.1284
240.68	1.78235	240.68	6.3528	240.68	9.14198	240.68	11.1646	240.68	13.1245
240.78	1.77649	240.78	6.36647	240.78	9.14393	240.78	11.1568	240.78	13.1265
240.88	1.76282	240.88	6.35475	240.88	9.13221	240.88	11.1451	240.88	13.1147
240.98	1.76477	240.98	6.34694	240.98	9.13221	240.98	11.1451	240.98	13.1147
241.08	1.77063	241.08	6.3528	241.08	9.14002	241.08	11.1451	241.08	13.1128
241.18	1.77258	241.18	6.35475	241.18	9.1326	241.18	11.1451	241.18	13.1147
241.28	1.76477	241.28	6.35475	241.28	9.13026	241.28	11.1451	241.28	13.1147
241.38	1.76243	241.38	6.34655	241.38	9.12987	241.38	11.1447	241.38	13.1065
241.48	1.77454	241.48	6.34694	241.48	9.13221	241.48	11.147	241.48	13.1069
241.58	1.76672	241.58	6.34694	241.58	9.1244	241.58	11.1294	241.58	13.0972
241.68	1.76477	241.68	6.34694	241.68	9.12244	241.68	11.1275	241.68	13.0972
241.78	1.755	241.78	6.33717	241.78	9.11268	241.78	11.1177	241.78	13.0874
241.88	1.76282	241.88	6.34694	241.88	9.12049	241.88	11.1255	241.88	13.0854
241.98	1.76711	241.98	6.34694	241.98	9.11463	241.98	11.1275	241.98	13.0874
242.08	1.76477	242.08	6.34694	242.08	9.11268	242.08	11.1197	242.08	13.0874
242.18	1.755	242.18	6.33717	242.18	9.10291	242.18	11.108	242.18	13.0776
242.28	1.755	242.28	6.33561	242.28	9.11073	242.28	11.1158	242.28	13.0737
242.38	1.76477	242.38	6.33522	242.38	9.11268	242.38	11.108	242.38	13.0757
242.48	1.76477	242.48	6.33522	242.48	9.10487	242.48	11.1001	242.48	13.0663
242.58	1.755	242.58	6.32545	242.58	9.09315	242.58	11.0884	242.58	13.0444
242.68	1.755	242.68	6.34303	242.68	9.10096	242.68	11.0962	242.68	13.0522
242.78	1.76477	242.78	6.34499	242.78	9.10291	242.78	11.0982	242.78	13.0542
242.88	1.755	242.88	6.32741	242.88	9.08338	242.88	11.0884	242.88	13.0444
242.98	1.76282	242.98	6.33327	242.98	9.08338	242.98	11.0884	242.98	13.0425
243.08	1.75696	243.08	6.33522	243.08	9.08338	243.08	11.0884	243.08	13.0444
243.18	1.755	243.18	6.33522	243.18	9.08338	243.18	11.0884	243.18	13.0444
243.28	1.75305	243.28	6.32545	243.28	9.08143	243.28	11.0865	243.28	13.0327
243.38	1.76477	243.38	6.32545	243.38	9.08338	243.38	11.0787	243.38	13.0347
243.48	1.75696	243.48	6.32545	243.48	9.08338	243.48	11.0787	243.48	13.0347
243.58	1.755	243.58	6.32545	243.58	9.08338	243.58	11.0787	243.58	13.0347
243.68	1.76282	243.68	6.3235	243.68	9.07362	243.68	11.0673	243.68	13.0327
243.78	1.75696	243.78	6.31764	243.78	9.07362	243.78	11.0669	243.78	13.0249
243.88	1.755	243.88	6.32545	243.88	9.07362	243.88	11.0669	243.88	13.0249
243.98	1.76282	243.98	6.33327	243.98	9.08143	243.98	11.0748	243.98	13.0327
244.08	1.76477	244.08	6.32545	244.08	9.07362	244.08	11.0669	244.08	13.0249
244.18	1.75696	244.18	6.32545	244.18	9.07362	244.18	11.0572	244.18	13.0151
244.28	1.755	244.28	6.32545	244.28	9.07362	244.28	11.0572	244.28	13.0151
244.38	1.76438	244.38	6.32702	244.38	9.08299	244.38	11.0587	244.38	13.0245
244.48	1.76868	244.48	6.32741	244.48	9.07752	244.48	11.0591	244.48	13.019
244.58	1.755	244.58	6.31569	244.58	9.06385	244.58	11.0474	244.58	13.0054
244.68	1.755	244.68	6.32545	244.68	9.06385	244.68	11.0474	244.68	12.9956
244.78	1.77258	244.78	6.33327	244.78	9.07166	244.78	11.0552	244.78	13.0034
244.88	1.76516	244.88	6.33522	244.88	9.07362	244.88	11.0572	244.88	13.0054
244.98	1.75305	244.98	6.31764	244.98	9.06385	244.98	11.0474	244.98	12.9956
245.08	1.76086	245.08	6.3235	245.08	9.06385	245.08	11.0552	245.08	13.0034
245.18	1.77454	245.18	6.32545	245.18	9.06385	245.18	11.0396	245.18	12.9956
245.28	1.75696	245.28	6.31569	245.28	9.05408	245.28	11.0279	245.28	12.9858
245.38	1.755	245.38	6.32545	245.38	9.05408	245.38	11.0279	245.38	12.978
245.48	1.76282	245.48	6.32545	245.48	9.0619	245.48	11.0357	245.48	12.9839
245.58	1.75696	245.58	6.32545	245.58	9.06385	245.58	11.0298	245.58	12.9858
245.68	1.76477	245.68	6.32545	245.68	9.05447	245.68	11.0279	245.68	12.9858
245.78	1.755	245.78	6.31569	245.78	9.04237	245.78	11.0181	245.78	12.9663
245.88	1.76282	245.88	6.3235	245.88	9.05018	245.88	11.0259	245.88	12.9741
245.98	1.76672	245.98	6.31764	245.98	9.05213	245.98	11.0279	245.98	12.9761
246.08	1.76477	246.08	6.31569	246.08	9.05213	246.08	11.0279	246.08	12.9761
246.18	1.76477	246.18	6.32545	246.18	9.05213	246.18	11.0279	246.18	12.9644
246.28	1.76282	246.28	6.3235	246.28	9.05018	246.28	11.0162	246.28	12.9624
246.38	1.76672	246.38	6.32545	246.38	9.05213	246.38	11.0103	246.38	12.9644
246.48	1.76477	246.48	6.32545	246.48	9.05213	246.48	11.0083	246.48	12.9546
246.58	1.755	246.58	6.31569	246.58	9.04237	246.58	10.9986	246.58	12.937
246.68	1.76282	246.68	6.3235	246.68	9.04237	246.68	11.0064	246.68	12.9429
246.78	1.76672	246.78	6.31608	246.78	9.04237	246.78	11.0083	246.78	12.9448
246.88	1.76477	246.88	6.31374	246.88	9.04237	246.88	11.0083	246.88	12.9448
246.98	1.76477	246.98	6.3235	246.98	9.04237	246.98	11.0083	246.98	12.9351
247.08	1.76282	247.08	6.32155	247.08	9.04041	247.08	11.0064	247.08	12.9331
247.18	1.76477	247.18	6.3235	247.18	9.0326	247.18	11.0083	247.18	12.9351
247.28	1.76672	247.28	6.3235	247.28	9.0326	247.28	10.9888	247.28	12.9351
247.38	1.76477	247.38	6.31569	247.38	9.02479	247.38	10.9869	247.38	12.9253
247.48	1.76282	247.48	6.31178	247.48	9.02088	247.48	10.9849	247.48	12.9233
247.58	1.75696	247.58	6.31374	247.58	9.02283	247.58	10.9869	247.58	12.9253
247.68	1.76477	247.68	6.31374	247.68	9.02283	247.68	10.9869	247.68	12.9253
247.78	1.76477	247.78	6.31374	247.78	9.02283	247.78	10.9869	247.78	12.9155
247.88	1.75305	247.88	6.30202	247.88	9.01112	247.88	10.9751	247.88	12.9038
247.98	1.74368	247.98	6.2942	247.98	9.01112	247.98	10.9751	247.98	12.9038
248.08	1.75071	248.08	6.31139	248.08	9.01268	248.08	10.9845	248.08	12.9034
248.18	1.76282	248.18	6.31374	248.18	9.01307	248.18	10.9869	248.18	12.9058
248.28	1.75305	248.28	6.30397	248.28	9.0033	248.28	10.9673	248.28	12.896
248.38	1.75305	248.38	6.30397	248.38	9.0033	248.38	10.9673	248.38	12.8862
248.48	1.74524	248.48	6.30397	248.48	9.0033	248.48	10.9673	248.48	12.8862
248.58	1.7511	248.58	6.31178	248.58	9.01111	248.58	10.9751	248.58	12.894
248.68	1.755	248.68	6.29616	248.68	9.0033	248.68	10.9673	248.68	12.8765
248.78	1.755	248.78	6.2942	248.78	9.0033	248.78	10.9673	248.78	12.8765
248.88	1.755	248.88	6.30592	248.88	9.0033	248.88	10.9673	248.88	12.8843
248.98	1.74719	248.98	6.30592	248.98	9.0033	248.98	10.9673	248.98	12.8862
249.08	1.75305	249.08	6.31374	249.08	9.01112	249.08	10.9751	249.08	12.8823
249.18	1.76477	249.18	6.31569	249.18	9.00526	249.18	10.9771	249.18	12.8843
249.28	1.76477	249.28	6.31569	249.28	9.0033	249.28	10.9693	249.28	12.8843
249.38	1.755	249.38	6.29811	249.38	8.99354	249.38	10.9478	249.38	12.8745
249.48	1.755	249.48	6.30592	249.48	8.99354	249.48	10.9478	249.48	12.8647
249.58	1.76477	249.58	6.30592	249.58	8.99354	249.58	10.9478	249.58	12.8647
249.68	1.76477	249.68	6.31374	249.68	9.00135	249.68	10.9556	249.68	12.8726
249.78	1.755	249.78	6.30592	249.78	8.99354	249.78	10.9478	249.78	12.8647
249.88	1.76477	249.88	6.29811	249.88	8.99354	249.88	10.9478	249.88	12.855
249.98	1.76477	249.98	6.29616	249.98	8.99354	249.98	10.9478	249.98	12.855
250.08	1.76477	250.08	6.29616	250.08	8.99354	250.08	10.938	250.08	12.855
250.18	1.76282	250.18	6.2942	250.18	8.99158	250.18	10.9361	250.18	12.853
250.28	1.76672	250.28	6.30592	250.28	8.98573	250.28	10.9302	250.28	12.8452
250.38	1.76477	250.38	6.30592	250.38	8.98377	250.38	10.9283	250.38	12.8452
250.48	1.755	250.48	6.29616	250.48	8.97401	250.48	10.9185	250.48	12.8354
250.58	1.76282	250.58	6.29616	250.58	8.98182	250.58	10.9263	250.58	12.8433
250.68	1.77454	250.68	6.29616	250.68	8.98377	250.68	10.9283	250.68	12.8354
250.78	1.76672	250.78	6.29616	250.78	8.98377	250.78	10.9283	250.78	12.8354
250.88	1.755	250.88	6.28639	250.88	8.97401	250.88	10.9087	250.88	12.8257
250.98	1.755	250.98	6.28639	250.98	8.97401	250.98	10.9087	250.98	12.8335
251.08	1.77258	251.08	6.2942	251.08	8.98182	251.08	10.9165	251.08	12.8433
251.18	1.77454	251.18	6.28835	251.18	8.98377	251.18	10.9185	251.18	12.8354
251.28	1.755	251.28	6.28444	251.28	8.97205	251.28	10.9068	251.28	12.8237
251.38	1.75305	251.38	6.28444	251.38	8.97205	251.38	10.9068	251.38	12.8237
251.48	1.76282	251.48	6.28444	251.48	8.96424	251.48	10.9068	251.48	12.8237
251.58	1.76282	251.58	6.28444	251.58	8.9701	251.58	10.9068	251.58	12.814
251.68	1.76086	251.68	6.28249	251.68	8.96229	251.68	10.8955	251.68	12.812
251.78	1.77258	251.78	6.27663	251.78	8.96229	251.78	10.8853	251.78	12.814
251.88	1.76477	251.88	6.27467	251.88	8.96229	251.88	10.8853	251.88	12.814
251.98	1.75305	251.98	6.26491	251.98	8.95252	251.98	10.8755	251.98	12.8042
252.08	1.75305	252.08	6.26491	252.08	8.95253	252.08	10.8755	252.08	12.8042
252.18	1.76243	252.18	6.27428	252.18	8.9619	252.18	10.8849	252.18	12.8038
252.28	1.76868	252.28	6.27663	252.28	8.96424	252.28	10.8775	252.28	12.7983
252.38	1.75696	252.38	6.26686	252.38	8.95448	252.38	10.8677	252.38	12.7866
252.48	1.75696	252.48	6.25748	252.48	8.95448	252.48	10.8677	252.48	12.7866
252.58	1.77454	252.58	6.26295	252.58	8.95448	252.58	10.8755	252.58	12.7827
252.68	1.77649	252.68	6.26491	252.68	8.95448	252.68	10.8697	252.68	12.7847
252.78	1.75735	252.78	6.25514	252.78	8.94471	252.78	10.858	252.78	12.7749
252.88	1.755	252.88	6.26491	252.88	8.94471	252.88	10.858	252.88	12.7749
252.98	1.77258	252.98	6.27272	252.98	8.95252	252.98	10.8658	252.98	12.7729
253.08	1.77454	253.08	6.26686	253.08	8.9451	253.08	10.8677	253.08	12.7749
253.18	1.76477	253.18	6.25514	253.18	8.93299	253.18	10.8482	253.18	12.7651
253.28	1.77258	253.28	6.26295	253.28	8.9408	253.28	10.8482	253.28	12.7729
253.38	1.76672	253.38	6.26491	253.38	8.94276	253.38	10.8482	253.38	12.7651
253.48	1.77454	253.48	6.26491	253.48	8.94276	253.48	10.8482	253.48	12.7651
253.58	1.76477	253.58	6.25514	253.58	8.93299	253.58	10.8384	253.58	12.7554
253.68	1.77258	253.68	6.26295	253.68	8.9408	253.68	10.8462	253.68	12.7632
253.78	1.76672	253.78	6.2571	253.78	8.94276	253.78	10.8482	253.78	12.7651
253.88	1.76477	253.88	6.26491	253.88	8.93299	253.88	10.8482	253.88	12.7554
253.98	1.76477	253.98	6.25514	253.98	8.92323	253.98	10.8384	253.98	12.7378
254.08	1.76477	254.08	6.26295	254.08	8.93104	254.08	10.8462	254.08	12.7437
254.18	1.76477	254.18	6.2571	254.18	8.92518	254.18	10.8365	254.18	12.7456
254.28	1.76477	254.28	6.25514	254.28	8.92323	254.28	10.8365	254.28	12.7358
254.38	1.77454	254.38	6.25514	254.38	8.92323	254.38	10.8365	254.38	12.7358
254.48	1.76477	254.48	6.24538	254.48	8.91346	254.48	10.8189	254.48	12.7261
254.58	1.77258	254.58	6.25319	254.58	8.92127	254.58	10.8248	254.58	12.7339
254.68	1.76672	254.68	6.25514	254.68	8.92323	254.68	10.8267	254.68	12.7261
254.78	1.77454	254.78	6.25514	254.78	8.91541	254.78	10.8267	254.78	12.7261
254.88	1.77454	254.88	6.24733	254.88	8.91346	254.88	10.8267	254.88	12.7261
254.98	1.76282	254.98	6.23366	254.98	8.90174	254.98	10.815	254.98	12.7144
255.08	1.76282	255.08	6.24147	255.08	8.90955	255.08	10.813	255.08	12.7222
255.18	1.76282	255.18	6.24342	255.18	8.91151	255.18	10.815	255.18	12.7144
255.28	1.77258	255.28	6.24342	255.28	8.91151	255.28	10.815	255.28	12.7144
255.38	1.76282	255.38	6.23366	255.38	8.89393	255.38	10.8052	255.38	12.7046
255.48	1.76282	255.48	6.23366	255.48	8.89198	255.48	10.7974	255.48	12.7046
255.58	1.755	255.58	6.24342	255.58	8.89198	255.58	10.7955	255.58	12.687
255.68	1.77415	255.68	6.24499	255.68	8.90135	255.68	10.8048	255.68	12.6944
255.78	1.76672	255.78	6.23561	255.78	8.89393	255.78	10.7974	255.78	12.687
255.88	1.76672	255.88	6.23561	255.88	8.89393	255.88	10.7974	255.88	12.6772
255.98	1.75891	255.98	6.23561	255.98	8.89393	255.98	10.7876	255.98	12.6772
256.08	1.75696	256.08	6.23561	256.08	8.88611	256.08	10.7876	256.08	12.6772
256.18	1.74719	256.18	6.22585	256.18	8.8744	256.18	10.7779	256.18	12.6675
256.28	1.75539	256.28	6.23366	256.28	8.88221	256.28	10.7857	256.28	12.6753
256.38	1.755	256.38	6.2278	256.38	8.88416	256.38	10.7876	256.38	12.6772
256.48	1.755	256.48	6.22585	256.48	8.8744	256.48	10.7876	256.48	12.6655
256.58	1.74524	256.58	6.21608	256.58	8.85682	256.58	10.7779	256.58	12.6558
256.68	1.74524	256.68	6.21608	256.68	8.85487	256.68	10.7681	256.68	12.6558
256.78	1.755	256.78	6.21608	256.78	8.85487	256.78	10.7603	256.78	12.6558
256.88	1.755	256.88	6.22389	256.88	8.86268	256.88	10.7662	256.88	12.6538
256.98	1.74524	256.98	6.20827	256.98	8.85487	256.98	10.7583	256.98	12.646
257.08	1.74524	257.08	6.20631	257.08	8.85487	257.08	10.7583	257.08	12.646
257.18	1.74524	257.18	6.20631	257.18	8.85487	257.18	10.7583	257.18	12.646
257.28	1.755	257.28	6.20631	257.28	8.84705	257.28	10.7486	257.28	12.6362
257.38	1.73743	257.38	6.19655	257.38	8.83533	257.38	10.7388	257.38	12.6265
257.48	1.74329	257.48	6.21413	257.48	8.84315	257.48	10.7466	257.48	12.6265
257.58	1.74524	257.58	6.21608	257.58	8.8451	257.58	10.7486	257.58	12.6265
257.68	1.74524	257.68	6.21608	257.68	8.8451	257.68	10.7486	257.68	12.6167
257.78	1.73743	257.78	6.21608	257.78	8.8451	257.78	10.7486	257.78	12.6167
257.88	1.74329	257.88	6.20475	257.88	8.83533	257.88	10.7466	257.88	12.6147
257.98	1.74524	257.98	6.20436	257.98	8.83533	257.98	10.7388	257.98	12.6167
258.08	1.74524	258.08	6.20436	258.08	8.83533	258.08	10.7388	258.08	12.6167
258.18	1.74524	258.18	6.20436	258.18	8.83533	258.18	10.7388	258.18	12.6069
258.28	1.72571	258.28	6.19264	258.28	8.82362	258.28	10.7271	258.28	12.5952
258.38	1.74133	258.38	6.20045	258.38	8.83143	258.38	10.7349	258.38	12.603
258.48	1.74329	258.48	6.20241	258.48	8.83338	258.48	10.7369	258.48	12.605
258.58	1.74329	258.58	6.20241	258.58	8.82557	258.58	10.7369	258.58	12.605
258.68	1.73547	258.68	6.20631	258.68	8.82362	258.68	10.729	258.68	12.5952
258.78	1.74329	258.78	6.20436	258.78	8.82362	258.78	10.7271	258.78	12.5952
258.88	1.73352	258.88	6.1946	258.88	8.81385	258.88	10.7076	258.88	12.5854
258.98	1.73352	258.98	6.20241	258.98	8.82166	258.98	10.7154	258.98	12.5933
259.08	1.73352	259.08	6.20436	259.08	8.82362	259.08	10.7173	259.08	12.5952
259.18	1.73352	259.18	6.20436	259.18	8.81385	259.18	10.7173	259.18	12.5874
259.28	1.72375	259.28	6.1946	259.28	8.80447	259.28	10.7076	259.28	12.5659
259.38	1.72375	259.38	6.18678	259.38	8.79237	259.38	10.7076	259.38	12.5659
259.48	1.73352	259.48	6.18483	259.48	8.80213	259.48	10.7076	259.48	12.5659
259.58	1.73352	259.58	6.19264	259.58	8.80995	259.58	10.7154	259.58	12.5737
259.68	1.73352	259.68	6.1946	259.68	8.8119	259.68	10.7173	259.68	12.5757
259.78	1.72375	259.78	6.18483	259.78	8.80213	259.78	10.69	259.78	12.5659
259.88	1.72375	259.88	6.18483	259.88	8.80213	259.88	10.688	259.88	12.5659
259.98	1.72375	259.98	6.1946	259.98	8.80213	259.98	10.688	259.98	12.5562
260.08	1.74329	260.08	6.1946	260.08	8.80995	260.08	10.6958	260.08	12.564
260.18	1.74524	260.18	6.1946	260.18	8.80408	260.18	10.6978	260.18	12.5659
260.28	1.7261	260.28	6.18483	260.28	8.79237	260.28	10.688	260.28	12.5562
260.38	1.72375	260.38	6.18483	260.38	8.79237	260.38	10.688	260.38	12.5562
260.48	1.72375	260.48	6.18483	260.48	8.79237	260.48	10.688	260.48	12.5483
260.58	1.72375	260.58	6.18483	260.58	8.79237	260.58	10.688	260.58	12.5464
260.68	1.72337	260.68	6.18444	260.68	8.79198	260.68	10.6876	260.68	12.5343
260.78	1.73547	260.78	6.17897	260.78	8.78651	260.78	10.6783	260.78	12.5366
260.88	1.73547	260.88	6.17702	260.88	8.78455	260.88	10.6783	260.88	12.5366
260.98	1.72766	260.98	6.17702	260.98	8.78455	260.98	10.6705	260.98	12.5366
261.08	1.71594	261.08	6.16725	261.08	8.77479	261.08	10.6587	261.08	12.5269
261.18	1.72375	261.18	6.17506	261.18	8.7826	261.18	10.6665	261.18	12.5347
261.28	1.73547	261.28	6.17702	261.28	8.78455	261.28	10.6685	261.28	12.5175
261.38	1.73547	261.38	6.17702	261.38	8.78455	261.38	10.6587	261.38	12.5151
261.48	1.7179	261.48	6.15944	261.48	8.76698	261.48	10.649	261.48	12.5054
261.58	1.71594	261.58	6.15749	261.58	8.76502	261.58	10.649	261.58	12.5054
261.68	1.72375	261.68	6.1653	261.68	8.77283	261.68	10.6568	261.68	12.5132
261.78	1.72571	261.78	6.16725	261.78	8.77479	261.78	10.6587	261.78	12.5151
261.88	1.7179	261.88	6.16725	261.88	8.77479	261.88	10.6587	261.88	12.5054
261.98	1.70422	261.98	6.15553	261.98	8.76307	261.98	10.647	261.98	12.4937
262.08	1.71399	262.08	6.15553	262.08	8.75526	262.08	10.647	262.08	12.4937
262.18	1.71399	262.18	6.15553	262.18	8.7533	262.18	10.6373	262.18	12.4937
262.28	1.71399	262.28	6.14772	262.28	8.7533	262.28	10.6373	262.28	12.4937
262.38	1.7218	262.38	6.15358	262.38	8.76112	262.38	10.6451	262.38	12.5015
262.48	1.71594	262.48	6.15553	262.48	8.76307	262.48	10.647	262.48	12.5034
262.58	1.70422	262.58	6.14577	262.58	8.74549	262.58	10.6373	262.58	12.4839
262.68	1.70422	262.68	6.15553	262.68	8.74354	262.68	10.6373	262.68	12.4761
262.78	1.71399	262.78	6.15553	262.78	8.74354	262.78	10.6373	262.78	12.4741
262.88	1.7218	262.88	6.16335	262.88	8.75135	262.88	10.6353	262.88	12.4819
262.98	1.72375	262.98	6.15749	262.98	8.7533	262.98	10.6373	262.98	12.4839
263.08	1.71594	263.08	6.15553	263.08	8.7533	263.08	10.6373	263.08	12.4741
263.18	1.71399	263.18	6.15553	263.18	8.74549	263.18	10.6373	263.18	12.4741
263.28	1.71399	263.28	6.15553	263.28	8.7533	263.28	10.6373	263.28	12.4741
263.38	1.71204	263.38	6.15358	263.38	8.75135	263.38	10.6353	263.38	12.4722
263.48	1.72375	263.48	6.15553	263.48	8.7533	263.48	10.6275	263.48	12.4644
263.58	1.71594	263.58	6.15553	263.58	8.7533	263.58	10.6275	263.58	12.4644
263.68	1.71399	263.68	6.15553	263.68	8.7533	263.68	10.6275	263.68	12.4644
263.78	1.71399	263.78	6.14616	263.78	8.73573	263.78	10.6275	263.78	12.4644
263.88	1.7218	263.88	6.15163	263.88	8.74158	263.88	10.6353	263.88	12.4624
263.98	1.72375	263.98	6.15358	263.98	8.74354	263.98	10.6373	263.98	12.4644
264.08	1.71399	264.08	6.15358	264.08	8.73377	264.08	10.6177	264.08	12.4546
264.18	1.71594	264.18	6.15358	264.18	8.73377	264.18	10.6177	264.18	12.4546
264.28	1.71399	264.28	6.15358	264.28	8.73377	264.28	10.6177	264.28	12.4546
264.38	1.71399	264.38	6.15358	264.38	8.73377	264.38	10.6177	264.38	12.4448
264.48	1.7218	264.48	6.16139	264.48	8.74158	264.48	10.6255	264.48	12.4526
264.58	1.72375	264.58	6.16335	264.58	8.74392	264.58	10.6275	264.58	12.4546
264.68	1.71399	264.68	6.15358	264.68	8.73182	264.68	10.6177	264.68	12.4448
264.78	1.71399	264.78	6.15358	264.78	8.72205	264.78	10.6177	264.78	12.4331
264.88	1.71399	264.88	6.14577	264.88	8.73182	264.88	10.6177	264.88	12.4331
264.98	1.70618	264.98	6.14381	264.98	8.73182	264.98	10.6177	264.98	12.4331
265.08	1.7136	265.08	6.15319	265.08	8.74119	265.08	10.6271	265.08	12.4425
265.18	1.71594	265.18	6.14577	265.18	8.73377	265.18	10.6197	265.18	12.4351
265.28	1.71594	265.28	6.14577	265.28	8.73377	265.28	10.6005	265.28	12.4253
265.38	1.71594	265.38	6.14577	265.38	8.73377	265.38	10.5982	265.38	12.4253
265.48	1.71594	265.48	6.14577	265.48	8.73377	265.48	10.5982	265.48	12.4253
265.58	1.71594	265.58	6.14577	265.58	8.73377	265.58	10.5982	265.58	12.4253
265.68	1.70618	265.68	6.14577	265.68	8.72401	265.68	10.5884	265.68	12.4058
265.78	1.6968	265.78	6.13795	265.78	8.72401	265.78	10.5884	265.78	12.4058
265.88	1.71204	265.88	6.14381	265.88	8.72401	265.88	10.5962	265.88	12.4136
265.98	1.71399	265.98	6.14577	265.98	8.72401	265.98	10.5982	265.98	12.4155
266.08	1.70422	266.08	6.136	266.08	8.71424	266.08	10.5787	266.08	12.396
266.18	1.70422	266.18	6.136	266.18	8.71424	266.18	10.5787	266.18	12.396
266.28	1.70422	266.28	6.136	266.28	8.71424	266.28	10.5787	266.28	12.396
266.38	1.71204	266.38	6.14381	266.38	8.72205	266.38	10.5865	266.38	12.4038
266.48	1.70422	266.48	6.14577	266.48	8.71424	266.48	10.5708	266.48	12.396
266.58	1.70422	266.58	6.14577	266.58	8.70643	266.58	10.5767	266.58	12.3862
266.68	1.71594	266.68	6.14577	266.68	8.70448	266.68	10.5787	266.68	12.3862
266.78	1.71594	266.78	6.14577	266.78	8.70448	266.78	10.5787	266.78	12.3862
266.88	1.72375	266.88	6.15358	266.88	8.71229	266.88	10.5689	266.88	12.394
266.98	1.70618	266.98	6.136	266.98	8.70252	266.98	10.5572	266.98	12.3745
267.08	1.70422	267.08	6.13405	267.08	8.70252	267.08	10.5572	267.08	12.3745
267.18	1.70422	267.18	6.14381	267.18	8.70252	267.18	10.5572	267.18	12.3745
267.28	1.71399	267.28	6.14381	267.28	8.70252	267.28	10.5572	267.28	12.3745
267.38	1.70422	267.38	6.13405	267.38	8.69276	267.38	10.5474	267.38	12.355
267.48	1.70422	267.48	6.14186	267.48	8.69276	267.48	10.5552	267.48	12.3628
267.58	1.70422	267.58	6.14381	267.58	8.70252	267.58	10.5455	267.58	12.3647
267.68	1.70422	267.68	6.136	267.68	8.70252	267.68	10.5455	267.68	12.3647
267.78	1.70227	267.78	6.1321	267.78	8.70057	267.78	10.5435	267.78	12.3628
267.88	1.70422	267.88	6.13405	267.88	8.70252	267.88	10.5455	267.88	12.355
267.98	1.71399	267.98	6.13405	267.98	8.70252	267.98	10.5455	267.98	12.355
268.08	1.71399	268.08	6.13405	268.08	8.70252	268.08	10.5455	268.08	12.355
268.18	1.70422	268.18	6.12428	268.18	8.69276	268.18	10.5357	268.18	12.3354
268.28	1.70422	268.28	6.14186	268.28	8.70057	268.28	10.5435	268.28	12.3433
268.38	1.70422	268.38	6.14381	268.38	8.69471	268.38	10.5455	268.38	12.3452
268.48	1.69446	268.48	6.13405	268.48	8.68299	268.48	10.5259	268.48	12.3354
268.58	1.69446	268.58	6.12624	268.58	8.68299	268.58	10.5259	268.58	12.3354
268.68	1.71204	268.68	6.1321	268.68	8.6908	268.68	10.5259	268.68	12.3315
268.78	1.71399	268.78	6.13405	268.78	8.69276	268.78	10.5259	268.78	12.3335
268.88	1.70422	268.88	6.12428	268.88	8.68299	268.88	10.5162	268.88	12.3237
268.98	1.70422	268.98	6.136	268.98	8.67518	268.98	10.5162	268.98	12.3237
269.08	1.70422	269.08	6.136	269.08	8.67323	269.08	10.5142	269.08	12.314
269.18	1.7136	269.18	6.14538	269.18	8.69237	269.18	10.5255	269.18	12.3233
269.28	1.70813	269.28	6.13795	269.28	8.68494	269.28	10.5103	269.28	12.3159
269.38	1.70618	269.38	6.13014	269.38	8.68494	269.38	10.5083	269.38	12.3159
269.48	1.70618	269.48	6.12819	269.48	8.68494	269.48	10.5083	269.48	12.3062
269.58	1.69641	269.58	6.11842	269.58	8.67518	269.58	10.4986	269.58	12.2964
269.68	1.69641	269.68	6.11842	269.68	8.67518	269.68	10.4986	269.68	12.2964
269.78	1.71399	269.78	6.12624	269.78	8.68299	269.78	10.5064	269.78	12.3042
269.88	1.71594	269.88	6.12038	269.88	8.67713	269.88	10.5083	269.88	12.3062
269.98	1.70422	269.98	6.11647	269.98	8.66346	269.98	10.4966	269.98	12.2944
270.08	1.69641	270.08	6.11647	270.08	8.66346	270.08	10.4966	270.08	12.2944
270.18	1.69446	270.18	6.11647	270.18	8.66346	270.18	10.4869	270.18	12.2847
270.28	1.71204	270.28	6.12428	270.28	8.67127	270.28	10.4947	270.28	12.2925
270.38	1.70422	270.38	6.11647	270.38	8.67323	270.38	10.4869	270.38	12.2847
270.48	1.70422	270.48	6.10866	270.48	8.67323	270.48	10.4869	270.48	12.2749
270.58	1.70422	270.58	6.1067	270.58	8.66541	270.58	10.4869	270.58	12.2749
270.68	1.71204	270.68	6.11452	270.68	8.67127	270.68	10.4947	270.68	12.2827
270.78	1.70422	270.78	6.1067	270.78	8.66346	270.78	10.4869	270.78	12.2749
270.88	1.70422	270.88	6.11647	270.88	8.66346	270.88	10.4771	270.88	12.2749
270.98	1.71399	270.98	6.11647	270.98	8.66346	270.98	10.4771	270.98	12.2749
271.08	1.71399	271.08	6.10709	271.08	8.66346	271.08	10.4771	271.08	12.2651
271.18	1.70618	271.18	6.10475	271.18	8.66346	271.18	10.4771	271.18	12.2651
271.28	1.70227	271.28	6.1028	271.28	8.66151	271.28	10.4751	271.28	12.2632
271.38	1.70422	271.38	6.10475	271.38	8.66346	271.38	10.4771	271.38	12.2651
271.48	1.71594	271.48	6.10475	271.48	8.65408	271.48	10.4771	271.48	12.2554
271.58	1.71594	271.58	6.11452	271.58	8.65174	271.58	10.4771	271.58	12.2554
271.68	1.70618	271.68	6.09694	271.68	8.64198	271.68	10.4595	271.68	12.2456
271.78	1.71399	271.78	6.1028	271.78	8.64979	271.78	10.4556	271.78	12.2534
271.88	1.71594	271.88	6.10475	271.88	8.65174	271.88	10.4576	271.88	12.2456
271.98	1.71594	271.98	6.10475	271.98	8.65174	271.98	10.4576	271.98	12.2456
272.08	1.69836	272.08	6.09499	272.08	8.64198	272.08	10.4478	272.08	12.2358
272.18	1.69641	272.18	6.09499	272.18	8.64198	272.18	10.4478	272.18	12.2358
272.28	1.69641	272.28	6.08717	272.28	8.63416	272.28	10.4478	272.28	12.2358
272.38	1.71399	272.38	6.1028	272.38	8.63026	272.38	10.4556	272.38	12.2241
272.48	1.70618	272.48	6.09499	272.48	8.62244	272.48	10.4478	272.48	12.2222
272.58	1.70618	272.58	6.09499	272.58	8.62244	272.58	10.438	272.58	12.2241
272.68	1.70618	272.68	6.09499	272.68	8.62244	272.68	10.438	272.68	12.2163
272.78	1.70657	272.78	6.09499	272.78	8.62244	272.78	10.438	272.78	12.2144
272.88	1.71204	272.88	6.09499	272.88	8.63026	272.88	10.438	272.88	12.2202
272.98	1.70422	272.98	6.09499	272.98	8.62244	272.98	10.4283	272.98	12.2144
273.08	1.70422	273.08	6.09499	273.08	8.62244	273.08	10.4283	273.08	12.2144
273.18	1.70422	273.18	6.09499	273.18	8.62244	273.18	10.4283	273.18	12.2144
273.28	1.71204	273.28	6.1028	273.28	8.63026	273.28	10.4361	273.28	12.2124
273.38	1.71204	273.38	6.08522	273.38	8.61268	273.38	10.4263	273.38	12.2026
273.48	1.70422	273.48	6.08327	273.48	8.61073	273.48	10.4263	273.48	12.2026
273.58	1.70227	273.58	6.09303	273.58	8.61073	273.58	10.4263	273.58	12.2026
273.68	1.70227	273.68	6.08327	273.68	8.61073	273.68	10.4185	273.68	12.1929
273.78	1.70227	273.78	6.09303	273.78	8.61073	273.78	10.4165	273.78	12.1929
273.88	1.71165	273.88	6.08483	273.88	8.61034	273.88	10.4162	273.88	12.1925
273.98	1.71399	273.98	6.08522	273.98	8.60487	273.98	10.4185	273.98	12.1948
274.08	1.70618	274.08	6.08522	274.08	8.60291	274.08	10.4185	274.08	12.1851
274.18	1.70422	274.18	6.08522	274.18	8.60291	274.18	10.4185	274.18	12.1851
274.28	1.69446	274.28	6.07545	274.28	8.59315	274.28	10.4009	274.28	12.1753
274.38	1.70227	274.38	6.07545	274.38	8.60096	274.38	10.4068	274.38	12.1831
274.48	1.70618	274.48	6.08522	274.48	8.60291	274.48	10.399	274.48	12.1851
274.58	1.70422	274.58	6.08522	274.58	8.60291	274.58	10.399	274.58	12.1753
274.68	1.69446	274.68	6.07545	274.68	8.59315	274.68	10.3892	274.68	12.1655
274.78	1.69446	274.78	6.07545	274.78	8.59315	274.78	10.3892	274.78	12.1577
274.88	1.70227	274.88	6.08327	274.88	8.60096	274.88	10.3892	274.88	12.1636
274.98	1.69641	274.98	6.07741	274.98	8.60291	274.98	10.3892	274.98	12.1655
275.08	1.69446	275.08	6.06569	275.08	8.58533	275.08	10.3794	275.08	12.146
275.18	1.69446	275.18	6.07545	275.18	8.58338	275.18	10.3794	275.18	12.146
275.28	1.70227	275.28	6.08327	275.28	8.58143	275.28	10.3873	275.28	12.1538
275.38	1.70422	275.38	6.08522	275.38	8.58338	275.38	10.3892	275.38	12.1558
275.48	1.71399	275.48	6.08522	275.48	8.58338	275.48	10.3892	275.48	12.1558
275.58	1.69641	275.58	6.06608	275.58	8.57362	275.58	10.3794	275.58	12.1362
275.68	1.69446	275.68	6.06374	275.68	8.57362	275.68	10.3794	275.68	12.1362
275.78	1.69446	275.78	6.06374	275.78	8.57362	275.78	10.3701	275.78	12.1362
275.88	1.68469	275.88	6.05397	275.88	8.56385	275.88	10.358	275.88	12.1265
275.98	1.70422	275.98	6.06178	275.98	8.57166	275.98	10.3658	275.98	12.1343
276.08	1.69836	276.08	6.07545	276.08	8.57557	276.08	10.3677	276.08	12.1245
276.18	1.69641	276.18	6.07545	276.18	8.57362	276.18	10.3677	276.18	12.1245
276.28	1.68665	276.28	6.05788	276.28	8.56385	276.28	10.3462	276.28	12.1147
276.38	1.68665	276.38	6.05592	276.38	8.56385	276.38	10.3462	276.38	12.1147
276.48	1.67883	276.48	6.05592	276.48	8.56385	276.48	10.3462	276.48	12.1147
276.58	1.68469	276.58	6.05397	276.58	8.5619	276.58	10.3443	276.58	12.1128
276.68	1.68665	276.68	6.05592	276.68	8.56385	276.68	10.3384	276.68	12.1069
276.78	1.68665	276.78	6.05592	276.78	8.56385	276.78	10.3365	276.78	12.0952
276.88	1.68665	276.88	6.05592	276.88	8.56385	276.88	10.3365	276.88	12.0952
276.98	1.68665	276.98	6.05592	276.98	8.56385	276.98	10.3365	276.98	12.0952
277.08	1.68508	277.08	6.06569	277.08	8.57166	277.08	10.3345	277.08	12.103
277.18	1.68274	277.18	6.05397	277.18	8.5619	277.18	10.3248	277.18	12.0933
277.28	1.68274	277.28	6.05397	277.28	8.5619	277.28	10.3248	277.28	12.0933
277.38	1.68274	277.38	6.05397	277.38	8.55408	277.38	10.3248	277.38	12.0933
277.48	1.68274	277.48	6.05397	277.48	8.55213	277.48	10.3248	277.48	12.0933
277.58	1.69055	277.58	6.05397	277.58	8.55994	277.58	10.3326	277.58	12.0913
277.68	1.68274	277.68	6.0442	277.68	8.55213	277.68	10.3248	277.68	12.0835
277.78	1.6925	277.78	6.05397	277.78	8.55213	277.78	10.3169	277.78	12.0835
277.88	1.6925	277.88	6.05397	277.88	8.55213	277.88	10.315	277.88	12.0835
277.98	1.68469	277.98	6.05397	277.98	8.55213	277.98	10.315	277.98	12.0835
278.08	1.67297	278.08	6.0442	278.08	8.53455	278.08	10.2955	278.08	12.0737
278.18	1.67297	278.18	6.03639	278.18	8.5326	278.18	10.2955	278.18	12.064
278.28	1.69212	278.28	6.04382	278.28	8.54198	278.28	10.3048	278.28	12.0733
278.38	1.67688	278.38	6.03639	278.38	8.53455	278.38	10.2974	278.38	12.0659
278.48	1.67493	278.48	6.03639	278.48	8.52479	278.48	10.2974	278.48	12.0659
278.58	1.67493	278.58	6.03639	278.58	8.52479	278.58	10.2896	278.58	12.0659
278.68	1.67493	278.68	6.03639	278.68	8.52479	278.68	10.2876	278.68	12.0659
278.78	1.67493	278.78	6.02858	278.78	8.52479	278.78	10.2876	278.78	12.0581
278.88	1.67688	278.88	6.03639	278.88	8.52479	278.88	10.2876	278.88	12.0464
278.98	1.68274	278.98	6.0442	278.98	8.5326	278.98	10.2955	278.98	12.0542
279.08	1.67493	279.08	6.03639	279.08	8.51698	279.08	10.2876	279.08	12.0464
279.18	1.67493	279.18	6.03639	279.18	8.51502	279.18	10.2876	279.18	12.0464
279.28	1.67493	279.28	6.02858	279.28	8.51502	279.28	10.2876	279.28	12.0366
279.38	1.67493	279.38	6.02663	279.38	8.51502	279.38	10.2798	279.38	12.0366
279.48	1.67493	279.48	6.02663	279.48	8.51502	279.48	10.2779	279.48	12.0366
279.58	1.66516	279.58	6.01686	279.58	8.50526	279.58	10.2681	279.58	12.0269
279.68	1.66711	279.68	6.01686	279.68	8.50526	279.68	10.2681	279.68	12.0269
279.78	1.67297	279.78	6.02467	279.78	8.51307	279.78	10.2759	279.78	12.0347
279.88	1.67493	279.88	6.02663	279.88	8.51502	279.88	10.2779	279.88	12.0366
279.98	1.67493	279.98	6.02858	279.98	8.51502	279.98	10.2779	279.98	12.0366
280.08	1.67493	280.08	6.02663	280.08	8.51502	280.08	10.2681	280.08	12.0269
280.18	1.68469	280.18	6.02663	280.18	8.51502	280.18	10.2681	280.18	12.0269
280.28	1.66711	280.28	6.01686	280.28	8.50526	280.28	10.2583	280.28	12.0171
280.38	1.66516	280.38	6.01686	280.38	8.49549	280.38	10.2583	280.38	12.0171
280.48	1.66516	280.48	6.01686	280.48	8.49549	280.48	10.2583	280.48	12.0171
280.58	1.66516	280.58	6.01686	280.58	8.49549	280.58	10.2505	280.58	12.0171
280.68	1.67297	280.68	6.02467	280.68	8.5033	280.68	10.2564	280.68	12.0249
280.78	1.68469	280.78	6.01725	280.78	8.50526	280.78	10.2583	280.78	12.0171
280.88	1.67688	280.88	6.01491	280.88	8.50526	280.88	10.2583	280.88	12.0171
280.98	1.66516	280.98	6.00514	280.98	8.49549	280.98	10.2486	280.98	12.0073
281.08	1.66516	281.08	6.00514	281.08	8.49549	281.08	10.2388	281.08	12.0073
281.18	1.66516	281.18	6.00514	281.18	8.49549	281.18	10.2388	281.18	12.0073
281.28	1.66516	281.28	6.01491	281.28	8.49549	281.28	10.2388	281.28	12.0073
281.38	1.67297	281.38	6.02272	281.38	8.5033	281.38	10.2466	281.38	12.0151
281.48	1.67493	281.48	6.02467	281.48	8.50526	281.48	10.2408	281.48	12.0073
281.58	1.66711	281.58	6.02467	281.58	8.50526	281.58	10.2388	281.58	12.0073
281.68	1.66516	281.68	6.01686	281.68	8.50526	281.68	10.2388	281.68	12.0073
281.78	1.67688	281.78	6.01491	281.78	8.50526	281.78	10.2388	281.78	12.0073
281.88	1.66516	281.88	6.00319	281.88	8.48377	281.88	10.2271	281.88	11.9956
281.98	1.66516	281.98	6.00319	281.98	8.48377	281.98	10.2271	281.98	11.9956
282.08	1.66516	282.08	6.00319	282.08	8.48377	282.08	10.2271	282.08	11.9878
282.18	1.67297	282.18	6.011	282.18	8.49158	282.18	10.2251	282.18	11.9819
282.28	1.67493	282.28	6.01295	282.28	8.49354	282.28	10.2271	282.28	11.9839
282.38	1.66711	282.38	6.01295	282.38	8.49354	282.38	10.2193	282.38	11.9839
282.48	1.67493	282.48	6.01295	282.48	8.49354	282.48	10.2173	282.48	11.9839
282.58	1.67493	282.58	6.01295	282.58	8.49354	282.58	10.2173	282.58	11.9839
282.68	1.67493	282.68	6.01295	282.68	8.49354	282.68	10.2173	282.68	11.9839
282.78	1.67493	282.78	6.01295	282.78	8.49354	282.78	10.2173	282.78	11.9819
282.88	1.67297	282.88	6.00319	282.88	8.49158	282.88	10.2154	282.88	11.9741
282.98	1.67532	282.98	6.00319	282.98	8.49354	282.98	10.2173	282.98	11.9819
283.08	1.67297	283.08	6.00319	283.08	8.49354	283.08	10.2173	283.08	11.9761
283.18	1.67297	283.18	6.00319	283.18	8.49354	283.18	10.2173	283.18	11.9722
283.28	1.67297	283.28	6.00319	283.28	8.49354	283.28	10.2173	283.28	11.9741
283.38	1.66321	283.38	5.99342	283.38	8.48377	283.38	10.2076	283.38	11.9644
283.48	1.66321	283.48	5.99342	283.48	8.48377	283.48	10.1982	283.48	11.9644
283.58	1.66321	283.58	6.00124	283.58	8.49159	283.58	10.2037	283.58	11.9722
283.68	1.67297	283.68	6.00319	283.68	8.49354	283.68	10.2056	283.68	11.9644
283.78	1.67297	283.78	6.00319	283.78	8.48416	283.78	10.1958	283.78	11.9644
283.88	1.67297	283.88	6.00319	283.88	8.48182	283.88	10.1958	283.88	11.9644
283.98	1.66321	283.98	5.98561	283.98	8.47205	283.98	10.1861	283.98	11.9546
284.08	1.67258	284.08	5.99303	284.08	8.48143	284.08	10.1955	284.08	11.964
284.18	1.67688	284.18	5.99538	284.18	8.48377	284.18	10.1978	284.18	11.9663
284.28	1.67493	284.28	5.99538	284.28	8.48377	284.28	10.1978	284.28	11.9565
284.38	1.67493	284.38	5.99538	284.38	8.48377	284.38	10.1978	284.38	11.9565
284.48	1.67493	284.48	5.99538	284.48	8.48377	284.48	10.1978	284.48	11.9565
284.58	1.67493	284.58	5.99538	284.58	8.48377	284.58	10.1978	284.58	11.9565
284.68	1.66711	284.68	5.99538	284.68	8.48377	284.68	10.1978	284.68	11.9565
284.78	1.66516	284.78	5.98561	284.78	8.47401	284.78	10.188	284.78	11.937
284.88	1.67297	284.88	5.99342	284.88	8.48182	284.88	10.1958	284.88	11.9448
284.98	1.67493	284.98	5.99538	284.98	8.48377	284.98	10.1978	284.98	11.9468
285.08	1.67493	285.08	5.99538	285.08	8.47596	285.08	10.1802	285.08	11.9468
285.18	1.66516	285.18	5.98561	285.18	8.46424	285.18	10.1685	285.18	11.937
285.28	1.66516	285.28	5.98561	285.28	8.46424	285.28	10.1685	285.28	11.9272
285.38	1.65735	285.38	5.98561	285.38	8.46424	285.38	10.1685	285.38	11.9272
285.48	1.67297	285.48	5.98561	285.48	8.47205	285.48	10.1763	285.48	11.9351
285.58	1.67493	285.58	5.99538	285.58	8.48377	285.58	10.1783	285.58	11.937
285.68	1.66516	285.68	5.99342	285.68	8.46424	285.68	10.1685	285.68	11.9272
285.78	1.66516	285.78	5.99538	285.78	8.47401	285.78	10.1685	285.78	11.9175
285.88	1.66516	285.88	5.98756	285.88	8.47401	285.88	10.1685	285.88	11.9175
285.98	1.67297	285.98	5.99342	285.98	8.48182	285.98	10.1646	285.98	11.9175
286.08	1.66711	286.08	5.99538	286.08	8.474	286.08	10.1665	286.08	11.9175
286.18	1.66516	286.18	5.98561	286.18	8.46424	286.18	10.1568	286.18	11.9077
286.28	1.66516	286.28	5.98561	286.28	8.46424	286.28	10.1568	286.28	11.896
286.38	1.66516	286.38	5.98561	286.38	8.46424	286.38	10.1568	286.38	11.896
286.48	1.67297	286.48	5.99342	286.48	8.47205	286.48	10.1646	286.48	11.9038
286.58	1.67493	286.58	5.99538	286.58	8.47401	286.58	10.1665	286.58	11.9058
286.68	1.67493	286.68	5.99538	286.68	8.47401	286.68	10.1665	286.68	11.9058
286.78	1.68665	286.78	5.98756	286.78	8.47401	286.78	10.1665	286.78	11.896
286.88	1.67493	286.88	5.97389	286.88	8.46229	286.88	10.1548	286.88	11.8843
286.98	1.67493	286.98	5.97389	286.98	8.46229	286.98	10.1451	286.98	11.8843
287.08	1.68274	287.08	5.9817	287.08	8.4701	287.08	10.1451	287.08	11.8921
287.18	1.68469	287.18	5.98366	287.18	8.46424	287.18	10.1451	287.18	11.894
287.28	1.68469	287.28	5.98366	287.28	8.46229	287.28	10.1451	287.28	11.894
287.38	1.67688	287.38	5.98366	287.38	8.46229	287.38	10.1451	287.38	11.8843
287.48	1.66516	287.48	5.97389	287.48	8.46229	287.48	10.1353	287.48	11.8745
287.58	1.66516	287.58	5.97389	287.58	8.45252	287.58	10.1353	287.58	11.8745
287.68	1.68274	287.68	5.9817	287.68	8.46033	287.68	10.1431	287.68	11.8823
287.78	1.68469	287.78	5.98366	287.78	8.46229	287.78	10.1353	287.78	11.8843
287.88	1.68469	287.88	5.98366	287.88	8.46229	287.88	10.1353	287.88	11.8745
287.98	1.68469	287.98	5.97585	287.98	8.46229	287.98	10.1353	287.98	11.8745
288.08	1.67493	288.08	5.96413	288.08	8.44471	288.08	10.1255	288.08	11.8647
288.18	1.68274	288.18	5.97194	288.18	8.46033	288.18	10.1333	288.18	11.8726
288.28	1.68469	288.28	5.97389	288.28	8.45252	288.28	10.1353	288.28	11.8745
288.38	1.67688	288.38	5.97389	288.38	8.46229	288.38	10.1353	288.38	11.8745
288.48	1.67493	288.48	5.97389	288.48	8.46229	288.48	10.1353	288.48	11.8745
288.58	1.68469	288.58	5.97389	288.58	8.46229	288.58	10.1353	288.58	11.8745
288.68	1.6925	288.68	5.98366	288.68	8.46033	288.68	10.1431	288.68	11.8726
288.78	1.69446	288.78	5.98366	288.78	8.47205	288.78	10.1353	288.78	11.8745
288.88	1.68469	288.88	5.97389	288.88	8.46229	288.88	10.1255	288.88	11.8647
288.98	1.68469	288.98	5.97389	288.98	8.44471	288.98	10.1255	288.98	11.8647
289.08	1.67532	289.08	5.97389	289.08	8.44276	289.08	10.1255	289.08	11.855
289.18	1.67297	289.18	5.97389	289.18	8.44276	289.18	10.1255	289.18	11.855
289.28	1.68274	289.28	5.97389	289.28	8.45252	289.28	10.1158	289.28	11.855
289.38	1.68274	289.38	5.97389	289.38	8.45252	289.38	10.1158	289.38	11.855
289.48	1.68235	289.48	5.9735	289.48	8.45213	289.48	10.1154	289.48	11.8546
289.58	1.68469	289.58	5.97585	289.58	8.44471	289.58	10.1177	289.58	11.8569
289.68	1.68469	289.68	5.97585	289.68	8.44471	289.68	10.1177	289.68	11.8472
289.78	1.67688	289.78	5.97585	289.78	8.44471	289.78	10.1177	289.78	11.8394
289.88	1.66516	289.88	5.96608	289.88	8.43494	289.88	10.108	289.88	11.8276
289.98	1.67493	289.98	5.95827	289.98	8.43494	289.98	10.108	289.98	11.8276
290.08	1.68274	290.08	5.96413	290.08	8.44276	290.08	10.1158	290.08	11.8354
290.18	1.68469	290.18	5.96608	290.18	8.44471	290.18	10.108	290.18	11.8374
290.28	1.68469	290.28	5.96608	290.28	8.44471	290.28	10.108	290.28	11.8276
290.38	1.68469	290.38	5.96608	290.38	8.44471	290.38	10.108	290.38	11.8276
290.48	1.66711	290.48	5.95631	290.48	8.43494	290.48	10.0982	290.48	11.8179
290.58	1.66516	290.58	5.95631	290.58	8.43495	290.58	10.0904	290.58	11.8179
290.68	1.68274	290.68	5.96413	290.68	8.44276	290.68	10.0962	290.68	11.8257
290.78	1.68469	290.78	5.96608	290.78	8.4369	290.78	10.0884	290.78	11.8159
290.88	1.68469	290.88	5.96608	290.88	8.43494	290.88	10.0884	290.88	11.8159
290.98	1.67493	290.98	5.95631	290.98	8.42518	290.98	10.0787	290.98	11.8062
291.08	1.67493	291.08	5.95631	291.08	8.42518	291.08	10.0787	291.08	11.8062
291.18	1.66711	291.18	5.94694	291.18	8.42518	291.18	10.0787	291.18	11.8062
291.28	1.67297	291.28	5.95241	291.28	8.43299	291.28	10.0865	291.28	11.814
291.38	1.68469	291.38	5.95436	291.38	8.43494	291.38	10.0884	291.38	11.7983
291.48	1.67493	291.48	5.9446	291.48	8.42518	291.48	10.0787	291.48	11.7866
291.58	1.67493	291.58	5.9446	291.58	8.42518	291.58	10.0787	291.58	11.7866
291.68	1.67493	291.68	5.9446	291.68	8.41737	291.68	10.0611	291.68	11.7866
291.78	1.68274	291.78	5.95241	291.78	8.42323	291.78	10.0669	291.78	11.7944
291.88	1.67688	291.88	5.95436	291.88	8.42518	291.88	10.0689	291.88	11.7866
291.98	1.67493	291.98	5.95436	291.98	8.42518	291.98	10.0689	291.98	11.7866
292.08	1.67297	292.08	5.93483	292.08	8.41346	292.08	10.0572	292.08	11.7749
292.18	1.67297	292.18	5.93288	292.18	8.41346	292.18	10.0572	292.18	11.7749
292.28	1.68079	292.28	5.94069	292.28	8.42127	292.28	10.065	292.28	11.7827
292.38	1.68274	292.38	5.95436	292.38	8.41541	292.38	10.0669	292.38	11.7847
292.48	1.67297	292.48	5.9446	292.48	8.40369	292.48	10.0572	292.48	11.7651
292.58	1.67297	292.58	5.9446	292.58	8.40369	292.58	10.0572	292.58	11.7651
292.68	1.66516	292.68	5.9446	292.68	8.40369	292.68	10.0572	292.68	11.7573
292.78	1.66321	292.78	5.9446	292.78	8.40369	292.78	10.0572	292.78	11.7554
292.88	1.66516	292.88	5.93483	292.88	8.38416	292.88	10.0376	292.88	11.7358
292.98	1.67297	292.98	5.94264	292.98	8.40174	292.98	10.0455	292.98	11.7437
293.08	1.67493	293.08	5.93678	293.08	8.40369	293.08	10.0474	293.08	11.7456
293.18	1.67493	293.18	5.93483	293.18	8.40369	293.18	10.0474	293.18	11.7456
293.28	1.66516	293.28	5.92506	293.28	8.39393	293.28	10.0376	293.28	11.7358
293.38	1.66516	293.38	5.92506	293.38	8.39393	293.38	10.0376	293.38	11.7261
293.48	1.66516	293.48	5.93288	293.48	8.40174	293.48	10.0455	293.48	11.7339
293.58	1.67493	293.58	5.93483	293.58	8.39431	293.58	10.0474	293.58	11.7358
293.68	1.66516	293.68	5.92506	293.68	8.38221	293.68	10.0376	293.68	11.7261
293.78	1.66516	293.78	5.91335	293.78	8.38221	293.78	10.0298	293.78	11.7261
293.88	1.66516	293.88	5.91725	293.88	8.38221	293.88	10.0357	293.88	11.7163
293.98	1.65735	293.98	5.9153	293.98	8.38221	293.98	10.0298	293.98	11.7163
294.08	1.67454	294.08	5.92467	294.08	8.39158	294.08	10.0373	294.08	11.7257
294.18	1.66711	294.18	5.91725	294.18	8.38416	294.18	10.0298	294.18	11.7183
294.28	1.66711	294.28	5.91725	294.28	8.38416	294.28	10.0298	294.28	11.7183
294.38	1.66711	294.38	5.91725	294.38	8.38416	294.38	10.0298	294.38	11.7085
294.48	1.66711	294.48	5.91725	294.48	8.37635	294.48	10.0181	294.48	11.7085
294.58	1.65735	294.58	5.89967	294.58	8.36463	294.58	10.0083	294.58	11.6987
294.68	1.65735	294.68	5.89772	294.68	8.36463	294.68	10.0083	294.68	11.689
294.78	1.65735	294.78	5.89772	294.78	8.36463	294.78	10.0083	294.78	11.689
294.88	1.67493	294.88	5.90553	294.88	8.37244	294.88	10.0083	294.88	11.6968
294.98	1.67688	294.98	5.90749	294.98	8.3744	294.98	10.0083	294.98	11.6987
295.08	1.6675	295.08	5.90749	295.08	8.36463	295.08	10.0083	295.08	11.6987
295.18	1.6554	295.18	5.89772	295.18	8.35487	295.18	9.99858	295.18	11.689
295.28	1.6554	295.28	5.89772	295.28	8.35487	295.28	9.99858	295.28	11.689
295.38	1.6554	295.38	5.89772	295.38	8.34705	295.38	9.98882	295.38	11.689
295.48	1.66321	295.48	5.90553	295.48	8.35291	295.48	9.99663	295.48	11.6851
295.58	1.67493	295.58	5.91725	295.58	8.35487	295.58	9.99858	295.58	11.687
295.68	1.67493	295.68	5.91725	295.68	8.35487	295.68	9.99858	295.68	11.687
295.78	1.66321	295.78	5.90553	295.78	8.34315	295.78	9.98686	295.78	11.6753
295.88	1.6554	295.88	5.89772	295.88	8.34315	295.88	9.98686	295.88	11.6659
295.98	1.65344	295.98	5.89577	295.98	8.34315	295.98	9.98686	295.98	11.6636
296.08	1.65344	296.08	5.89577	296.08	8.34315	296.08	9.98686	296.08	11.6538
296.18	1.66125	296.18	5.90358	296.18	8.35096	296.18	9.99467	296.18	11.6616
296.28	1.66321	296.28	5.90553	296.28	8.35291	296.28	9.99663	296.28	11.6636
296.38	1.66321	296.38	5.90553	296.38	8.35291	296.38	9.99663	296.38	11.6636
296.48	1.66321	296.48	5.89577	296.48	8.34315	296.48	9.98686	296.48	11.6538
296.58	1.6554	296.58	5.89772	296.58	8.34315	296.58	9.9771	296.58	11.6538
296.68	1.65344	296.68	5.89577	296.68	8.34315	296.68	9.9771	296.68	11.644
296.78	1.66125	296.78	5.90358	296.78	8.35096	296.78	9.98491	296.78	11.6519
296.88	1.66321	296.88	5.90553	296.88	8.3451	296.88	9.97905	296.88	11.6538
296.98	1.66321	296.98	5.90553	296.98	8.34315	296.98	9.9771	296.98	11.6538
297.08	1.67297	297.08	5.90553	297.08	8.34315	297.08	9.9771	297.08	11.6538
297.18	1.67297	297.18	5.89772	297.18	8.34315	297.18	9.9771	297.18	11.6538
297.28	1.66321	297.28	5.886	297.28	8.33338	297.28	9.96733	297.28	11.644
297.38	1.6554	297.38	5.886	297.38	8.33338	297.38	9.96733	297.38	11.6343
297.48	1.66125	297.48	5.89381	297.48	8.34119	297.48	9.97514	297.48	11.6343
297.58	1.66321	297.58	5.89577	297.58	8.34315	297.58	9.9771	297.58	11.6343
297.68	1.67297	297.68	5.89577	297.68	8.33143	297.68	9.9771	297.68	11.6343
297.78	1.67297	297.78	5.89577	297.78	8.33143	297.78	9.9771	297.78	11.6343
297.88	1.67297	297.88	5.89616	297.88	8.33143	297.88	9.9771	297.88	11.6343
297.98	1.66321	297.98	5.88405	297.98	8.31385	297.98	9.95757	297.98	11.6147
298.08	1.66321	298.08	5.88405	298.08	8.3119	298.08	9.95757	298.08	11.6147
298.18	1.6554	298.18	5.88405	298.18	8.32362	298.18	9.95757	298.18	11.6147
298.28	1.66125	298.28	5.89186	298.28	8.33143	298.28	9.96538	298.28	11.6226
298.38	1.66321	298.38	5.89381	298.38	8.33338	298.38	9.96733	298.38	11.6245
298.48	1.67297	298.48	5.89381	298.48	8.33338	298.48	9.96733	298.48	11.6245
298.58	1.66321	298.58	5.88405	298.58	8.32362	298.58	9.95757	298.58	11.6147
298.68	1.66321	298.68	5.88405	298.68	8.32362	298.68	9.95757	298.68	11.605
298.78	1.6554	298.78	5.88405	298.78	8.32362	298.78	9.95757	298.78	11.605
298.88	1.65344	298.88	5.88405	298.88	8.3158	298.88	9.95757	298.88	11.605
298.98	1.65344	298.98	5.87624	298.98	8.30213	298.98	9.9478	298.98	11.605
299.08	1.64368	299.08	5.86452	299.08	8.29237	299.08	9.93803	299.08	11.5952
299.18	1.66321	299.18	5.87233	299.18	8.30018	299.18	9.94585	299.18	11.5933
299.28	1.66516	299.28	5.87428	299.28	8.30213	299.28	9.9478	299.28	11.5874
299.38	1.66516	299.38	5.87428	299.38	8.30213	299.38	9.9478	299.38	11.5854
299.48	1.66516	299.48	5.87428	299.48	8.30213	299.48	9.93999	299.48	11.5854
299.58	1.64758	299.58	5.86452	299.58	8.29237	299.58	9.93608	299.58	11.5757
299.68	1.64563	299.68	5.86452	299.68	8.29237	299.68	9.93022	299.68	11.5757
299.78	1.64563	299.78	5.86452	299.78	8.29237	299.78	9.92827	299.78	11.5659
299.88	1.64563	299.88	5.8567	299.88	8.29237	299.88	9.92827	299.88	11.5659
299.98	1.66477	299.98	5.86413	299.98	8.30174	299.98	9.93764	299.98	11.5753
300.08	1.65735	300.08	5.86647	300.08	8.29432	300.08	9.93022	300.08	11.5679
300.18	1.64954	300.18	5.86647	300.18	8.29432	300.18	9.93022	300.18	11.5679
300.28	1.64758	300.28	5.86647	300.28	8.29432	300.28	9.93022	300.28	11.5562
300.38	1.64758	300.38	5.86647	300.38	8.29432	300.38	9.93022	300.38	11.5562
300.48	1.64758	300.48	5.86647	300.48	8.28651	300.48	9.93022	300.48	11.5562
300.58	1.63586	300.58	5.84694	300.58	8.27283	300.58	9.9185	300.58	11.5444
300.68	1.63586	300.68	5.84499	300.68	8.27283	300.68	9.9185	300.68	11.5444
300.78	1.63586	300.78	5.84499	300.78	8.26307	300.78	9.90874	300.78	11.5347
300.88	1.64563	300.88	5.8528	300.88	8.27088	300.88	9.91655	300.88	11.5425
300.98	1.64563	300.98	5.86452	300.98	8.27283	300.98	9.9185	300.98	11.5444
301.08	1.64563	301.08	5.86452	301.08	8.27283	301.08	9.90913	301.08	11.5444
301.18	1.64563	301.18	5.86452	301.18	8.27283	301.18	9.90678	301.18	11.5444
301.28	1.64563	301.28	5.86452	301.28	8.27283	301.28	9.90678	301.28	11.5444
301.38	1.63586	301.38	5.85475	301.38	8.26307	301.38	9.89702	301.38	11.5249
301.48	1.63586	301.48	5.84694	301.48	8.26307	301.48	9.89702	301.48	11.5249
301.58	1.64368	301.58	5.8528	301.58	8.26307	301.58	9.90483	301.58	11.5327
301.68	1.6554	301.68	5.85475	301.68	8.26307	301.68	9.90678	301.68	11.5347
301.78	1.6554	301.78	5.85475	301.78	8.26307	301.78	9.89702	301.78	11.5347
301.88	1.6554	301.88	5.85475	301.88	8.26307	301.88	9.89702	301.88	11.5249
301.98	1.6554	301.98	5.85475	301.98	8.26307	301.98	9.89702	301.98	11.5249
302.08	1.6554	302.08	5.85475	302.08	8.26307	302.08	9.89702	302.08	11.5249
302.18	1.64602	302.18	5.85475	302.18	8.26307	302.18	9.89702	302.18	11.5249
302.28	1.63391	302.28	5.84499	302.28	8.2533	302.28	9.88725	302.28	11.5151
302.38	1.64172	302.38	5.86256	302.38	8.26112	302.38	9.89507	302.38	11.5132
302.48	1.64368	302.48	5.86452	302.48	8.26307	302.48	9.89702	302.48	11.5151
302.58	1.64368	302.58	5.8567	302.58	8.26307	302.58	9.89702	302.58	11.5151
302.68	1.64368	302.68	5.85475	302.68	8.26307	302.68	9.89702	302.68	11.5151
302.78	1.65344	302.78	5.85475	302.78	8.26307	302.78	9.89702	302.78	11.5073
302.88	1.64563	302.88	5.85475	302.88	8.2533	302.88	9.89702	302.88	11.5054
302.98	1.65149	302.98	5.86256	302.98	8.26112	302.98	9.90483	302.98	11.5132
303.08	1.65344	303.08	5.86452	303.08	8.26307	303.08	9.90678	303.08	11.5229
303.18	1.65344	303.18	5.86452	303.18	8.26307	303.18	9.90678	303.18	11.5151
303.28	1.64368	303.28	5.84694	303.28	8.2533	303.28	9.89702	303.28	11.5054
303.38	1.65344	303.38	5.84499	303.38	8.2533	303.38	9.89702	303.38	11.5054
303.48	1.65344	303.48	5.84499	303.48	8.2533	303.48	9.88725	303.48	11.5054
303.58	1.65344	303.58	5.84499	303.58	8.2533	303.58	9.88725	303.58	11.4976
303.68	1.65344	303.68	5.85475	303.68	8.2533	303.68	9.88725	303.68	11.4956
303.78	1.64563	303.78	5.85475	303.78	8.2533	303.78	9.87944	303.78	11.4956
303.88	1.63391	303.88	5.84499	303.88	8.23416	303.88	9.86772	303.88	11.4858
303.98	1.64368	303.98	5.84499	303.98	8.23182	303.98	9.86772	303.98	11.4858
304.08	1.65149	304.08	5.84499	304.08	8.23963	304.08	9.87553	304.08	11.4839
304.18	1.65344	304.18	5.84499	304.18	8.24158	304.18	9.87749	304.18	11.4858
304.28	1.65344	304.28	5.84499	304.28	8.24158	304.28	9.87749	304.28	11.4858
304.38	1.65344	304.38	5.84499	304.38	8.24158	304.38	9.87749	304.38	11.4858
304.48	1.65344	304.48	5.84499	304.48	8.24158	304.48	9.87749	304.48	11.4858
304.58	1.65344	304.58	5.84499	304.58	8.24158	304.58	9.86967	304.58	11.4858
304.68	1.64563	304.68	5.84499	304.68	8.24158	304.68	9.86772	304.68	11.4858
304.78	1.65344	304.78	5.84499	304.78	8.24158	304.78	9.86772	304.78	11.4858
304.88	1.66125	304.88	5.84342	304.88	8.2494	304.88	9.87553	304.88	11.4937
304.98	1.66321	304.98	5.84303	304.98	8.25135	304.98	9.87749	304.98	11.4956
305.08	1.66321	305.08	5.84303	305.08	8.25135	305.08	9.86577	305.08	11.4858
305.18	1.65344	305.18	5.83327	305.18	8.24158	305.18	9.856	305.18	11.4761
305.28	1.65344	305.28	5.84499	305.28	8.24158	305.28	9.856	305.28	11.4683
305.38	1.64563	305.38	5.84499	305.38	8.24158	305.38	9.856	305.38	11.4663
305.48	1.6554	305.48	5.84499	305.48	8.23377	305.48	9.856	305.48	11.4663
305.58	1.6554	305.58	5.84499	305.58	8.23182	305.58	9.856	305.58	11.4663
305.68	1.6554	305.68	5.84499	305.68	8.23182	305.68	9.856	305.68	11.4663
305.78	1.66321	305.78	5.8528	305.78	8.23963	305.78	9.86382	305.78	11.4624
305.88	1.66516	305.88	5.84694	305.88	8.24158	305.88	9.86577	305.88	11.4644
305.98	1.6554	305.98	5.83522	305.98	8.23182	305.98	9.856	305.98	11.4546
306.08	1.6554	306.08	5.83522	306.08	8.23182	306.08	9.856	306.08	11.4546
306.18	1.64758	306.18	5.83522	306.18	8.23182	306.18	9.84819	306.18	11.4546
306.28	1.64563	306.28	5.83522	306.28	8.23182	306.28	9.83647	306.28	11.4546
306.38	1.64563	306.38	5.83522	306.38	8.23182	306.38	9.83647	306.38	11.4546
306.48	1.64563	306.48	5.83522	306.48	8.23182	306.48	9.84428	306.48	11.4546
306.58	1.64368	306.58	5.84303	306.58	8.22987	306.58	9.84428	306.58	11.4526
306.68	1.6554	306.68	5.84499	306.68	8.23182	306.68	9.83842	306.68	11.4546
306.78	1.6554	306.78	5.84499	306.78	8.22401	306.78	9.83647	306.78	11.4546
306.88	1.6554	306.88	5.84499	306.88	8.22205	306.88	9.83647	306.88	11.4546
306.98	1.64758	306.98	5.84499	306.98	8.22205	306.98	9.83647	306.98	11.4468
307.08	1.64563	307.08	5.84499	307.08	8.22205	307.08	9.83647	307.08	11.4448
307.18	1.63586	307.18	5.82741	307.18	8.21229	307.18	9.82671	307.18	11.4351
307.28	1.63586	307.28	5.82545	307.28	8.22205	307.28	9.81694	307.28	11.4351
307.38	1.63586	307.38	5.82545	307.38	8.21229	307.38	9.81694	307.38	11.4253
307.48	1.64563	307.48	5.82545	307.48	8.20448	307.48	9.81694	307.48	11.4253
307.58	1.64563	307.58	5.82545	307.58	8.21229	307.58	9.81694	307.58	11.4253
307.68	1.64563	307.68	5.82545	307.68	8.21229	307.68	9.81694	307.68	11.4253
307.78	1.64719	307.78	5.83483	307.78	8.22166	307.78	9.82632	307.78	11.4347
307.88	1.63586	307.88	5.82545	307.88	8.21229	307.88	9.81694	307.88	11.4253
307.98	1.63586	307.98	5.82545	307.98	8.21229	307.98	9.81694	307.98	11.4253
308.08	1.64563	308.08	5.82545	308.08	8.21229	308.08	9.81694	308.08	11.4155
308.18	1.64563	308.18	5.82545	308.18	8.21229	308.18	9.81694	308.18	11.4155
308.28	1.64563	308.28	5.82545	308.28	8.21229	308.28	9.80717	308.28	11.4155
308.38	1.63586	308.38	5.81569	308.38	8.20252	308.38	9.79741	308.38	11.3979
308.48	1.62649	308.48	5.80788	308.48	8.20252	308.48	9.79741	308.48	11.396
308.58	1.64172	308.58	5.81374	308.58	8.20252	308.58	9.80522	308.58	11.4038
308.68	1.64368	308.68	5.81569	308.68	8.20252	308.68	9.79936	308.68	11.4058
308.78	1.64368	308.78	5.81569	308.78	8.20252	308.78	9.79741	308.78	11.4058
308.88	1.64368	308.88	5.82545	308.88	8.20252	308.88	9.79741	308.88	11.396
308.98	1.64368	308.98	5.82545	308.98	8.20252	308.98	9.79741	308.98	11.396
309.08	1.63391	309.08	5.81569	309.08	8.19276	309.08	9.78764	309.08	11.3862
309.18	1.63391	309.18	5.81569	309.18	8.19276	309.18	9.78764	309.18	11.3862
309.28	1.64172	309.28	5.8235	309.28	8.20057	309.28	9.79546	309.28	11.394
309.38	1.65344	309.38	5.82545	309.38	8.20448	309.38	9.79741	309.38	11.396
309.48	1.64563	309.48	5.82545	309.48	8.20252	309.48	9.78764	309.48	11.396
309.58	1.64368	309.58	5.82545	309.58	8.20252	309.58	9.78764	309.58	11.396
309.68	1.63391	309.68	5.81569	309.68	8.19276	309.68	9.77788	309.68	11.3862
309.78	1.63391	309.78	5.80788	309.78	8.19276	309.78	9.77788	309.78	11.3687
309.88	1.64368	309.88	5.80592	309.88	8.19276	309.88	9.77788	309.88	11.3667
309.98	1.65149	309.98	5.81374	309.98	8.20057	309.98	9.78569	309.98	11.3745
310.08	1.65344	310.08	5.81569	310.08	8.20252	310.08	9.78764	310.08	11.3765
310.18	1.65344	310.18	5.81569	310.18	8.20252	310.18	9.78764	310.18	11.3765
310.28	1.64563	310.28	5.81569	310.28	8.20252	310.28	9.77983	310.28	11.3765
310.38	1.63391	310.38	5.80592	310.38	8.18494	310.38	9.76811	310.38	11.3569
310.48	1.64368	310.48	5.80592	310.48	8.18299	310.48	9.76811	310.48	11.3569
310.58	1.64368	310.58	5.81569	310.58	8.18299	310.58	9.75835	310.58	11.3569
310.68	1.64368	310.68	5.81569	310.68	8.18299	310.68	9.75835	310.68	11.3569
310.78	1.64368	310.78	5.80788	310.78	8.18299	310.78	9.75835	310.78	11.3569
310.88	1.63391	310.88	5.80397	310.88	8.18104	310.88	9.75639	310.88	11.355
310.98	1.64563	310.98	5.80592	310.98	8.18299	310.98	9.75835	310.98	11.3569
311.08	1.64563	311.08	5.80592	311.08	8.18299	311.08	9.75835	311.08	11.3569
311.18	1.64563	311.18	5.80592	311.18	8.18299	311.18	9.75835	311.18	11.3472
311.28	1.64563	311.28	5.80592	311.28	8.18299	311.28	9.75835	311.28	11.3472
311.38	1.64563	311.38	5.80592	311.38	8.18299	311.38	9.75835	311.38	11.3472
311.48	1.65344	311.48	5.81374	311.48	8.18299	311.48	9.76616	311.48	11.355
311.58	1.6554	311.58	5.80788	311.58	8.18299	311.58	9.76811	311.58	11.3569
311.68	1.64758	311.68	5.80592	311.68	8.18299	311.68	9.76811	311.68	11.3569
311.78	1.64563	311.78	5.79616	311.78	8.17323	311.78	9.75835	311.78	11.3378
311.88	1.64563	311.88	5.79616	311.88	8.18494	311.88	9.74858	311.88	11.3354
311.98	1.64563	311.98	5.79616	311.98	8.18494	311.98	9.74858	311.98	11.3257
312.08	1.64563	312.08	5.79616	312.08	8.18495	312.08	9.74858	312.08	11.3257
312.18	1.65344	312.18	5.80397	312.18	8.18494	312.18	9.75639	312.18	11.3335
312.28	1.64563	312.28	5.79616	312.28	8.17518	312.28	9.74858	312.28	11.3257
312.38	1.64563	312.38	5.79616	312.38	8.17518	312.38	9.74077	312.38	11.3257
312.48	1.6554	312.48	5.80592	312.48	8.17518	312.48	9.73882	312.48	11.3257
312.58	1.64758	312.58	5.80592	312.58	8.17518	312.58	9.74663	312.58	11.3159
312.68	1.64563	312.68	5.80592	312.68	8.17518	312.68	9.74077	312.68	11.3159
312.78	1.65344	312.78	5.81374	312.78	8.18299	312.78	9.74663	312.78	11.3237
312.88	1.64368	312.88	5.80397	312.88	8.17323	312.88	9.73686	312.88	11.314
312.98	1.64368	312.98	5.80397	312.98	8.17323	312.98	9.73686	312.98	11.314
313.08	1.65344	313.08	5.80397	313.08	8.17323	313.08	9.73686	313.08	11.314
313.18	1.65344	313.18	5.79616	313.18	8.17323	313.18	9.73686	313.18	11.314
313.28	1.64563	313.28	5.7942	313.28	8.16385	313.28	9.73686	313.28	11.314
313.38	1.64368	313.38	5.7942	313.38	8.16151	313.38	9.73686	313.38	11.314
313.48	1.64329	313.48	5.79382	313.48	8.16112	313.48	9.73647	313.48	11.3019
313.58	1.6554	313.58	5.79616	313.58	8.17323	313.58	9.73882	313.58	11.3042
313.68	1.6554	313.68	5.79616	313.68	8.17323	313.68	9.73882	313.68	11.3042
313.78	1.6554	313.78	5.79616	313.78	8.17323	313.78	9.72124	313.78	11.3042
313.88	1.64563	313.88	5.78639	313.88	8.15565	313.88	9.70952	313.88	11.2944
313.98	1.63782	313.98	5.78639	313.98	8.15369	313.98	9.70952	313.98	11.2944
314.08	1.64368	314.08	5.7942	314.08	8.16151	314.08	9.71733	314.08	11.3022
314.18	1.6554	314.18	5.79616	314.18	8.16346	314.18	9.71928	314.18	11.2944
314.28	1.6554	314.28	5.78835	314.28	8.16346	314.28	9.71928	314.28	11.2944
314.38	1.6554	314.38	5.78639	314.38	8.15565	314.38	9.71928	314.38	11.2944
314.48	1.64563	314.48	5.77663	314.48	8.14393	314.48	9.6978	314.48	11.2847
314.58	1.65344	314.58	5.78444	314.58	8.15174	314.58	9.70561	314.58	11.2925
314.68	1.6554	314.68	5.78639	314.68	8.15369	314.68	9.70757	314.68	11.2847
314.78	1.64602	314.78	5.78639	314.78	8.15369	314.78	9.69819	314.78	11.2847
314.88	1.65344	314.88	5.78639	314.88	8.15369	314.88	9.69585	314.88	11.2847
314.98	1.65344	314.98	5.78639	314.98	8.15369	314.98	9.69585	314.98	11.2847
315.08	1.64368	315.08	5.77663	315.08	8.13612	315.08	9.68608	315.08	11.2671
315.18	1.64368	315.18	5.77663	315.18	8.13416	315.18	9.68608	315.18	11.2651
315.28	1.65149	315.28	5.78444	315.28	8.14198	315.28	9.69389	315.28	11.2632
315.38	1.65344	315.38	5.78639	315.38	8.15369	315.38	9.69585	315.38	11.2651
315.48	1.65344	315.48	5.78639	315.48	8.15369	315.48	9.69585	315.48	11.2651
315.58	1.64563	315.58	5.78639	315.58	8.15369	315.58	9.69585	315.58	11.2651
315.68	1.64368	315.68	5.78639	315.68	8.14588	315.68	9.69585	315.68	11.2651
315.78	1.65344	315.78	5.78639	315.78	8.14393	315.78	9.69585	315.78	11.2554
315.88	1.66125	315.88	5.7942	315.88	8.15174	315.88	9.70366	315.88	11.2632
315.98	1.66321	315.98	5.78678	315.98	8.15369	315.98	9.70561	315.98	11.2651
316.08	1.64563	316.08	5.77467	316.08	8.14393	316.08	9.68608	316.08	11.2554
316.18	1.64368	316.18	5.78444	316.18	8.14393	316.18	9.68608	316.18	11.2554
316.28	1.65149	316.28	5.79225	316.28	8.15174	316.28	9.69389	316.28	11.2534
316.38	1.65344	316.38	5.7942	316.38	8.15369	316.38	9.69585	316.38	11.2554
316.48	1.66321	316.48	5.7942	316.48	8.14588	316.48	9.69585	316.48	11.2554
316.58	1.6554	316.58	5.7942	316.58	8.14393	316.58	9.69585	316.58	11.2554
316.68	1.64368	316.68	5.78444	316.68	8.13416	316.68	9.68608	316.68	11.2456
316.78	1.64368	316.78	5.78444	316.78	8.13416	316.78	9.68608	316.78	11.2456
316.88	1.65149	316.88	5.79225	316.88	8.14198	316.88	9.69389	316.88	11.2437
316.98	1.65344	316.98	5.7942	316.98	8.14393	316.98	9.68608	316.98	11.2456
317.08	1.66516	317.08	5.7942	317.08	8.14393	317.08	9.68608	317.08	11.2456
317.18	1.65735	317.18	5.7942	317.18	8.14393	317.18	9.68608	317.18	11.2456
317.28	1.6554	317.28	5.7942	317.28	8.14393	317.28	9.68608	317.28	11.2456
317.38	1.6554	317.38	5.78639	317.38	8.13612	317.38	9.67827	317.38	11.2358
317.48	1.6554	317.48	5.78444	317.48	8.13416	317.48	9.67632	317.48	11.2358
317.58	1.66321	317.58	5.79225	317.58	8.14197	317.58	9.68413	317.58	11.2437
317.68	1.66516	317.68	5.7942	317.68	8.13416	317.68	9.67632	317.68	11.2358
317.78	1.65735	317.78	5.7942	317.78	8.14393	317.78	9.67632	317.78	11.2358
317.88	1.6554	317.88	5.7942	317.88	8.13612	317.88	9.67632	317.88	11.2358
317.98	1.6554	317.98	5.7942	317.98	8.13416	317.98	9.67632	317.98	11.2358
318.08	1.6554	318.08	5.7942	318.08	8.13417	318.08	9.67632	318.08	11.2241
318.18	1.66477	318.18	5.80358	318.18	8.14354	318.18	9.68569	318.18	11.2257
318.28	1.66711	318.28	5.80592	318.28	8.14588	318.28	9.68022	318.28	11.2261
318.38	1.66516	318.38	5.7942	318.38	8.1244	318.38	9.65678	318.38	11.2144
318.48	1.65735	318.48	5.7942	318.48	8.11502	318.48	9.65678	318.48	11.2144
318.58	1.6554	318.58	5.78639	318.58	8.11268	318.58	9.65678	318.58	11.2046
318.68	1.66321	318.68	5.79225	318.68	8.12049	318.68	9.6646	318.68	11.2124
318.78	1.66516	318.78	5.7942	318.78	8.12244	318.78	9.66655	318.78	11.2144
318.88	1.67493	318.88	5.80397	318.88	8.12244	318.88	9.66655	318.88	11.2144
318.98	1.67493	318.98	5.7942	318.98	8.12244	318.98	9.66655	318.98	11.2144
319.08	1.67493	319.08	5.7942	319.08	8.12244	319.08	9.66655	319.08	11.2046
319.18	1.66711	319.18	5.80397	319.18	8.12244	319.18	9.66655	319.18	11.2046
319.28	1.66516	319.28	5.80397	319.28	8.12244	319.28	9.66655	319.28	11.2046
319.38	1.6554	319.38	5.7942	319.38	8.11268	319.38	9.65678	319.38	11.1948
319.48	1.6554	319.48	5.78639	319.48	8.11268	319.48	9.65678	319.48	11.1948
319.58	1.66321	319.58	5.79225	319.58	8.12049	319.58	9.6646	319.58	11.1929
319.68	1.67493	319.68	5.7942	319.68	8.12244	319.68	9.66655	319.68	11.1948
319.78	1.66711	319.78	5.7942	319.78	8.12244	319.78	9.65874	319.78	11.1948
319.88	1.66516	319.88	5.7942	319.88	8.12244	319.88	9.65678	319.88	11.1948
319.98	1.66516	319.98	5.7942	319.98	8.12244	319.98	9.65678	319.98	11.1948
320.08	1.67297	320.08	5.80202	320.08	8.13025	320.08	9.65483	320.08	11.2026
320.18	1.66516	320.18	5.7942	320.18	8.12244	320.18	9.64702	320.18	11.1948
320.28	1.66516	320.28	5.7942	320.28	8.12244	320.28	9.64702	320.28	11.1851
320.38	1.66516	320.38	5.78639	320.38	8.12244	320.38	9.64702	320.38	11.1851
320.48	1.66516	320.48	5.78444	320.48	8.11463	320.48	9.64702	320.48	11.1772
320.58	1.66516	320.58	5.78444	320.58	8.11268	320.58	9.64702	320.58	11.1753
320.68	1.6636	320.68	5.79225	320.68	8.12049	320.68	9.64702	320.68	11.1831
320.78	1.67297	320.78	5.7942	320.78	8.12244	320.78	9.64702	320.78	11.1753
320.88	1.67297	320.88	5.7942	320.88	8.12244	320.88	9.64702	320.88	11.1753
320.98	1.67297	320.98	5.7942	320.98	8.11268	320.98	9.64702	320.98	11.1753
321.08	1.66321	321.08	5.7942	321.08	8.10291	321.08	9.63725	321.08	11.1655
321.18	1.66321	321.18	5.7942	321.18	8.10291	321.18	9.63725	321.18	11.1655
321.28	1.66321	321.28	5.80202	321.28	8.11073	321.28	9.64507	321.28	11.1636
321.38	1.66321	321.38	5.80397	321.38	8.11268	321.38	9.64702	321.38	11.1655
321.48	1.66321	321.48	5.80397	321.48	8.11268	321.48	9.64702	321.48	11.1655
321.58	1.66321	321.58	5.80397	321.58	8.11268	321.58	9.64702	321.58	11.1655
321.68	1.66321	321.68	5.80397	321.68	8.11268	321.68	9.64702	321.68	11.1655
321.78	1.6554	321.78	5.80397	321.78	8.11268	321.78	9.64702	321.78	11.1655
321.88	1.66321	321.88	5.79616	321.88	8.11268	321.88	9.64702	321.88	11.1558
321.98	1.66321	321.98	5.7942	321.98	8.10291	321.98	9.63921	321.98	11.1558
322.08	1.66125	322.08	5.79225	322.08	8.10096	322.08	9.6353	322.08	11.1538
322.18	1.66321	322.18	5.7942	322.18	8.10291	322.18	9.63725	322.18	11.1558
322.28	1.66321	322.28	5.7942	322.28	8.10291	322.28	9.63725	322.28	11.1558
322.38	1.66321	322.38	5.7942	322.38	8.10291	322.38	9.62749	322.38	11.1558
322.48	1.66321	322.48	5.7942	322.48	8.10291	322.48	9.62749	322.48	11.1558
322.58	1.66321	322.58	5.80202	322.58	8.11073	322.58	9.6353	322.58	11.1636
322.68	1.66321	322.68	5.80397	322.68	8.11268	322.68	9.63725	322.68	11.1538
322.78	1.66321	322.78	5.80397	322.78	8.11268	322.78	9.62944	322.78	11.1538
322.88	1.67297	322.88	5.80397	322.88	8.10487	322.88	9.62749	322.88	11.1538
322.98	1.67297	322.98	5.80397	322.98	8.10291	322.98	9.62749	322.98	11.1538
323.08	1.67297	323.08	5.80397	323.08	8.10291	323.08	9.62749	323.08	11.1538
323.18	1.66321	323.18	5.7942	323.18	8.09315	323.18	9.61772	323.18	11.144
323.28	1.66321	323.28	5.80202	323.28	8.10096	323.28	9.62553	323.28	11.1519
323.38	1.66321	323.38	5.80397	323.38	8.10291	323.38	9.62749	323.38	11.1538
323.48	1.66321	323.48	5.80397	323.48	8.10291	323.48	9.61772	323.48	11.144
323.58	1.66321	323.58	5.80397	323.58	8.10291	323.58	9.60991	323.58	11.144
323.68	1.66321	323.68	5.80397	323.68	8.09119	323.68	9.60796	323.68	11.144
323.78	1.67493	323.78	5.80397	323.78	8.09119	323.78	9.60796	323.78	11.144
323.88	1.66711	323.88	5.79616	323.88	8.09119	323.88	9.60796	323.88	11.144
323.98	1.66516	323.98	5.7942	323.98	8.09119	323.98	9.60796	323.98	11.144
324.08	1.66516	324.08	5.7942	324.08	8.0912	324.08	9.60796	324.08	11.1343
324.18	1.67454	324.18	5.8153	324.18	8.10057	324.18	9.61733	324.18	11.1437
324.28	1.67688	324.28	5.80592	324.28	8.10291	324.28	9.61967	324.28	11.146
324.38	1.66711	324.38	5.80788	324.38	8.09315	324.38	9.60991	324.38	11.1362
324.48	1.6593	324.48	5.80788	324.48	8.09315	324.48	9.60991	324.48	11.1362
324.58	1.65735	324.58	5.80788	324.58	8.09315	324.58	9.60991	324.58	11.1362
324.68	1.65735	324.68	5.79616	324.68	8.09315	324.68	9.59077	324.68	11.1362
324.78	1.66711	324.78	5.79616	324.78	8.09315	324.78	9.58842	324.78	11.1362
324.88	1.66711	324.88	5.79616	324.88	8.09315	324.88	9.58842	324.88	11.1265
324.98	1.66711	324.98	5.79616	324.98	8.09315	324.98	9.58842	324.98	11.1265
325.08	1.67493	325.08	5.81569	325.08	8.10096	325.08	9.59624	325.08	11.1343
325.18	1.67688	325.18	5.81764	325.18	8.10291	325.18	9.59819	325.18	11.1362
325.28	1.67688	325.28	5.81764	325.28	8.10291	325.28	9.59819	325.28	11.1362
325.38	1.67688	325.38	5.81764	325.38	8.10291	325.38	9.59819	325.38	11.1362
325.48	1.66907	325.48	5.81764	325.48	8.09315	325.48	9.59819	325.48	11.1265
325.58	1.66711	325.58	5.81764	325.58	8.09314	325.58	9.59819	325.58	11.1265
325.68	1.65735	325.68	5.80788	325.68	8.08338	325.68	9.58842	325.68	11.1167
325.78	1.65735	325.78	5.80788	325.78	8.08338	325.78	9.57866	325.78	11.1167
325.88	1.67493	325.88	5.80788	325.88	8.09119	325.88	9.58647	325.88	11.1167
325.98	1.67688	325.98	5.80788	325.98	8.09315	325.98	9.58842	325.98	11.1245
326.08	1.67688	326.08	5.80788	326.08	8.09315	326.08	9.58842	326.08	11.1265
326.18	1.67688	326.18	5.80788	326.18	8.08533	326.18	9.58061	326.18	11.1265
326.28	1.6675	326.28	5.81764	326.28	8.08338	326.28	9.57866	326.28	11.1089
326.38	1.66516	326.38	5.81764	326.38	8.08338	326.38	9.57866	326.38	11.1069
326.48	1.66516	326.48	5.81764	326.48	8.07362	326.48	9.57866	326.48	11.1069
326.58	1.66516	326.58	5.81764	326.58	8.07362	326.58	9.57866	326.58	11.1069
326.68	1.66516	326.68	5.80788	326.68	8.07362	326.68	9.57866	326.68	11.1069
326.78	1.6554	326.78	5.79811	326.78	8.06385	326.78	9.56889	326.78	11.0972
326.88	1.66516	326.88	5.79811	326.88	8.06385	326.88	9.56889	326.88	11.0972
326.98	1.67297	326.98	5.81569	326.98	8.08143	326.98	9.57671	326.98	11.0952
327.08	1.67493	327.08	5.81764	327.08	8.07362	327.08	9.57866	327.08	11.0972
327.18	1.67493	327.18	5.80827	327.18	8.07362	327.18	9.57085	327.18	11.0972
327.28	1.67493	327.28	5.79616	327.28	8.07362	327.28	9.56889	327.28	11.0972
327.38	1.66711	327.38	5.79616	327.38	8.07362	327.38	9.56889	327.38	11.0972
327.48	1.67493	327.48	5.80592	327.48	8.07362	327.48	9.56889	327.48	11.0972
327.58	1.66321	327.58	5.7942	327.58	8.0619	327.58	9.55717	327.58	11.0854
327.68	1.67102	327.68	5.79225	327.68	8.06971	327.68	9.56499	327.68	11.0933
327.78	1.67297	327.78	5.80397	327.78	8.07166	327.78	9.55913	327.78	11.0854
327.88	1.67297	327.88	5.80397	327.88	8.07166	327.88	9.55717	327.88	11.0854
327.98	1.67297	327.98	5.80397	327.98	8.07166	327.98	9.55717	327.98	11.0854
328.08	1.67297	328.08	5.80397	328.08	8.07166	328.08	9.55717	328.08	11.0854
328.18	1.67297	328.18	5.80397	328.18	8.07166	328.18	9.55717	328.18	11.0854
328.28	1.66516	328.28	5.80397	328.28	8.07166	328.28	9.55717	328.28	11.0854
328.38	1.68079	328.38	5.80397	328.38	8.07166	328.38	9.55717	328.38	11.0757
328.48	1.66516	328.48	5.7942	328.48	8.05408	328.48	9.54741	328.48	11.0659
328.58	1.66321	328.58	5.7942	328.58	8.05213	328.58	9.54741	328.58	11.0659
328.68	1.67102	328.68	5.80202	328.68	8.05994	328.68	9.55522	328.68	11.0737
328.78	1.67297	328.78	5.80397	328.78	8.0619	328.78	9.54936	328.78	11.0757
328.88	1.67297	328.88	5.80397	328.88	8.0619	328.88	9.54741	328.88	11.0757
328.98	1.67297	328.98	5.80397	328.98	8.0619	328.98	9.54741	328.98	11.064
329.08	1.67297	329.08	5.79616	329.08	8.06189	329.08	9.54741	329.08	11.064
329.18	1.67297	329.18	5.77467	329.18	8.05213	329.18	9.53764	329.18	11.0542
329.28	1.67297	329.28	5.77467	329.28	8.05213	329.28	9.53764	329.28	11.0542
329.38	1.66516	329.38	5.77467	329.38	8.05213	329.38	9.53764	329.38	11.0542
329.48	1.66321	329.48	5.77467	329.48	8.05213	329.48	9.52983	329.48	11.0542
329.58	1.66321	329.58	5.77467	329.58	8.05213	329.58	9.52788	329.58	11.0444
329.68	1.66321	329.68	5.77467	329.68	8.04237	329.68	9.52788	329.68	11.0444
329.78	1.65344	329.78	5.76491	329.78	8.0326	329.78	9.51811	329.78	11.0347
329.88	1.66321	329.88	5.76491	329.88	8.0326	329.88	9.51811	329.88	11.0347
329.98	1.67102	329.98	5.77272	329.98	8.04041	329.98	9.52592	329.98	11.0425
330.08	1.67297	330.08	5.77467	330.08	8.04237	330.08	9.52788	330.08	11.0444
330.18	1.66516	330.18	5.77467	330.18	8.04237	330.18	9.52788	330.18	11.0444
330.28	1.66321	330.28	5.77467	330.28	8.04237	330.28	9.50835	330.28	11.0444
330.38	1.65344	330.38	5.76491	330.38	8.0326	330.38	9.50444	330.38	11.0347
330.48	1.65344	330.48	5.76491	330.48	8.02479	330.48	9.50639	330.48	11.0249
330.58	1.65344	330.58	5.76491	330.58	8.02283	330.58	9.50639	330.58	11.0249
330.68	1.65344	330.68	5.76491	330.68	8.02283	330.68	9.49858	330.68	11.0249
330.78	1.66516	330.78	5.76491	330.78	8.02283	330.78	9.49663	330.78	11.0249
330.88	1.65735	330.88	5.76491	330.88	8.02283	330.88	9.49663	330.88	11.0249
330.98	1.65344	330.98	5.76295	330.98	8.02088	330.98	9.49467	330.98	11.0229
331.08	1.6554	331.08	5.76491	331.08	8.02283	331.08	9.49663	331.08	11.0249
331.18	1.6554	331.18	5.76491	331.18	8.02283	331.18	9.49663	331.18	11.0151
331.28	1.6554	331.28	5.76491	331.28	8.02283	331.28	9.49663	331.28	11.0151
331.38	1.6554	331.38	5.76491	331.38	8.02283	331.38	9.49663	331.38	11.0151
331.48	1.64758	331.48	5.76491	331.48	8.01502	331.48	9.49663	331.48	11.0073
331.58	1.64563	331.58	5.76491	331.58	8.01307	331.58	9.48686	331.58	11.0054
331.68	1.64524	331.68	5.76452	331.68	8.01268	331.68	9.48647	331.68	11.005
331.78	1.64758	331.78	5.75905	331.78	8.01502	331.78	9.48882	331.78	10.9976
331.88	1.64758	331.88	5.7571	331.88	8.01502	331.88	9.48882	331.88	10.9976
331.98	1.63977	331.98	5.7571	331.98	8.00721	331.98	9.48882	331.98	10.9976
332.08	1.63782	332.08	5.7571	332.08	8.00526	332.08	9.48882	332.08	10.9976
332.18	1.64758	332.18	5.7571	332.18	8.00526	332.18	9.481	332.18	11.0054
332.28	1.64758	332.28	5.76686	332.28	8.00526	332.28	9.47905	332.28	10.9976
332.38	1.63782	332.38	5.7571	332.38	7.99549	332.38	9.46928	332.38	10.9878
332.48	1.62844	332.48	5.7571	332.48	7.99549	332.48	9.46928	332.48	10.9878
332.58	1.6261	332.58	5.7571	332.58	7.98611	332.58	9.46928	332.58	10.9878
332.68	1.6261	332.68	5.7571	332.68	7.98377	332.68	9.46928	332.68	10.9878
332.78	1.6261	332.78	5.7571	332.78	7.98377	332.78	9.46928	332.78	10.9878
332.88	1.61438	332.88	5.74538	332.88	7.97205	332.88	9.4478	332.88	10.9761
332.98	1.61438	332.98	5.74538	332.98	7.97205	332.98	9.4478	332.98	10.9683
333.08	1.61438	333.08	5.74538	333.08	7.97206	333.08	9.4478	333.08	10.9663
333.18	1.62219	333.18	5.75319	333.18	7.98963	333.18	9.45561	333.18	10.9644
333.28	1.62415	333.28	5.75514	333.28	7.99158	333.28	9.45757	333.28	10.9663
333.38	1.6261	333.38	5.75514	333.38	7.99158	333.38	9.45757	333.38	10.9663
333.48	1.62415	333.48	5.74733	333.48	7.98377	333.48	9.45757	333.48	10.9663
333.58	1.61438	333.58	5.73561	333.58	7.97205	333.58	9.4478	333.58	10.9565
333.68	1.61438	333.68	5.73561	333.68	7.97205	333.68	9.4478	333.68	10.9565
333.78	1.61438	333.78	5.73561	333.78	7.97205	333.78	9.4478	333.78	10.9565
333.88	1.61438	333.88	5.73561	333.88	7.97205	333.88	9.4478	333.88	10.9565
333.98	1.61438	333.98	5.73561	333.98	7.97205	333.98	9.4478	333.98	10.9546
334.08	1.60461	334.08	5.72585	334.08	7.96229	334.08	9.43803	334.08	10.9468
334.18	1.60461	334.18	5.73561	334.18	7.96229	334.18	9.43803	334.18	10.9468
334.28	1.5968	334.28	5.73561	334.28	7.95448	334.28	9.43803	334.28	10.9468
334.38	1.59485	334.38	5.73561	334.38	7.95252	334.38	9.43803	334.38	10.939
334.48	1.59485	334.48	5.73561	334.48	7.95252	334.48	9.43022	334.48	10.937
334.58	1.60266	334.58	5.74342	334.58	7.96033	334.58	9.44389	334.58	10.9448
334.68	1.59485	334.68	5.73561	334.68	7.95252	334.68	9.42827	334.68	10.937
334.78	1.59485	334.78	5.7278	334.78	7.95252	334.78	9.43022	334.78	10.9253
334.88	1.60461	334.88	5.72585	334.88	7.95252	334.88	9.42827	334.88	10.9253
334.98	1.60461	334.98	5.72585	334.98	7.95252	334.98	9.42827	334.98	10.9253
335.08	1.60461	335.08	5.72585	335.08	7.95252	335.08	9.42827	335.08	10.9253
335.18	1.60461	335.18	5.72585	335.18	7.94471	335.18	9.42827	335.18	10.9253
335.28	1.58704	335.28	5.71608	335.28	7.93299	335.28	9.4185	335.28	10.9155
335.38	1.58508	335.38	5.71608	335.38	7.93299	335.38	9.4185	335.38	10.9155
335.48	1.58508	335.48	5.71608	335.48	7.93299	335.48	9.4185	335.48	10.9058
335.58	1.58508	335.58	5.71608	335.58	7.93299	335.58	9.4185	335.58	10.9058
335.68	1.58508	335.68	5.71608	335.68	7.94276	335.68	9.4185	335.68	10.9058
335.78	1.59485	335.78	5.71608	335.78	7.94276	335.78	9.40874	335.78	10.9058
335.88	1.5929	335.88	5.70631	335.88	7.9408	335.88	9.41655	335.88	10.9038
335.98	1.59485	335.98	5.70631	335.98	7.94276	335.98	9.4185	335.98	10.9058
336.08	1.58704	336.08	5.70631	336.08	7.93494	336.08	9.4185	336.08	10.9058
336.18	1.58508	336.18	5.70631	336.18	7.93299	336.18	9.4185	336.18	10.9058
336.28	1.58508	336.28	5.70631	336.28	7.9408	336.28	9.4185	336.28	10.9058
336.38	1.57532	336.38	5.69655	336.38	7.92518	336.38	9.40874	336.38	10.8882
336.48	1.57532	336.48	5.69655	336.48	7.92323	336.48	9.39936	336.48	10.8843
336.58	1.57532	336.58	5.69655	336.58	7.92323	336.58	9.39702	336.58	10.8784
336.68	1.57532	336.68	5.69655	336.68	7.92323	336.68	9.39702	336.68	10.8765
336.78	1.58508	336.78	5.69655	336.78	7.92323	336.78	9.39702	336.78	10.8765
336.88	1.5675	336.88	5.68678	336.88	7.91346	336.88	9.38725	336.88	10.8667
336.98	1.56555	336.98	5.67897	336.98	7.91346	336.98	9.38725	336.98	10.8745
337.08	1.57336	337.08	5.68483	337.08	7.92127	337.08	9.39507	337.08	10.8765
337.18	1.57532	337.18	5.69655	337.18	7.91346	337.18	9.39702	337.18	10.8765
337.28	1.57532	337.28	5.69655	337.28	7.91346	337.28	9.39702	337.28	10.8765
337.38	1.57532	337.38	5.69655	337.38	7.91346	337.38	9.39702	337.38	10.8765
337.48	1.57532	337.48	5.69655	337.48	7.91346	337.48	9.39702	337.48	10.8765
337.58	1.57532	337.58	5.69655	337.58	7.91346	337.58	9.39702	337.58	10.8765
337.68	1.58508	337.68	5.69655	337.68	7.91346	337.68	9.39702	337.68	10.8765
337.78	1.57336	337.78	5.68483	337.78	7.90955	337.78	9.3853	337.78	10.8628
337.88	1.57336	337.88	5.68483	337.88	7.91151	337.88	9.3853	337.88	10.8647
337.98	1.57336	337.98	5.68483	337.98	7.91151	337.98	9.3853	337.98	10.8647
338.08	1.57336	338.08	5.68483	338.08	7.91151	338.08	9.3853	338.08	10.8647
338.18	1.57336	338.18	5.68483	338.18	7.91151	338.18	9.37553	338.18	10.8647
338.28	1.57336	338.28	5.68483	338.28	7.91151	338.28	9.37553	338.28	10.8647
338.38	1.58313	338.38	5.68483	338.38	7.91151	338.38	9.37553	338.38	10.8647
338.48	1.57532	338.48	5.68483	338.48	7.91151	338.48	9.37553	338.48	10.8647
338.58	1.57336	338.58	5.68483	338.58	7.91151	338.58	9.37553	338.58	10.8647
338.68	1.57141	338.68	5.68288	338.68	7.90955	338.68	9.37358	338.68	10.8628
338.78	1.57336	338.78	5.68483	338.78	7.91151	338.78	9.37553	338.78	10.855
338.88	1.57336	338.88	5.68483	338.88	7.91151	338.88	9.37553	338.88	10.855
338.98	1.57336	338.98	5.68483	338.98	7.91151	338.98	9.37553	338.98	10.855
339.08	1.57336	339.08	5.6946	339.08	7.91151	339.08	9.37553	339.08	10.855
339.18	1.57336	339.18	5.6946	339.18	7.91151	339.18	9.37553	339.18	10.855
339.28	1.56555	339.28	5.6946	339.28	7.91151	339.28	9.37553	339.28	10.855
339.38	1.55383	339.38	5.67545	339.38	7.90174	339.38	9.36577	339.38	10.8452
339.48	1.55383	339.48	5.67311	339.48	7.89393	339.48	9.36577	339.48	10.8452
339.58	1.55383	339.58	5.67311	339.58	7.89198	339.58	9.356	339.58	10.8354
339.68	1.5636	339.68	5.67311	339.68	7.89198	339.68	9.356	339.68	10.8354
339.78	1.5636	339.78	5.68288	339.78	7.89198	339.78	9.356	339.78	10.8354
339.88	1.5636	339.88	5.68288	339.88	7.89198	339.88	9.356	339.88	10.8354
339.98	1.57141	339.98	5.69069	339.98	7.89979	339.98	9.36382	339.98	10.8433
340.08	1.57336	340.08	5.69264	340.08	7.90174	340.08	9.35796	340.08	10.8452
340.18	1.57336	340.18	5.69264	340.18	7.90174	340.18	9.356	340.18	10.8452
340.28	1.56399	340.28	5.69264	340.28	7.90174	340.28	9.356	340.28	10.8452
340.38	1.55188	340.38	5.68288	340.38	7.89198	340.38	9.34624	340.38	10.8354
340.48	1.55188	340.48	5.68288	340.48	7.89198	340.48	9.34624	340.48	10.8354
340.58	1.55188	340.58	5.68288	340.58	7.89198	340.58	9.34624	340.58	10.8354
340.68	1.55188	340.68	5.69264	340.68	7.89198	340.68	9.34624	340.68	10.8354
340.78	1.56126	340.78	5.70202	340.78	7.90135	340.78	9.34585	340.78	10.8351
340.88	1.5636	340.88	5.70436	340.88	7.90369	340.88	9.34819	340.88	10.8374
340.98	1.5636	340.98	5.70436	340.98	7.90369	340.98	9.34819	340.98	10.8296
341.08	1.5636	341.08	5.69655	341.08	7.90369	341.08	9.34819	341.08	10.8276
341.18	1.56555	341.18	5.68483	341.18	7.89393	341.18	9.33842	341.18	10.8257
341.28	1.55774	341.28	5.68483	341.28	7.88612	341.28	9.33842	341.28	10.8276
341.38	1.55579	341.38	5.68483	341.38	7.88416	341.38	9.33842	341.38	10.8276
341.48	1.55579	341.48	5.68483	341.48	7.88416	341.48	9.33842	341.48	10.8276
341.58	1.55579	341.58	5.68483	341.58	7.88417	341.58	9.33842	341.58	10.8276
341.68	1.5636	341.68	5.69264	341.68	7.89198	341.68	9.34624	341.68	10.8179
341.78	1.56555	341.78	5.6946	341.78	7.89393	341.78	9.34819	341.78	10.8179
341.88	1.56555	341.88	5.6946	341.88	7.89393	341.88	9.34819	341.88	10.8179
341.98	1.56555	341.98	5.68678	341.98	7.89393	341.98	9.34819	341.98	10.8179
342.08	1.55579	342.08	5.68483	342.08	7.88416	342.08	9.33842	342.08	10.8081
342.18	1.55579	342.18	5.68483	342.18	7.88416	342.18	9.33842	342.18	10.8081
342.28	1.55579	342.28	5.68483	342.28	7.88416	342.28	9.33842	342.28	10.8081
342.38	1.55579	342.38	5.68483	342.38	7.88416	342.38	9.33842	342.38	10.8081
342.48	1.55579	342.48	5.69264	342.48	7.89198	342.48	9.34624	342.48	10.8042
342.58	1.56555	342.58	5.6946	342.58	7.89393	342.58	9.34819	342.58	10.8062
342.68	1.56555	342.68	5.6946	342.68	7.89393	342.68	9.34819	342.68	10.8062
342.78	1.56555	342.78	5.68678	342.78	7.89393	342.78	9.34819	342.78	10.8062
342.88	1.56555	342.88	5.68483	342.88	7.89393	342.88	9.34038	342.88	10.8062
342.98	1.56555	342.98	5.68483	342.98	7.89393	342.98	9.33842	342.98	10.8062
343.08	1.56555	343.08	5.68483	343.08	7.88612	343.08	9.33842	343.08	10.8062
343.18	1.57336	343.18	5.69264	343.18	7.89198	343.18	9.34624	343.18	10.814
343.28	1.55774	343.28	5.67702	343.28	7.87635	343.28	9.33061	343.28	10.7983
343.38	1.57336	343.38	5.68288	343.38	7.88221	343.38	9.32671	343.38	10.8042
343.48	1.57532	343.48	5.68483	343.48	7.88416	343.48	9.32866	343.48	10.8062
343.58	1.57532	343.58	5.68483	343.58	7.88416	343.58	9.32866	343.58	10.7964
343.68	1.57532	343.68	5.67702	343.68	7.88416	343.68	9.32866	343.68	10.7964
343.78	1.57532	343.78	5.67506	343.78	7.88416	343.78	9.32866	343.78	10.7964
343.88	1.57532	343.88	5.67506	343.88	7.88416	343.88	9.32866	343.88	10.8042
343.98	1.57532	343.98	5.67506	343.98	7.88416	343.98	9.32866	343.98	10.8062
344.08	1.58508	344.08	5.67506	344.08	7.88416	344.08	9.32866	344.08	10.8062
344.18	1.58508	344.18	5.67506	344.18	7.88416	344.18	9.32866	344.18	10.8062
344.28	1.58508	344.28	5.67506	344.28	7.88416	344.28	9.32866	344.28	10.8062
344.38	1.58508	344.38	5.67506	344.38	7.88416	344.38	9.32866	344.38	10.8062
344.48	1.5929	344.48	5.67506	344.48	7.89198	344.48	9.33647	344.48	10.814
344.58	1.59485	344.58	5.67506	344.58	7.89393	344.58	9.32866	344.58	10.8159
344.68	1.57727	344.68	5.6653	344.68	7.88416	344.68	9.31889	344.68	10.8062
344.78	1.58508	344.78	5.6653	344.78	7.88416	344.78	9.31889	344.78	10.8062
344.88	1.58508	344.88	5.6653	344.88	7.88416	344.88	9.31889	344.88	10.7964
344.98	1.58508	344.98	5.6653	344.98	7.88416	344.98	9.31108	344.98	10.7964
345.08	1.58508	345.08	5.67702	345.08	7.88416	345.08	9.30913	345.08	10.7964
345.18	1.58508	345.18	5.67702	345.18	7.88416	345.18	9.30913	345.18	10.7964
345.28	1.58508	345.28	5.67702	345.28	7.88416	345.28	9.30913	345.28	10.7964
345.38	1.58508	345.38	5.67702	345.38	7.88416	345.38	9.30913	345.38	10.7964
345.48	1.57532	345.48	5.65944	345.48	7.8744	345.48	9.29936	345.48	10.7769
345.58	1.58313	345.58	5.6653	345.58	7.88221	345.58	9.30717	345.58	10.7847
345.68	1.58508	345.68	5.66725	345.68	7.88416	345.68	9.30913	345.68	10.7866
345.78	1.58508	345.78	5.66725	345.78	7.88416	345.78	9.30913	345.78	10.7866
345.88	1.59485	345.88	5.66725	345.88	7.88416	345.88	9.30913	345.88	10.7866
345.98	1.59485	345.98	5.66725	345.98	7.88416	345.98	9.30913	345.98	10.7866
346.08	1.59485	346.08	5.66725	346.08	7.88416	346.08	9.30913	346.08	10.7866
346.18	1.59485	346.18	5.66725	346.18	7.88416	346.18	9.30913	346.18	10.7866
346.28	1.59485	346.28	5.65944	346.28	7.87635	346.28	9.30913	346.28	10.7769
346.38	1.60266	346.38	5.6653	346.38	7.88221	346.38	9.30522	346.38	10.7847
346.48	1.60657	346.48	5.66725	346.48	7.88416	346.48	9.30717	346.48	10.7866
346.58	1.60461	346.58	5.66725	346.58	7.89197	346.58	9.30717	346.58	10.7866
346.68	1.5929	346.68	5.65553	346.68	7.88221	346.68	9.28764	346.68	10.7749
346.78	1.5929	346.78	5.65553	346.78	7.8744	346.78	9.28569	346.78	10.7749
346.88	1.5929	346.88	5.65553	346.88	7.87244	346.88	9.28569	346.88	10.7749
346.98	1.5929	346.98	5.6653	346.98	7.87244	346.98	9.28569	346.98	10.7749
347.08	1.5929	347.08	5.6653	347.08	7.87245	347.08	9.28569	347.08	10.7749
347.18	1.60071	347.18	5.67311	347.18	7.88026	347.18	9.2935	347.18	10.7827
347.28	1.61243	347.28	5.66725	347.28	7.88221	347.28	9.29546	347.28	10.7749
347.38	1.61243	347.38	5.6653	347.38	7.88221	347.38	9.29546	347.38	10.7749
347.48	1.61243	347.48	5.6653	347.48	7.88221	347.48	9.28569	347.48	10.7749
347.58	1.61243	347.58	5.6653	347.58	7.88221	347.58	9.28569	347.58	10.7749
347.68	1.60266	347.68	5.65553	347.68	7.87244	347.68	9.27592	347.68	10.7651
347.78	1.61047	347.78	5.67311	347.78	7.87049	347.78	9.28374	347.78	10.7729
347.88	1.61243	347.88	5.67506	347.88	7.87244	347.88	9.28569	347.88	10.7749
347.98	1.61243	347.98	5.67506	347.98	7.88221	347.98	9.28569	347.98	10.7749
348.08	1.60461	348.08	5.67506	348.08	7.87244	348.08	9.28569	348.08	10.7651
348.18	1.60266	348.18	5.67506	348.18	7.86307	348.18	9.28569	348.18	10.7651
348.28	1.60266	348.28	5.67506	348.28	7.86073	348.28	9.28569	348.28	10.7729
348.38	1.61438	348.38	5.67506	348.38	7.86073	348.38	9.27592	348.38	10.7749
348.48	1.61438	348.48	5.67506	348.48	7.86073	348.48	9.27592	348.48	10.7749
348.58	1.61438	348.58	5.67506	348.58	7.86072	348.58	9.27592	348.58	10.7749
348.68	1.60461	348.68	5.6653	348.68	7.85096	348.68	9.26616	348.68	10.7651
348.78	1.61399	348.78	5.6653	348.78	7.85252	348.78	9.27554	348.78	10.7745
348.88	1.61633	348.88	5.6653	348.88	7.85291	348.88	9.27788	348.88	10.7671
348.98	1.61633	348.98	5.6653	348.98	7.85291	348.98	9.27788	348.98	10.7593
349.08	1.61633	349.08	5.6653	349.08	7.86268	349.08	9.27788	349.08	10.7573
349.18	1.61633	349.18	5.67506	349.18	7.86268	349.18	9.27788	349.18	10.7573
349.28	1.60657	349.28	5.6653	349.28	7.85291	349.28	9.26811	349.28	10.7476
349.38	1.60657	349.38	5.6653	349.38	7.85291	349.38	9.26811	349.38	10.7476
349.48	1.60657	349.48	5.6653	349.48	7.85291	349.48	9.26811	349.48	10.7476
349.58	1.61633	349.58	5.6653	349.58	7.85292	349.58	9.26811	349.58	10.7476
349.68	1.62415	349.68	5.67311	349.68	7.86073	349.68	9.27592	349.68	10.7554
349.78	1.6261	349.78	5.66725	349.78	7.86268	349.78	9.27788	349.78	10.7476
349.88	1.61633	349.88	5.65553	349.88	7.8451	349.88	9.26811	349.88	10.7378
349.98	1.60852	349.98	5.65553	349.98	7.84315	349.98	9.25835	349.98	10.7378
350.08	1.60657	350.08	5.65553	350.08	7.84315	350.08	9.25835	350.08	10.7456
350.18	1.60657	350.18	5.65553	350.18	7.84315	350.18	9.25835	350.18	10.7476
350.28	1.60657	350.28	5.65553	350.28	7.84315	350.28	9.25835	350.28	10.7476
350.38	1.60657	350.38	5.65553	350.38	7.84315	350.38	9.25835	350.38	10.7476
350.48	1.60657	350.48	5.65553	350.48	7.84315	350.48	9.25835	350.48	10.7476
350.58	1.60657	350.58	5.64772	350.58	7.84314	350.58	9.25835	350.58	10.7476
350.68	1.60657	350.68	5.636	350.68	7.83338	350.68	9.24858	350.68	10.7378
350.78	1.60657	350.78	5.636	350.78	7.83338	350.78	9.24858	350.78	10.7378
350.88	1.60657	350.88	5.636	350.88	7.82557	350.88	9.24858	350.88	10.7261
350.98	1.61438	350.98	5.64381	350.98	7.84119	350.98	9.25639	350.98	10.7339
351.08	1.61633	351.08	5.64577	351.08	7.83338	351.08	9.25835	351.08	10.7358
351.18	1.61633	351.18	5.64577	351.18	7.84315	351.18	9.25835	351.18	10.7358
351.28	1.61633	351.28	5.64577	351.28	7.84315	351.28	9.25835	351.28	10.7358
351.38	1.60657	351.38	5.636	351.38	7.83338	351.38	9.24858	351.38	10.7261
351.48	1.60657	351.48	5.636	351.48	7.83338	351.48	9.24858	351.48	10.7261
351.58	1.60657	351.58	5.636	351.58	7.82362	351.58	9.24858	351.58	10.7261
351.68	1.59875	351.68	5.636	351.68	7.82362	351.68	9.24077	351.68	10.7163
351.78	1.61438	351.78	5.636	351.78	7.82362	351.78	9.24663	351.78	10.7241
351.88	1.61633	351.88	5.64577	351.88	7.82362	351.88	9.23882	351.88	10.7261
351.98	1.60657	351.98	5.636	351.98	7.81385	351.98	9.22905	351.98	10.7163
352.08	1.60657	352.08	5.636	352.08	7.81385	352.08	9.22905	352.08	10.7163
352.18	1.60657	352.18	5.636	352.18	7.81385	352.18	9.22905	352.18	10.7163
352.28	1.60657	352.28	5.636	352.28	7.81385	352.28	9.22905	352.28	10.7085
352.38	1.60657	352.38	5.62819	352.38	7.81385	352.38	9.22905	352.38	10.7065
352.48	1.60657	352.48	5.62624	352.48	7.81385	352.48	9.22905	352.48	10.7046
352.58	1.60657	352.58	5.62624	352.58	7.81385	352.58	9.22905	352.58	10.6987
352.68	1.61438	352.68	5.63405	352.68	7.82166	352.68	9.23686	352.68	10.7046
352.78	1.60461	352.78	5.62428	352.78	7.8119	352.78	9.2271	352.78	10.6948
352.88	1.60461	352.88	5.62428	352.88	7.8119	352.88	9.2271	352.88	10.6948
352.98	1.60461	352.98	5.62428	352.98	7.8119	352.98	9.2271	352.98	10.6948
353.08	1.60461	353.08	5.62428	353.08	7.8119	353.08	9.2271	353.08	10.6948
353.18	1.60461	353.18	5.63405	353.18	7.8119	353.18	9.2271	353.18	10.6948
353.28	1.59524	353.28	5.63405	353.28	7.8119	353.28	9.2271	353.28	10.6948
353.38	1.5929	353.38	5.63405	353.38	7.8119	353.38	9.2271	353.38	10.6948
353.48	1.58313	353.48	5.61647	353.48	7.80213	353.48	9.21733	353.48	10.6851
353.58	1.58313	353.58	5.61452	353.58	7.80213	353.58	9.20757	353.58	10.6851
353.68	1.58313	353.68	5.61452	353.68	7.80213	353.68	9.20757	353.68	10.6851
353.78	1.60071	353.78	5.62233	353.78	7.80213	353.78	9.21538	353.78	10.6831
353.88	1.60266	353.88	5.62428	353.88	7.80213	353.88	9.21733	353.88	10.6851
353.98	1.60266	353.98	5.62428	353.98	7.80213	353.98	9.21733	353.98	10.6851
354.08	1.60266	354.08	5.62428	354.08	7.80213	354.08	9.21733	354.08	10.6851
354.18	1.5929	354.18	5.61452	354.18	7.7826	354.18	9.20757	354.18	10.6753
354.28	1.5929	354.28	5.61452	354.28	7.7826	354.28	9.20757	354.28	10.6753
354.38	1.5929	354.38	5.61452	354.38	7.7826	354.38	9.1978	354.38	10.6753
354.48	1.5929	354.48	5.61452	354.48	7.7826	354.48	9.1978	354.48	10.6753
354.58	1.58508	354.58	5.61452	354.58	7.7826	354.58	9.1978	354.58	10.6753
354.68	1.59094	354.68	5.62233	354.68	7.79041	354.68	9.20561	354.68	10.6831
354.78	1.58313	354.78	5.61452	354.78	7.7826	354.78	9.1978	354.78	10.6753
354.88	1.58313	354.88	5.61452	354.88	7.7826	354.88	9.1978	354.88	10.6753
354.98	1.58313	354.98	5.61452	354.98	7.7826	354.98	9.1978	354.98	10.6655
355.08	1.58313	355.08	5.62428	355.08	7.7826	355.08	9.1978	355.08	10.6655
355.18	1.58313	355.18	5.61647	355.18	7.7826	355.18	9.1978	355.18	10.6655
355.28	1.57336	355.28	5.60475	355.28	7.77283	355.28	9.18803	355.28	10.6479
355.38	1.57336	355.38	5.60475	355.38	7.77283	355.38	9.18803	355.38	10.646
355.48	1.57336	355.48	5.60475	355.48	7.76502	355.48	9.18022	355.48	10.646
355.58	1.58118	355.58	5.61256	355.58	7.77088	355.58	9.18608	355.58	10.6538
355.68	1.58313	355.68	5.61452	355.68	7.77283	355.68	9.18803	355.68	10.646
355.78	1.58313	355.78	5.61452	355.78	7.77283	355.78	9.18803	355.78	10.646
355.88	1.58313	355.88	5.61452	355.88	7.77283	355.88	9.18803	355.88	10.646
355.98	1.58313	355.98	5.61452	355.98	7.76307	355.98	9.17827	355.98	10.646
356.08	1.56555	356.08	5.60475	356.08	7.7533	356.08	9.1685	356.08	10.6362
356.18	1.5636	356.18	5.61452	356.18	7.7533	356.18	9.1685	356.18	10.6362
356.28	1.5636	356.28	5.61452	356.28	7.7533	356.28	9.1685	356.28	10.6362
356.38	1.5636	356.38	5.61452	356.38	7.7533	356.38	9.1685	356.38	10.6362
356.48	1.5636	356.48	5.61452	356.48	7.7533	356.48	9.1685	356.48	10.6265
356.58	1.57298	356.58	5.62389	356.58	7.76268	356.58	9.17788	356.58	10.6358
356.68	1.57532	356.68	5.62624	356.68	7.76502	356.68	9.18022	356.68	10.6382
356.78	1.57532	356.78	5.62624	356.78	7.76502	356.78	9.18022	356.78	10.6382
356.88	1.57532	356.88	5.61842	356.88	7.76502	356.88	9.18022	356.88	10.6382
356.98	1.56555	356.98	5.6067	356.98	7.75526	356.98	9.17046	356.98	10.6284
357.08	1.56555	357.08	5.6067	357.08	7.75526	357.08	9.17046	357.08	10.6284
357.18	1.56555	357.18	5.6067	357.18	7.75526	357.18	9.17046	357.18	10.6284
357.28	1.56555	357.28	5.6067	357.28	7.75526	357.28	9.17046	357.28	10.6284
357.38	1.56555	357.38	5.6067	357.38	7.75526	357.38	9.17046	357.38	10.6187
357.48	1.57532	357.48	5.6067	357.48	7.75526	357.48	9.17046	357.48	10.6187
357.58	1.58313	357.58	5.61452	357.58	7.76307	357.58	9.16655	357.58	10.6265
357.68	1.58508	357.68	5.61647	357.68	7.76502	357.68	9.1685	357.68	10.6284
357.78	1.58508	357.78	5.61647	357.78	7.76502	357.78	9.1685	357.78	10.6284
357.88	1.57727	357.88	5.61647	357.88	7.76502	357.88	9.1685	357.88	10.619
357.98	1.57532	357.98	5.61647	357.98	7.75721	357.98	9.1685	357.98	10.6261
358.08	1.57532	358.08	5.62819	358.08	7.75526	358.08	9.1685	358.08	10.6284
358.18	1.57532	358.18	5.62819	358.18	7.76307	358.18	9.1685	358.18	10.619
358.28	1.56555	358.28	5.61842	358.28	7.75526	358.28	9.15874	358.28	10.6069
358.38	1.56555	358.38	5.61842	358.38	7.74744	358.38	9.15874	358.38	10.6069
358.48	1.55579	358.48	5.61842	358.48	7.74549	358.48	9.15874	358.48	10.5952
358.58	1.55579	358.58	5.61842	358.58	7.74549	358.58	9.15874	358.58	10.5952
358.68	1.56555	358.68	5.61842	358.68	7.74549	358.68	9.15874	358.68	10.5952
358.78	1.57336	358.78	5.62624	358.78	7.7533	358.78	9.16655	358.78	10.603
358.88	1.57532	358.88	5.62819	358.88	7.75526	358.88	9.1685	358.88	10.605
358.98	1.57532	358.98	5.62819	358.98	7.75526	358.98	9.1685	358.98	10.605
359.08	1.57532	359.08	5.62819	359.08	7.75525	359.08	9.1685	359.08	10.605
359.18	1.5636	359.18	5.61647	359.18	7.74354	359.18	9.15678	359.18	10.5835
359.28	1.5636	359.28	5.61647	359.28	7.74354	359.28	9.15678	359.28	10.5835
359.38	1.5636	359.38	5.61647	359.38	7.7533	359.38	9.15678	359.38	10.5835
359.48	1.5636	359.48	5.61647	359.48	7.7533	359.48	9.15678	359.48	10.5835
359.58	1.5636	359.58	5.61647	359.58	7.74354	359.58	9.15678	359.58	10.5835
359.68	1.5636	359.68	5.61647	359.68	7.73416	359.68	9.15678	359.68	10.5835
359.78	1.5636	359.78	5.61647	359.78	7.73182	359.78	9.15678	359.78	10.5835
359.88	1.55579	359.88	5.61647	359.88	7.73182	359.88	9.14741	359.88	10.5737
359.98	1.55383	359.98	5.61647	359.98	7.73182	359.98	9.14507	359.98	10.5737
360.08	1.54407	360.08	5.6067	360.08	7.72205	360.08	9.1353	360.08	10.564
360.18	1.54407	360.18	5.6067	360.18	7.72205	360.18	9.1353	360.18	10.564
360.28	1.54407	360.28	5.6067	360.28	7.73143	360.28	9.1353	360.28	10.564
360.38	1.56165	360.38	5.61452	360.38	7.74158	360.38	9.14311	360.38	10.5718
360.48	1.5636	360.48	5.61647	360.48	7.74354	360.48	9.14507	360.48	10.5737
360.58	1.5636	360.58	5.61647	360.58	7.74354	360.58	9.14507	360.58	10.5737
360.68	1.5636	360.68	5.61647	360.68	7.74354	360.68	9.1353	360.68	10.5737
360.78	1.5636	360.78	5.61647	360.78	7.74354	360.78	9.1353	360.78	10.5737
360.88	1.55383	360.88	5.6067	360.88	7.73377	360.88	9.12553	360.88	10.564
360.98	1.55383	360.98	5.6067	360.98	7.73377	360.98	9.12553	360.98	10.564
361.08	1.54602	361.08	5.6067	361.08	7.73377	361.08	9.12553	361.08	10.5542
361.18	1.55188	361.18	5.61452	361.18	7.74158	361.18	9.13335	361.18	10.562
361.28	1.55383	361.28	5.61647	361.28	7.74354	361.28	9.1353	361.28	10.564
361.38	1.55383	361.38	5.61647	361.38	7.74354	361.38	9.1353	361.38	10.564
361.48	1.55383	361.48	5.61647	361.48	7.74354	361.48	9.1353	361.48	10.564
361.58	1.54407	361.58	5.6067	361.58	7.7244	361.58	9.12553	361.58	10.5542
361.68	1.54407	361.68	5.6067	361.68	7.72205	361.68	9.11772	361.68	10.5542
361.78	1.54407	361.78	5.6067	361.78	7.73143	361.78	9.11577	361.78	10.5444
361.88	1.54407	361.88	5.6067	361.88	7.7244	361.88	9.11577	361.88	10.5444
361.98	1.54407	361.98	5.6067	361.98	7.72205	361.98	9.11577	361.98	10.5444
362.08	1.54407	362.08	5.6067	362.08	7.72205	362.08	9.11577	362.08	10.5444
362.18	1.54407	362.18	5.6067	362.18	7.72205	362.18	9.11577	362.18	10.5366
362.28	1.54602	362.28	5.6067	362.28	7.72205	362.28	9.11577	362.28	10.5347
362.38	1.54211	362.38	5.60475	362.38	7.7201	362.38	9.11382	362.38	10.5327
362.48	1.54407	362.48	5.6067	362.48	7.71229	362.48	9.106	362.48	10.5249
362.58	1.54407	362.58	5.6067	362.58	7.71229	362.58	9.106	362.58	10.5249
362.68	1.54407	362.68	5.6067	362.68	7.71229	362.68	9.106	362.68	10.5249
362.78	1.54407	362.78	5.6067	362.78	7.71229	362.78	9.106	362.78	10.5249
362.88	1.54407	362.88	5.6067	362.88	7.71229	362.88	9.106	362.88	10.5249
362.98	1.54407	362.98	5.6067	362.98	7.71229	362.98	9.106	362.98	10.5249
363.08	1.54407	363.08	5.6067	363.08	7.71229	363.08	9.106	363.08	10.5249
363.18	1.54407	363.18	5.6067	363.18	7.71229	363.18	9.106	363.18	10.5249
363.28	1.5343	363.28	5.59694	363.28	7.7119	363.28	9.09624	363.28	10.5151
363.38	1.5343	363.38	5.59694	363.38	7.70486	363.38	9.09624	363.38	10.5054
363.48	1.5343	363.48	5.59694	363.48	7.70252	363.48	9.09624	363.48	10.5054
363.58	1.54211	363.58	5.60475	363.58	7.70057	363.58	9.10405	363.58	10.5132
363.68	1.53625	363.68	5.6067	363.68	7.70252	363.68	9.106	363.68	10.5151
363.78	1.5343	363.78	5.6067	363.78	7.71229	363.78	9.09624	363.78	10.5151
363.88	1.5343	363.88	5.6067	363.88	7.71229	363.88	9.09624	363.88	10.5151
363.98	1.54602	363.98	5.6067	363.98	7.70252	363.98	9.09624	363.98	10.5054
364.08	1.54602	364.08	5.58561	364.08	7.71229	364.08	9.09624	364.08	10.5054
364.18	1.54602	364.18	5.58327	364.18	7.71229	364.18	9.09624	364.18	10.5054
364.28	1.53625	364.28	5.5735	364.28	7.70252	364.28	9.08647	364.28	10.4956
364.38	1.53625	364.38	5.5735	364.38	7.70252	364.38	9.08647	364.38	10.4956
364.48	1.54407	364.48	5.58131	364.48	7.70057	364.48	9.09428	364.48	10.5034
364.58	1.54602	364.58	5.58327	364.58	7.70252	364.58	9.09624	364.58	10.5054
364.68	1.54602	364.68	5.58327	364.68	7.70252	364.68	9.09624	364.68	10.4937
364.78	1.54602	364.78	5.58327	364.78	7.70252	364.78	9.09624	364.78	10.4937
364.88	1.54602	364.88	5.58327	364.88	7.70252	364.88	9.09624	364.88	10.4937
364.98	1.53664	364.98	5.58327	364.98	7.70252	364.98	9.09624	364.98	10.4937
365.08	1.5343	365.08	5.58327	365.08	7.70252	365.08	9.09624	365.08	10.4937
365.18	1.52454	365.18	5.5735	365.18	7.69276	365.18	9.07671	365.18	10.4839
365.28	1.54368	365.28	5.58288	365.28	7.70213	365.28	9.08608	365.28	10.4933
365.38	1.54602	365.38	5.58522	365.38	7.70448	365.38	9.08842	365.38	10.4956
365.48	1.54602	365.48	5.58522	365.48	7.70448	365.48	9.08842	365.48	10.4956
365.58	1.54602	365.58	5.58522	365.58	7.70448	365.58	9.08842	365.58	10.4956
365.68	1.54602	365.68	5.58522	365.68	7.70448	365.68	9.08842	365.68	10.4858
365.78	1.54602	365.78	5.58522	365.78	7.70448	365.78	9.08842	365.78	10.4858
365.88	1.54602	365.88	5.58522	365.88	7.70448	365.88	9.08842	365.88	10.4858
365.98	1.54602	365.98	5.58522	365.98	7.70448	365.98	9.08842	365.98	10.4858
366.08	1.53625	366.08	5.57545	366.08	7.70448	366.08	9.07866	366.08	10.4761
366.18	1.55383	366.18	5.58327	366.18	7.71229	366.18	9.08647	366.18	10.4839
366.28	1.55579	366.28	5.58522	366.28	7.71424	366.28	9.07866	366.28	10.4937
366.38	1.55579	366.38	5.58522	366.38	7.71424	366.38	9.07866	366.38	10.4858
366.48	1.55579	366.48	5.58522	366.48	7.71424	366.48	9.07866	366.48	10.4858
366.58	1.55579	366.58	5.58522	366.58	7.71424	366.58	9.07866	366.58	10.4858
366.68	1.55579	366.68	5.58522	366.68	7.70643	366.68	9.07866	366.68	10.4858
366.78	1.55579	366.78	5.58522	366.78	7.70448	366.78	9.07866	366.78	10.4858
366.88	1.55579	366.88	5.58522	366.88	7.70448	366.88	9.07866	366.88	10.4858
366.98	1.55579	366.98	5.58522	366.98	7.70448	366.98	9.07866	366.98	10.4858
367.08	1.56555	367.08	5.58522	367.08	7.70448	367.08	9.07866	367.08	10.4761
367.18	1.56555	367.18	5.57545	367.18	7.70448	367.18	9.07866	367.18	10.4761
367.28	1.57336	367.28	5.58327	367.28	7.71229	367.28	9.08647	367.28	10.4839
367.38	1.57532	367.38	5.57741	367.38	7.71424	367.38	9.08842	367.38	10.4858
367.48	1.5636	367.48	5.57155	367.48	7.70252	367.48	9.07671	367.48	10.4741
367.58	1.5636	367.58	5.57545	367.58	7.70252	367.58	9.07671	367.58	10.4741
367.68	1.5636	367.68	5.56374	367.68	7.70252	367.68	9.07671	367.68	10.4741
367.78	1.5636	367.78	5.5735	367.78	7.70252	367.78	9.07671	367.78	10.4644
367.88	1.5636	367.88	5.56374	367.88	7.70252	367.88	9.07671	367.88	10.4644
367.98	1.5636	367.98	5.56374	367.98	7.70252	367.98	9.07671	367.98	10.4644
368.08	1.56555	368.08	5.56374	368.08	7.70252	368.08	9.07671	368.08	10.4644
368.18	1.55383	368.18	5.55397	368.18	7.68494	368.18	9.06694	368.18	10.4546
368.28	1.56165	368.28	5.56178	368.28	7.6908	368.28	9.07475	368.28	10.4624
368.38	1.5636	368.38	5.56374	368.38	7.69276	368.38	9.07671	368.38	10.4644
368.48	1.5636	368.48	5.56374	368.48	7.69276	368.48	9.07671	368.48	10.4546
368.58	1.5636	368.58	5.5735	368.58	7.69276	368.58	9.07671	368.58	10.4546
368.68	1.5636	368.68	5.5735	368.68	7.69276	368.68	9.07671	368.68	10.4546
368.78	1.55383	368.78	5.56374	368.78	7.68299	368.78	9.06694	368.78	10.4448
368.88	1.55383	368.88	5.56374	368.88	7.68299	368.88	9.06694	368.88	10.4448
368.98	1.5636	368.98	5.56374	368.98	7.67323	368.98	9.06694	368.98	10.4448
369.08	1.57141	369.08	5.57155	369.08	7.6908	369.08	9.07475	369.08	10.4526
369.18	1.57336	369.18	5.5735	369.18	7.67518	369.18	9.07671	369.18	10.4546
369.28	1.57336	369.28	5.56569	369.28	7.67323	369.28	9.07671	369.28	10.4448
369.38	1.55579	369.38	5.55397	369.38	7.66346	369.38	9.06694	369.38	10.4351
369.48	1.55383	369.48	5.55397	369.48	7.66346	369.48	9.05717	369.48	10.4351
369.58	1.55383	369.58	5.55397	369.58	7.66346	369.58	9.05717	369.58	10.4272
369.68	1.56165	369.68	5.55202	369.68	7.67127	369.68	9.06499	369.68	10.4331
369.78	1.5636	369.78	5.55397	369.78	7.67323	369.78	9.06694	369.78	10.4351
369.88	1.5636	369.88	5.56374	369.88	7.67323	369.88	9.06694	369.88	10.4253
369.98	1.55383	369.98	5.55397	369.98	7.66346	369.98	9.05717	369.98	10.4155
370.08	1.55383	370.08	5.55397	370.08	7.66346	370.08	9.05717	370.08	10.4155
370.18	1.5636	370.18	5.55397	370.18	7.66346	370.18	9.05717	370.18	10.4155
370.28	1.5636	370.28	5.55397	370.28	7.66346	370.28	9.05717	370.28	10.4155
370.38	1.5636	370.38	5.55397	370.38	7.66346	370.38	9.05717	370.38	10.4155
370.48	1.5636	370.48	5.55397	370.48	7.65369	370.48	9.05717	370.48	10.4058
370.58	1.5636	370.58	5.5442	370.58	7.65369	370.58	9.05717	370.58	10.4058
370.68	1.56165	370.68	5.54225	370.68	7.65174	370.68	9.05522	370.68	10.4038
370.78	1.55579	370.78	5.5442	370.78	7.65369	370.78	9.05717	370.78	10.4058
370.88	1.55383	370.88	5.55397	370.88	7.65369	370.88	9.05717	370.88	10.4058
370.98	1.5636	370.98	5.5442	370.98	7.65369	370.98	9.05717	370.98	10.4058
371.08	1.5636	371.08	5.55397	371.08	7.6537	371.08	9.04936	371.08	10.4058
371.18	1.57141	371.18	5.55202	371.18	7.66151	371.18	9.05522	371.18	10.4136
371.28	1.57336	371.28	5.56374	371.28	7.66346	371.28	9.05717	371.28	10.4155
371.38	1.5636	371.38	5.55397	371.38	7.65369	371.38	9.04741	371.38	10.4058
371.48	1.5636	371.48	5.55397	371.48	7.65369	371.48	9.04741	371.48	10.394
371.58	1.5636	371.58	5.55397	371.58	7.65369	371.58	9.03764	371.58	10.394
371.68	1.5636	371.68	5.54616	371.68	7.65369	371.68	9.03764	371.68	10.394
371.78	1.5636	371.78	5.5442	371.78	7.65369	371.78	9.03764	371.78	10.394
371.88	1.5636	371.88	5.5442	371.88	7.65369	371.88	9.03764	371.88	10.394
371.98	1.55383	371.98	5.53444	371.98	7.64393	371.98	9.02788	371.98	10.3843
372.08	1.56165	372.08	5.54225	372.08	7.65174	372.08	9.03569	372.08	10.3921
372.18	1.5636	372.18	5.5442	372.18	7.65369	372.18	9.03764	372.18	10.3843
372.28	1.5636	372.28	5.5442	372.28	7.65369	372.28	9.03764	372.28	10.3843
372.38	1.5636	372.38	5.5442	372.38	7.65369	372.38	9.03764	372.38	10.3843
372.48	1.5636	372.48	5.5442	372.48	7.64588	372.48	9.03764	372.48	10.3843
372.58	1.57336	372.58	5.5442	372.58	7.64393	372.58	9.03764	372.58	10.3843
372.68	1.57336	372.68	5.5442	372.68	7.64393	372.68	9.03764	372.68	10.3843
372.78	1.57336	372.78	5.5442	372.78	7.64393	372.78	9.03764	372.78	10.3843
372.88	1.57336	372.88	5.53639	372.88	7.64393	372.88	9.02788	372.88	10.3745
372.98	1.55383	372.98	5.52272	372.98	7.63221	372.98	9.01616	372.98	10.3628
373.08	1.55188	373.08	5.52272	373.08	7.63221	373.08	9.01616	373.08	10.3628
373.18	1.56126	373.18	5.5321	373.18	7.62987	373.18	9.02554	373.18	10.3722
373.28	1.5636	373.28	5.53444	373.28	7.63221	373.28	9.02788	373.28	10.3745
373.38	1.5636	373.38	5.53444	373.38	7.63221	373.38	9.02788	373.38	10.3745
373.48	1.5636	373.48	5.53444	373.48	7.63221	373.48	9.02788	373.48	10.3745
373.58	1.5636	373.58	5.53444	373.58	7.63221	373.58	9.02788	373.58	10.3745
373.68	1.5636	373.68	5.53444	373.68	7.63221	373.68	9.02788	373.68	10.3647
373.78	1.5636	373.78	5.54616	373.78	7.63221	373.78	9.02788	373.78	10.3647
373.88	1.57141	373.88	5.55397	373.88	7.64002	373.88	9.03569	373.88	10.3726
373.98	1.57336	373.98	5.55592	373.98	7.64198	373.98	9.03764	373.98	10.3745
374.08	1.5636	374.08	5.54616	374.08	7.6244	374.08	9.02788	374.08	10.3647
374.18	1.5636	374.18	5.54616	374.18	7.62244	374.18	9.01616	374.18	10.3647
374.28	1.5636	374.28	5.54616	374.28	7.62244	374.28	9.01616	374.28	10.3647
374.38	1.5636	374.38	5.54616	374.38	7.62244	374.38	9.01616	374.38	10.355
374.48	1.57141	374.48	5.55397	374.48	7.63026	374.48	9.02397	374.48	10.3628
374.58	1.57336	374.58	5.55592	374.58	7.63221	374.58	9.02592	374.58	10.3647
374.68	1.5636	374.68	5.54616	374.68	7.62244	374.68	9.01616	374.68	10.355
374.78	1.57532	374.78	5.53835	374.78	7.62244	374.78	9.01616	374.78	10.355
374.88	1.57532	374.88	5.53639	374.88	7.62244	374.88	9.01616	374.88	10.3472
374.98	1.57532	374.98	5.53639	374.98	7.62244	374.98	9.01616	374.98	10.3452
375.08	1.57532	375.08	5.53639	375.08	7.61463	375.08	9.00639	375.08	10.3452
375.18	1.57532	375.18	5.53639	375.18	7.61268	375.18	9.00639	375.18	10.3452
375.28	1.58313	375.28	5.5442	375.28	7.62049	375.28	9.01421	375.28	10.3433
375.38	1.58508	375.38	5.54616	375.38	7.62244	375.38	9.01616	375.38	10.3452
375.48	1.57532	375.48	5.53639	375.48	7.61268	375.48	9.00639	375.48	10.3354
375.58	1.57532	375.58	5.54616	375.58	7.61268	375.58	9.00639	375.58	10.3354
375.68	1.57532	375.68	5.54616	375.68	7.61268	375.68	9.00639	375.68	10.3354
375.78	1.58508	375.78	5.54616	375.78	7.61268	375.78	9.00639	375.78	10.3354
375.88	1.58508	375.88	5.54616	375.88	7.61268	375.88	9.00639	375.88	10.3354
375.98	1.58508	375.98	5.53835	375.98	7.61268	375.98	9.00639	375.98	10.3257
376.08	1.58313	376.08	5.53444	376.08	7.61073	376.08	9.00444	376.08	10.3237
376.18	1.58508	376.18	5.53639	376.18	7.61268	376.18	8.99663	376.18	10.3257
376.28	1.58508	376.28	5.53639	376.28	7.61268	376.28	8.99663	376.28	10.3257
376.38	1.58508	376.38	5.53639	376.38	7.61268	376.38	8.99663	376.38	10.3257
376.48	1.57532	376.48	5.53444	376.48	7.60291	376.48	8.98686	376.48	10.3159
376.58	1.57532	376.58	5.52858	376.58	7.60291	376.58	8.98686	376.58	10.3159
376.68	1.57532	376.68	5.52663	376.68	7.60291	376.68	8.98686	376.68	10.3159
376.78	1.57532	376.78	5.53444	376.78	7.60291	376.78	8.98686	376.78	10.3062
376.88	1.57532	376.88	5.52858	376.88	7.5951	376.88	8.98686	376.88	10.3062
376.98	1.57532	376.98	5.52663	376.98	7.59315	376.98	8.98686	376.98	10.3062
377.08	1.57532	377.08	5.52663	377.08	7.59315	377.08	8.98686	377.08	10.3062
377.18	1.57336	377.18	5.52467	377.18	7.59119	377.18	8.98491	377.18	10.3042
377.28	1.58508	377.28	5.52663	377.28	7.59315	377.28	8.98686	377.28	10.3062
377.38	1.58508	377.38	5.52663	377.38	7.59315	377.38	8.98686	377.38	10.3062
377.48	1.58508	377.48	5.52663	377.48	7.59315	377.48	8.98686	377.48	10.3062
377.58	1.58508	377.58	5.52663	377.58	7.59315	377.58	8.98686	377.58	10.3062
377.68	1.58508	377.68	5.52663	377.68	7.59315	377.68	8.98686	377.68	10.2983
377.78	1.58508	377.78	5.52663	377.78	7.58338	377.78	8.98686	377.78	10.2925
377.88	1.58508	377.88	5.52663	377.88	7.58338	377.88	8.9771	377.88	10.2944
377.98	1.58508	377.98	5.52663	377.98	7.58338	377.98	8.9771	377.98	10.2944
378.08	1.58508	378.08	5.52663	378.08	7.58338	378.08	8.9771	378.08	10.2944
378.18	1.57532	378.18	5.51686	378.18	7.57362	378.18	8.95952	378.18	10.2847
378.28	1.57532	378.28	5.51686	378.28	7.57362	378.28	8.95757	378.28	10.2847
378.38	1.57532	378.38	5.51686	378.38	7.57362	378.38	8.95757	378.38	10.2847
378.48	1.5675	378.48	5.51686	378.48	7.57362	378.48	8.95757	378.48	10.2847
378.58	1.57336	378.58	5.52467	378.58	7.58143	378.58	8.96538	378.58	10.2925
378.68	1.57532	378.68	5.52663	378.68	7.58338	378.68	8.96733	378.68	10.2847
378.78	1.57532	378.78	5.52663	378.78	7.58338	378.78	8.96733	378.78	10.2847
378.88	1.57336	378.88	5.51491	378.88	7.57166	378.88	8.95561	378.88	10.2729
378.98	1.57336	378.98	5.51491	378.98	7.57166	378.98	8.95561	378.98	10.2729
379.08	1.57336	379.08	5.51491	379.08	7.57166	379.08	8.95561	379.08	10.2729
379.18	1.57336	379.18	5.51491	379.18	7.57166	379.18	8.95561	379.18	10.2729
379.28	1.57336	379.28	5.52467	379.28	7.57166	379.28	8.94585	379.28	10.2729
379.38	1.57336	379.38	5.51686	379.38	7.57166	379.38	8.94585	379.38	10.2729
379.48	1.58118	379.48	5.52272	379.48	7.57948	379.48	8.95366	379.48	10.2808
379.58	1.58313	379.58	5.52467	379.58	7.58143	379.58	8.9478	379.58	10.2827
379.68	1.58313	379.68	5.52467	379.68	7.58143	379.68	8.94585	379.68	10.2827
379.78	1.58313	379.78	5.52467	379.78	7.57166	379.78	8.94585	379.78	10.2729
379.88	1.58313	379.88	5.52467	379.88	7.57166	379.88	8.94585	379.88	10.2729
379.98	1.57336	379.98	5.51491	379.98	7.57166	379.98	8.93608	379.98	10.2632
380.08	1.58313	380.08	5.52467	380.08	7.58143	380.08	8.94585	380.08	10.2729
380.18	1.57336	380.18	5.51491	380.18	7.5619	380.18	8.93608	380.18	10.2632
380.28	1.58274	380.28	5.52428	380.28	7.57127	380.28	8.95327	380.28	10.2647
380.38	1.58508	380.38	5.52663	380.38	7.57362	380.38	8.94975	380.38	10.2651
380.48	1.59485	380.48	5.52663	380.48	7.57362	380.48	8.9478	380.48	10.2729
380.58	1.59485	380.58	5.52663	380.58	7.57362	380.58	8.9478	380.58	10.2749
380.68	1.59485	380.68	5.51686	380.68	7.57362	380.68	8.9478	380.68	10.2749
380.78	1.59485	380.78	5.51686	380.78	7.57362	380.78	8.9478	380.78	10.2651
380.88	1.59485	380.88	5.51686	380.88	7.57362	380.88	8.9478	380.88	10.2651
380.98	1.58508	380.98	5.5071	380.98	7.57362	380.98	8.92827	380.98	10.2476
381.08	1.58508	381.08	5.5071	381.08	7.57362	381.08	8.92827	381.08	10.2456
381.18	1.58508	381.18	5.51686	381.18	7.57362	381.18	8.92827	381.18	10.2456
381.28	1.58508	381.28	5.51686	381.28	7.57362	381.28	8.92827	381.28	10.2456
381.38	1.58508	381.38	5.51686	381.38	7.57362	381.38	8.92827	381.38	10.2456
381.48	1.58508	381.48	5.51686	381.48	7.57362	381.48	8.92827	381.48	10.2456
381.58	1.58508	381.58	5.51686	381.58	7.57362	381.58	8.92827	381.58	10.2456
381.68	1.58508	381.68	5.51686	381.68	7.57362	381.68	8.92827	381.68	10.2456
381.78	1.58508	381.78	5.51686	381.78	7.57362	381.78	8.92827	381.78	10.2358
381.88	1.5929	381.88	5.52467	381.88	7.58143	381.88	8.93608	381.88	10.2437
381.98	1.58508	381.98	5.51686	381.98	7.57362	381.98	8.92827	381.98	10.2358
382.08	1.59485	382.08	5.51686	382.08	7.57362	382.08	8.92827	382.08	10.2358
382.18	1.58704	382.18	5.51686	382.18	7.57362	382.18	8.92046	382.18	10.2358
382.28	1.58508	382.28	5.51686	382.28	7.57362	382.28	8.9185	382.28	10.2358
382.38	1.58508	382.38	5.51686	382.38	7.56424	382.38	8.91655	382.38	10.2358
382.48	1.58508	382.48	5.51686	382.48	7.5619	382.48	8.91069	382.48	10.2358
382.58	1.58508	382.58	5.51686	382.58	7.5619	382.58	8.90874	382.58	10.2358
382.68	1.58508	382.68	5.5071	382.68	7.5619	382.68	8.90874	382.68	10.2358
382.78	1.58508	382.78	5.5071	382.78	7.5619	382.78	8.90874	382.78	10.2358
382.88	1.58508	382.88	5.49772	382.88	7.5619	382.88	8.90874	382.88	10.2358
382.98	1.58508	382.98	5.49538	382.98	7.5619	382.98	8.90874	382.98	10.2358
383.08	1.58313	383.08	5.49342	383.08	7.55994	383.08	8.90678	383.08	10.2241
383.18	1.57727	383.18	5.49538	383.18	7.5619	383.18	8.90874	383.18	10.2261
383.28	1.57532	383.28	5.49538	383.28	7.5619	383.28	8.90874	383.28	10.2261
383.38	1.57532	383.38	5.49538	383.38	7.5619	383.38	8.90874	383.38	10.2261
383.48	1.57532	383.48	5.49538	383.48	7.5619	383.48	8.90874	383.48	10.2261
383.58	1.57532	383.58	5.49538	383.58	7.5619	383.58	8.90874	383.58	10.2261
383.68	1.58508	383.68	5.49538	383.68	7.55408	383.68	8.90874	383.68	10.2261
383.78	1.58508	383.78	5.49538	383.78	7.55213	383.78	8.90874	383.78	10.2261
383.88	1.58508	383.88	5.49538	383.88	7.55213	383.88	8.90874	383.88	10.2163
383.98	1.5929	383.98	5.50319	383.98	7.55994	383.98	8.91655	383.98	10.2241
384.08	1.59485	384.08	5.50514	384.08	7.56189	384.08	8.9185	384.08	10.2261
384.18	1.58508	384.18	5.49538	384.18	7.55213	384.18	8.90874	384.18	10.2163
384.28	1.58508	384.28	5.49538	384.28	7.55213	384.28	8.89897	384.28	10.2163
384.38	1.58508	384.38	5.49538	384.38	7.55213	384.38	8.89897	384.38	10.2163
384.48	1.58508	384.48	5.49538	384.48	7.55213	384.48	8.89897	384.48	10.2163
384.58	1.57727	384.58	5.49538	384.58	7.54237	384.58	8.89897	384.58	10.2163
384.68	1.57532	384.68	5.49538	384.68	7.55213	384.68	8.89897	384.68	10.2163
384.78	1.57532	384.78	5.49538	384.78	7.55213	384.78	8.89897	384.78	10.2163
384.88	1.58313	384.88	5.50319	384.88	7.55994	384.88	8.90678	384.88	10.2241
384.98	1.58508	384.98	5.50514	384.98	7.5619	384.98	8.90874	384.98	10.2261
385.08	1.58508	385.08	5.50514	385.08	7.5619	385.08	8.90874	385.08	10.2163
385.18	1.58508	385.18	5.50514	385.18	7.5619	385.18	8.90874	385.18	10.2163
385.28	1.57532	385.28	5.49538	385.28	7.55213	385.28	8.89897	385.28	10.2065
385.38	1.58508	385.38	5.49538	385.38	7.55213	385.38	8.89897	385.38	10.2065
385.48	1.58508	385.48	5.48756	385.48	7.55213	385.48	8.89116	385.48	10.2065
385.58	1.58508	385.58	5.48561	385.58	7.55213	385.58	8.88921	385.58	10.2065
385.68	1.58508	385.68	5.48561	385.68	7.55213	385.68	8.88921	385.68	10.2065
385.78	1.58508	385.78	5.48561	385.78	7.55213	385.78	8.88921	385.78	10.1948
385.88	1.58508	385.88	5.48561	385.88	7.55213	385.88	8.88921	385.88	10.1948
385.98	1.58508	385.98	5.48561	385.98	7.54432	385.98	8.88921	385.98	10.1948
386.08	1.58508	386.08	5.48561	386.08	7.55018	386.08	8.88921	386.08	10.1948
386.18	1.57532	386.18	5.47585	386.18	7.53455	386.18	8.87944	386.18	10.1851
386.28	1.58704	386.28	5.47585	386.28	7.5326	386.28	8.87944	386.28	10.1851
386.38	1.58704	386.38	5.47585	386.38	7.5326	386.38	8.87944	386.38	10.1851
386.48	1.58704	386.48	5.47585	386.48	7.5326	386.48	8.87944	386.48	10.1851
386.58	1.58704	386.58	5.47585	386.58	7.5326	386.58	8.87944	386.58	10.1851
386.68	1.57766	386.68	5.47585	386.68	7.5326	386.68	8.87944	386.68	10.1851
386.78	1.58313	386.78	5.48366	386.78	7.54041	386.78	8.88725	386.78	10.1929
386.88	1.58508	386.88	5.48561	386.88	7.54237	386.88	8.88921	386.88	10.1851
386.98	1.58508	386.98	5.48561	386.98	7.54237	386.98	8.88921	386.98	10.1851
387.08	1.58508	387.08	5.48561	387.08	7.54237	387.08	8.88921	387.08	10.1851
387.18	1.58508	387.18	5.48561	387.18	7.54237	387.18	8.88921	387.18	10.1851
387.28	1.57532	387.28	5.46803	387.28	7.5326	387.28	8.87944	387.28	10.1753
387.38	1.57532	387.38	5.46608	387.38	7.5326	387.38	8.87944	387.38	10.1753
387.48	1.57532	387.48	5.46608	387.48	7.5326	387.48	8.87944	387.48	10.1753
387.58	1.57532	387.58	5.46608	387.58	7.5326	387.58	8.87944	387.58	10.1753
387.68	1.58313	387.68	5.47389	387.68	7.53065	387.68	8.88725	387.68	10.1831
387.78	1.57727	387.78	5.47585	387.78	7.5326	387.78	8.88921	387.78	10.1851
387.88	1.57532	387.88	5.47585	387.88	7.5326	387.88	8.88921	387.88	10.1851
387.98	1.57532	387.98	5.47585	387.98	7.5326	387.98	8.88921	387.98	10.1851
388.08	1.57532	388.08	5.47585	388.08	7.5326	388.08	8.88921	388.08	10.1851
388.18	1.57532	388.18	5.47585	388.18	7.5326	388.18	8.86967	388.18	10.1851
388.28	1.58508	388.28	5.47585	388.28	7.5326	388.28	8.87944	388.28	10.1851
388.38	1.58508	388.38	5.47585	388.38	7.5326	388.38	8.86772	388.38	10.1772
388.48	1.57336	388.48	5.46413	388.48	7.52088	388.48	8.856	388.48	10.1636
388.58	1.57336	388.58	5.46413	388.58	7.52088	388.58	8.856	388.58	10.1538
388.68	1.57336	388.68	5.46413	388.68	7.52088	388.68	8.856	388.68	10.1538
388.78	1.57336	388.78	5.46413	388.78	7.52088	388.78	8.856	388.78	10.1538
388.88	1.57336	388.88	5.46413	388.88	7.52088	388.88	8.856	388.88	10.1538
388.98	1.56555	388.98	5.46413	388.98	7.52088	388.98	8.856	388.98	10.1538
389.08	1.5636	389.08	5.46608	389.08	7.52088	389.08	8.856	389.08	10.1538
389.18	1.57141	389.18	5.47194	389.18	7.52869	389.18	8.86382	389.18	10.1616
389.28	1.57336	389.28	5.47389	389.28	7.53065	389.28	8.86577	389.28	10.1636
389.38	1.57336	389.38	5.47389	389.38	7.53065	389.38	8.86577	389.38	10.1636
389.48	1.57336	389.48	5.47389	389.48	7.53065	389.48	8.856	389.48	10.1636
389.58	1.57336	389.58	5.47389	389.58	7.53065	389.58	8.856	389.58	10.1636
389.68	1.57336	389.68	5.47389	389.68	7.53065	389.68	8.856	389.68	10.1538
389.78	1.57336	389.78	5.47389	389.78	7.53065	389.78	8.856	389.78	10.1538
389.88	1.5636	389.88	5.46413	389.88	7.51112	389.88	8.84624	389.88	10.144
389.98	1.5636	389.98	5.46413	389.98	7.51112	389.98	8.84624	389.98	10.144
390.08	1.5636	390.08	5.46413	390.08	7.51112	390.08	8.84624	390.08	10.144
390.18	1.57493	390.18	5.4735	390.18	7.52049	390.18	8.85561	390.18	10.1534
390.28	1.57532	390.28	5.47585	390.28	7.52283	390.28	8.85796	390.28	10.1558
390.38	1.57532	390.38	5.46803	390.38	7.52283	390.38	8.85796	390.38	10.1479
390.48	1.57532	390.48	5.46608	390.48	7.52283	390.48	8.85796	390.48	10.146
390.58	1.57532	390.58	5.46608	390.58	7.51502	390.58	8.85796	390.58	10.146
390.68	1.57532	390.68	5.46608	390.68	7.52088	390.68	8.85796	390.68	10.1362
390.78	1.57532	390.78	5.46608	390.78	7.52283	390.78	8.84819	390.78	10.1362
390.88	1.57532	390.88	5.46608	390.88	7.52283	390.88	8.84819	390.88	10.1362
390.98	1.57532	390.98	5.46608	390.98	7.52283	390.98	8.84819	390.98	10.1362
391.08	1.57532	391.08	5.46608	391.08	7.52283	391.08	8.84819	391.08	10.1362
391.18	1.57532	391.18	5.46608	391.18	7.52283	391.18	8.84819	391.18	10.1362
391.28	1.58508	391.28	5.46608	391.28	7.52283	391.28	8.84819	391.28	10.1362
391.38	1.58508	391.38	5.46608	391.38	7.52283	391.38	8.84819	391.38	10.1362
391.48	1.58508	391.48	5.46608	391.48	7.52283	391.48	8.84819	391.48	10.1362
391.58	1.58508	391.58	5.46608	391.58	7.52283	391.58	8.84819	391.58	10.1362
391.68	1.5675	391.68	5.45631	391.68	7.51307	391.68	8.83842	391.68	10.1167
391.78	1.56555	391.78	5.45631	391.78	7.51307	391.78	8.83842	391.78	10.1167
391.88	1.56555	391.88	5.45631	391.88	7.51307	391.88	8.82905	391.88	10.1167
391.98	1.56555	391.98	5.45631	391.98	7.51307	391.98	8.83608	391.98	10.1167
392.08	1.57336	392.08	5.47389	392.08	7.51112	392.08	8.83686	392.08	10.1245
392.18	1.57532	392.18	5.47585	392.18	7.51307	392.18	8.83647	392.18	10.1265
392.28	1.57532	392.28	5.47585	392.28	7.51307	392.28	8.83647	392.28	10.1265
392.38	1.58508	392.38	5.46803	392.38	7.51307	392.38	8.82671	392.38	10.1265
392.48	1.58508	392.48	5.46608	392.48	7.51307	392.48	8.82671	392.48	10.1265
392.58	1.58508	392.58	5.46608	392.58	7.51307	392.58	8.82671	392.58	10.1265
392.68	1.57727	392.68	5.46608	392.68	7.51307	392.68	8.82671	392.68	10.1265
392.78	1.57532	392.78	5.46608	392.78	7.51307	392.78	8.82671	392.78	10.1265
392.88	1.57532	392.88	5.46608	392.88	7.51307	392.88	8.82671	392.88	10.1167
392.98	1.57532	392.98	5.46608	392.98	7.51307	392.98	8.82671	392.98	10.1167
393.08	1.56555	393.08	5.45631	393.08	7.50331	393.08	8.81694	393.08	10.1069
393.18	1.57336	393.18	5.46413	393.18	7.51112	393.18	8.82475	393.18	10.1147
393.28	1.57532	393.28	5.46608	393.28	7.51307	393.28	8.82671	393.28	10.1167
393.38	1.57532	393.38	5.46608	393.38	7.51307	393.38	8.82671	393.38	10.1167
393.48	1.57532	393.48	5.46608	393.48	7.5033	393.48	8.82671	393.48	10.1167
393.58	1.57532	393.58	5.46608	393.58	7.5033	393.58	8.82671	393.58	10.1167
393.68	1.57727	393.68	5.46608	393.68	7.5033	393.68	8.81694	393.68	10.1167
393.78	1.57532	393.78	5.46608	393.78	7.5033	393.78	8.81694	393.78	10.1089
393.88	1.57532	393.88	5.45827	393.88	7.5033	393.88	8.81694	393.88	10.1069
393.98	1.57532	393.98	5.45631	393.98	7.5033	393.98	8.81694	393.98	10.1069
394.08	1.58313	394.08	5.46413	394.08	7.51112	394.08	8.82475	394.08	10.1147
394.18	1.58508	394.18	5.46608	394.18	7.51307	394.18	8.82671	394.18	10.1069
394.28	1.58508	394.28	5.46608	394.28	7.51307	394.28	8.82671	394.28	10.1069
394.38	1.58508	394.38	5.46608	394.38	7.51307	394.38	8.82671	394.38	10.1069
394.48	1.58508	394.48	5.46608	394.48	7.51307	394.48	8.82671	394.48	10.1069
394.58	1.57532	394.58	5.45631	394.58	7.5033	394.58	8.81694	394.58	10.0972
394.68	1.57532	394.68	5.45631	394.68	7.5033	394.68	8.80717	394.68	10.0972
394.78	1.57532	394.78	5.45631	394.78	7.5033	394.78	8.80717	394.78	10.0972
394.88	1.57532	394.88	5.45631	394.88	7.5033	394.88	8.80717	394.88	10.0972
394.98	1.57532	394.98	5.45631	394.98	7.5033	394.98	8.80717	394.98	10.0972
395.08	1.57532	395.08	5.45631	395.08	7.50331	395.08	8.80717	395.08	10.0972
395.18	1.58313	395.18	5.46413	395.18	7.51112	395.18	8.81499	395.18	10.105
395.28	1.58704	395.28	5.46608	395.28	7.51307	395.28	8.81694	395.28	10.0972
395.38	1.57532	395.38	5.46608	395.38	7.51307	395.38	8.81694	395.38	10.0972
395.48	1.58508	395.48	5.46608	395.48	7.51307	395.48	8.81694	395.48	10.0972
395.58	1.58508	395.58	5.46608	395.58	7.51307	395.58	8.81694	395.58	10.0972
395.68	1.58508	395.68	5.46608	395.68	7.51307	395.68	8.81694	395.68	10.0972
395.78	1.57532	395.78	5.45631	395.78	7.5033	395.78	8.80717	395.78	10.0874
395.88	1.57532	395.88	5.45631	395.88	7.5033	395.88	8.80717	395.88	10.0874
395.98	1.57532	395.98	5.4485	395.98	7.5033	395.98	8.80717	395.98	10.0874
396.08	1.57532	396.08	5.44655	396.08	7.5033	396.08	8.80717	396.08	10.0874
396.18	1.57532	396.18	5.44655	396.18	7.5033	396.18	8.79936	396.18	10.0874
396.28	1.57532	396.28	5.44655	396.28	7.5033	396.28	8.79741	396.28	10.0874
396.38	1.58508	396.38	5.44655	396.38	7.5033	396.38	8.79741	396.38	10.0874
396.48	1.58508	396.48	5.44655	396.48	7.5033	396.48	8.78764	396.48	10.0874
396.58	1.58508	396.58	5.45631	396.58	7.5033	396.58	8.78764	396.58	10.0874
396.68	1.58508	396.68	5.44655	396.68	7.49354	396.68	8.78764	396.68	10.0874
396.78	1.58352	396.78	5.45436	396.78	7.50135	396.78	8.79546	396.78	10.0952
396.88	1.58313	396.88	5.45631	396.88	7.5033	396.88	8.79741	396.88	10.0972
396.98	1.58313	396.98	5.46608	396.98	7.5033	396.98	8.79741	396.98	10.0854
397.08	1.57336	397.08	5.44655	397.08	7.49354	397.08	8.78764	397.08	10.0757
397.18	1.58508	397.18	5.44655	397.18	7.49354	397.18	8.78764	397.18	10.0757
397.28	1.58508	397.28	5.44655	397.28	7.49354	397.28	8.78764	397.28	10.0679
397.38	1.58508	397.38	5.44655	397.38	7.49354	397.38	8.78764	397.38	10.0659
397.48	1.58508	397.48	5.44655	397.48	7.49354	397.48	8.78764	397.48	10.0659
397.58	1.58508	397.58	5.44655	397.58	7.49354	397.58	8.78764	397.58	10.0659
397.68	1.58508	397.68	5.44655	397.68	7.49354	397.68	8.78764	397.68	10.0659
397.78	1.58508	397.78	5.44655	397.78	7.49354	397.78	8.78764	397.78	10.0659
397.88	1.5929	397.88	5.45436	397.88	7.50135	397.88	8.78569	397.88	10.0737
397.98	1.57727	397.98	5.44655	397.98	7.49354	397.98	8.77788	397.98	10.0659
398.08	1.57532	398.08	5.44655	398.08	7.49354	398.08	8.77788	398.08	10.0659
398.18	1.57532	398.18	5.44655	398.18	7.49354	398.18	8.77788	398.18	10.0659
398.28	1.57532	398.28	5.44655	398.28	7.48377	398.28	8.77788	398.28	10.0659
398.38	1.57532	398.38	5.44655	398.38	7.48377	398.38	8.77788	398.38	10.0562
398.48	1.57532	398.48	5.44655	398.48	7.48377	398.48	8.77788	398.48	10.0562
398.58	1.57532	398.58	5.44655	398.58	7.48377	398.58	8.77788	398.58	10.0562
398.68	1.58313	398.68	5.45436	398.68	7.49158	398.68	8.78569	398.68	10.064
398.78	1.58508	398.78	5.45631	398.78	7.5033	398.78	8.78764	398.78	10.0659
398.88	1.58508	398.88	5.45631	398.88	7.5033	398.88	8.78764	398.88	10.0659
398.98	1.58508	398.98	5.4485	398.98	7.49354	398.98	8.78764	398.98	10.0659
399.08	1.59485	399.08	5.44655	399.08	7.49354	399.08	8.78764	399.08	10.0659
399.18	1.58704	399.18	5.44655	399.18	7.49354	399.18	8.77983	399.18	10.0562
399.28	1.58508	399.28	5.44655	399.28	7.49354	399.28	8.77788	399.28	10.0562
399.38	1.57336	399.38	5.43483	399.38	7.48182	399.38	8.77397	399.38	10.0366
399.48	1.57336	399.48	5.43483	399.48	7.48182	399.48	8.76811	399.48	10.0347
399.58	1.57336	399.58	5.43483	399.58	7.48182	399.58	8.76616	399.58	10.0347
399.68	1.57336	399.68	5.43483	399.68	7.48182	399.68	8.76616	399.68	10.0347
399.78	1.58118	399.78	5.44264	399.78	7.48963	399.78	8.77397	399.78	10.0425
399.88	1.58313	399.88	5.4446	399.88	7.49158	399.88	8.76421	399.88	10.0444
399.98	1.58313	399.98	5.4446	399.98	7.49158	399.98	8.76421	399.98	10.0444
400.08	1.58313	400.08	5.4446	400.08	7.49158	400.08	8.76421	400.08	10.0444
400.18	1.58313	400.18	5.4446	400.18	7.49158	400.18	8.76421	400.18	10.0444
400.28	1.58313	400.28	5.4446	400.28	7.49158	400.28	8.76421	400.28	10.0444
400.38	1.58313	400.38	5.4446	400.38	7.49158	400.38	8.76421	400.38	10.0522
400.48	1.5929	400.48	5.4446	400.48	7.49158	400.48	8.76421	400.48	10.0444
400.58	1.58313	400.58	5.4446	400.58	7.49158	400.58	8.76421	400.58	10.0444
400.68	1.58313	400.68	5.43483	400.68	7.48182	400.68	8.75444	400.68	10.0347
400.78	1.58313	400.78	5.43483	400.78	7.48182	400.78	8.75444	400.78	10.0347
400.88	1.58313	400.88	5.43483	400.88	7.48182	400.88	8.75444	400.88	10.0347
400.98	1.59251	400.98	5.44421	400.98	7.48338	400.98	8.76382	400.98	10.044
401.08	1.58704	401.08	5.43678	401.08	7.48377	401.08	8.76616	401.08	10.0464
401.18	1.57532	401.18	5.42702	401.18	7.47401	401.18	8.75639	401.18	10.0366
401.28	1.57532	401.28	5.42702	401.28	7.47401	401.28	8.75639	401.28	10.0366
401.38	1.57532	401.38	5.42702	401.38	7.47401	401.38	8.75639	401.38	10.0366
401.48	1.57532	401.48	5.42702	401.48	7.47401	401.48	8.75639	401.48	10.0366
401.58	1.57532	401.58	5.42702	401.58	7.47401	401.58	8.75639	401.58	10.0288
401.68	1.58508	401.68	5.42702	401.68	7.47401	401.68	8.75639	401.68	10.0269
401.78	1.56555	401.78	5.41725	401.78	7.46424	401.78	8.74663	401.78	10.0171
401.88	1.58313	401.88	5.42506	401.88	7.47205	401.88	8.75444	401.88	10.0249
401.98	1.58508	401.98	5.42702	401.98	7.47401	401.98	8.75639	401.98	10.0269
402.08	1.57532	402.08	5.41764	402.08	7.46619	402.08	8.75639	402.08	10.0269
402.18	1.58508	402.18	5.4153	402.18	7.46424	402.18	8.74858	402.18	10.0269
402.28	1.58508	402.28	5.4153	402.28	7.46424	402.28	8.74663	402.28	10.0171
402.38	1.58508	402.38	5.4153	402.38	7.46424	402.38	8.74663	402.38	10.0171
402.48	1.58508	402.48	5.4153	402.48	7.46424	402.48	8.74663	402.48	10.0171
402.58	1.58508	402.58	5.42506	402.58	7.46424	402.58	8.74663	402.58	10.0171
402.68	1.58313	402.68	5.41335	402.68	7.46229	402.68	8.74467	402.68	10.0151
402.78	1.58508	402.78	5.4153	402.78	7.46424	402.78	8.74663	402.78	10.0171
402.88	1.58508	402.88	5.42506	402.88	7.46424	402.88	8.74663	402.88	10.0171
402.98	1.58508	402.98	5.4153	402.98	7.45643	402.98	8.74663	402.98	10.0171
403.08	1.57727	403.08	5.4153	403.08	7.45448	403.08	8.74663	403.08	10.0171
403.18	1.57532	403.18	5.4153	403.18	7.45448	403.18	8.74663	403.18	10.0171
403.28	1.57532	403.28	5.4153	403.28	7.45448	403.28	8.74663	403.28	10.0171
403.38	1.57532	403.38	5.4153	403.38	7.45448	403.38	8.74663	403.38	10.0171
403.48	1.56555	403.48	5.40553	403.48	7.45448	403.48	8.73686	403.48	10.0073
403.58	1.56555	403.58	5.40553	403.58	7.45448	403.58	8.73686	403.58	9.99795
403.68	1.56555	403.68	5.40553	403.68	7.44471	403.68	8.73686	403.68	9.99561
403.78	1.56555	403.78	5.40553	403.78	7.44471	403.78	8.73686	403.78	9.99561
403.88	1.57336	403.88	5.41335	403.88	7.44471	403.88	8.73686	403.88	10.0034
403.98	1.57532	403.98	5.4153	403.98	7.44471	403.98	8.73686	403.98	10.0054
404.08	1.57532	404.08	5.4153	404.08	7.44471	404.08	8.73686	404.08	10.0054
404.18	1.57532	404.18	5.40553	404.18	7.43494	404.18	8.7271	404.18	9.99561
404.28	1.57532	404.28	5.40553	404.28	7.43494	404.28	8.7271	404.28	9.99561
404.38	1.57532	404.38	5.40553	404.38	7.43494	404.38	8.7271	404.38	9.99561
404.48	1.57532	404.48	5.40553	404.48	7.43494	404.48	8.7271	404.48	9.99561
404.58	1.57532	404.58	5.40553	404.58	7.44471	404.58	8.7271	404.58	9.99561
404.68	1.57532	404.68	5.40553	404.68	7.44471	404.68	8.7271	404.68	9.98584
404.78	1.57532	404.78	5.40553	404.78	7.4369	404.78	8.7271	404.78	9.98584
404.88	1.56555	404.88	5.39577	404.88	7.42518	404.88	8.71733	404.88	9.96826
404.98	1.56555	404.98	5.39577	404.98	7.42518	404.98	8.71733	404.98	9.96631
405.08	1.57336	405.08	5.40358	405.08	7.43299	405.08	8.72514	405.08	9.97412
405.18	1.57532	405.18	5.40553	405.18	7.43494	405.18	8.7271	405.18	9.97607
405.28	1.57532	405.28	5.40553	405.28	7.43494	405.28	8.7271	405.28	9.97607
405.38	1.57532	405.38	5.40553	405.38	7.43494	405.38	8.7271	405.38	9.97607
405.48	1.57532	405.48	5.40553	405.48	7.43494	405.48	8.7271	405.48	9.97607
405.58	1.58508	405.58	5.40553	405.58	7.43494	405.58	8.71928	405.58	9.97607
405.68	1.57532	405.68	5.39772	405.68	7.43494	405.68	8.71733	405.68	9.97607
405.78	1.56555	405.78	5.38405	405.78	7.42323	405.78	8.70561	405.78	9.95459
405.88	1.5636	405.88	5.38405	405.88	7.41541	405.88	8.70561	405.88	9.95459
405.98	1.5636	405.98	5.38405	405.98	7.41346	405.98	8.70561	405.98	9.95459
406.08	1.5636	406.08	5.38405	406.08	7.41346	406.08	8.70561	406.08	9.95459
406.18	1.5636	406.18	5.38405	406.18	7.41346	406.18	8.70561	406.18	9.95459
406.28	1.5636	406.28	5.38405	406.28	7.41346	406.28	8.70561	406.28	9.95459
406.38	1.5636	406.38	5.38405	406.38	7.41346	406.38	8.70561	406.38	9.95459
406.48	1.5636	406.48	5.38405	406.48	7.41346	406.48	8.70561	406.48	9.95459
406.58	1.5636	406.58	5.38405	406.58	7.41346	406.58	8.70561	406.58	9.95459
406.68	1.56165	406.68	5.3821	406.68	7.41151	406.68	8.69585	406.68	9.94287
406.78	1.5636	406.78	5.38405	406.78	7.41346	406.78	8.69585	406.78	9.94482
406.88	1.5636	406.88	5.38405	406.88	7.41346	406.88	8.69585	406.88	9.94482
406.98	1.5636	406.98	5.38405	406.98	7.40408	406.98	8.69585	406.98	9.94482
407.08	1.57141	407.08	5.38405	407.08	7.40174	407.08	8.69585	407.08	9.94482
407.18	1.56555	407.18	5.38405	407.18	7.40174	407.18	8.68608	407.18	9.93701
407.28	1.57141	407.28	5.38405	407.28	7.40174	407.28	8.68608	407.28	9.93506
407.38	1.5636	407.38	5.37428	407.38	7.39198	407.38	8.67632	407.38	9.92529
407.48	1.57336	407.48	5.37428	407.48	7.39198	407.48	8.67632	407.48	9.92529
407.58	1.57336	407.58	5.37428	407.58	7.39198	407.58	8.67632	407.58	9.92529
407.68	1.57336	407.68	5.36647	407.68	7.40174	407.68	8.67632	407.68	9.92529
407.78	1.57336	407.78	5.36452	407.78	7.40174	407.78	8.67632	407.78	9.92529
407.88	1.57336	407.88	5.36452	407.88	7.40174	407.88	8.67632	407.88	9.92529
407.98	1.58118	407.98	5.37233	407.98	7.40955	407.98	8.68413	407.98	9.93311
408.08	1.58313	408.08	5.37428	408.08	7.4115	408.08	8.6685	408.08	9.93506
408.18	1.57336	408.18	5.36452	408.18	7.39393	408.18	8.65678	408.18	9.92529
408.28	1.57336	408.28	5.36452	408.28	7.39198	408.28	8.65678	408.28	9.92529
408.38	1.57336	408.38	5.37428	408.38	7.39198	408.38	8.65678	408.38	9.92529
408.48	1.57336	408.48	5.37428	408.48	7.39198	408.48	8.65678	408.48	9.92529
408.58	1.57336	408.58	5.37428	408.58	7.39198	408.58	8.65678	408.58	9.92529
408.68	1.5636	408.68	5.37428	408.68	7.39198	408.68	8.65678	408.68	9.92529
408.78	1.58118	408.78	5.3821	408.78	7.39979	408.78	8.6646	408.78	9.92139
408.88	1.56555	408.88	5.36647	408.88	7.38416	408.88	8.64897	408.88	9.90576
408.98	1.5636	408.98	5.36452	408.98	7.3744	408.98	8.64702	408.98	9.90381
409.08	1.57141	409.08	5.37233	409.08	7.38026	409.08	8.65483	409.08	9.91162
409.18	1.57336	409.18	5.37428	409.18	7.38221	409.18	8.65678	409.18	9.91357
409.28	1.5636	409.28	5.37428	409.28	7.38221	409.28	8.65678	409.28	9.91357
409.38	1.5636	409.38	5.36647	409.38	7.39198	409.38	8.65678	409.38	9.91357
409.48	1.5636	409.48	5.36452	409.48	7.39198	409.48	8.65678	409.48	9.91357
409.58	1.5636	409.58	5.36452	409.58	7.39198	409.58	8.64702	409.58	9.91357
409.68	1.57336	409.68	5.36452	409.68	7.39198	409.68	8.64702	409.68	9.91357
409.78	1.5636	409.78	5.35475	409.78	7.38221	409.78	8.63725	409.78	9.90381
409.88	1.5636	409.88	5.35475	409.88	7.3744	409.88	8.63725	409.88	9.90381
409.98	1.5636	409.98	5.34499	409.98	7.37244	409.98	8.63725	409.98	9.90381
410.08	1.5636	410.08	5.34499	410.08	7.37244	410.08	8.63725	410.08	9.90381
410.18	1.5636	410.18	5.34499	410.18	7.37244	410.18	8.63725	410.18	9.89404
410.28	1.55383	410.28	5.33522	410.28	7.36268	410.28	8.62749	410.28	9.88428
410.38	1.55383	410.38	5.34499	410.38	7.36268	410.38	8.62749	410.38	9.88428
410.48	1.55383	410.48	5.34499	410.48	7.36268	410.48	8.62749	410.48	9.89404
410.58	1.55383	410.58	5.34499	410.58	7.36268	410.58	8.62749	410.58	9.89404
410.68	1.55383	410.68	5.34499	410.68	7.35487	410.68	8.62749	410.68	9.90186
410.78	1.55383	410.78	5.34499	410.78	7.35291	410.78	8.61967	410.78	9.90381
410.88	1.55383	410.88	5.34499	410.88	7.35291	410.88	8.61772	410.88	9.90381
410.98	1.55383	410.98	5.34499	410.98	7.35291	410.98	8.61772	410.98	9.90381
411.08	1.55383	411.08	5.34499	411.08	7.35291	411.08	8.61772	411.08	9.89404
411.18	1.54407	411.18	5.33522	411.18	7.34315	411.18	8.59819	411.18	9.88428
411.28	1.54407	411.28	5.33522	411.28	7.34315	411.28	8.59819	411.28	9.89404
411.38	1.55383	411.38	5.33522	411.38	7.34315	411.38	8.59819	411.38	9.88428
411.48	1.55383	411.48	5.33522	411.48	7.34315	411.48	8.59819	411.48	9.88428
411.58	1.56321	411.58	5.3446	411.58	7.34471	411.58	8.60757	411.58	9.89365
411.68	1.56555	411.68	5.34694	411.68	7.3451	411.68	8.60991	411.68	9.896
411.78	1.55579	411.78	5.33717	411.78	7.33533	411.78	8.60014	411.78	9.88623
411.88	1.55579	411.88	5.33717	411.88	7.33533	411.88	8.60014	411.88	9.87842
411.98	1.55579	411.98	5.33717	411.98	7.33533	411.98	8.60014	411.98	9.87646
412.08	1.55579	412.08	5.33717	412.08	7.33533	412.08	8.60014	412.08	9.87646
412.18	1.55579	412.18	5.33717	412.18	7.33533	412.18	8.60014	412.18	9.87646
412.28	1.55579	412.28	5.33717	412.28	7.33533	412.28	8.60014	412.28	9.87646
412.38	1.55579	412.38	5.34694	412.38	7.32752	412.38	8.60014	412.38	9.87646
412.48	1.55579	412.48	5.33717	412.48	7.32557	412.48	8.60014	412.48	9.87646
412.58	1.55579	412.58	5.34694	412.58	7.32557	412.58	8.60014	412.58	9.87646
412.68	1.55383	412.68	5.33522	412.68	7.31385	412.68	8.58842	412.68	9.85498
412.78	1.54602	412.78	5.33522	412.78	7.31385	412.78	8.58842	412.78	9.85498
412.88	1.54407	412.88	5.33522	412.88	7.31385	412.88	8.58842	412.88	9.85498
412.98	1.54407	412.98	5.32741	412.98	7.31385	412.98	8.58842	412.98	9.85498
413.08	1.54407	413.08	5.32545	413.08	7.31385	413.08	8.58842	413.08	9.85498
413.18	1.54407	413.18	5.32545	413.18	7.31385	413.18	8.58842	413.18	9.85498
413.28	1.54407	413.28	5.32545	413.28	7.31385	413.28	8.58842	413.28	9.84521
413.38	1.54407	413.38	5.32545	413.38	7.30604	413.38	8.57905	413.38	9.84521
413.48	1.54407	413.48	5.32545	413.48	7.30408	413.48	8.57671	413.48	9.84521
413.58	1.5343	413.58	5.31569	413.58	7.29432	413.58	8.56694	413.58	9.83545
413.68	1.5343	413.68	5.31569	413.68	7.29432	413.68	8.56694	413.68	9.83545
413.78	1.5343	413.78	5.31569	413.78	7.29432	413.78	8.55717	413.78	9.83545
413.88	1.5343	413.88	5.31569	413.88	7.29432	413.88	8.55717	413.88	9.83545
413.98	1.5343	413.98	5.31569	413.98	7.29432	413.98	8.55717	413.98	9.83545
414.08	1.5343	414.08	5.31569	414.08	7.29432	414.08	8.55717	414.08	9.83545
414.18	1.52454	414.18	5.30592	414.18	7.28455	414.18	8.55717	414.18	9.81592
414.28	1.52454	414.28	5.30592	414.28	7.28455	414.28	8.55717	414.28	9.81592
414.38	1.53235	414.38	5.31374	414.38	7.29237	414.38	8.56499	414.38	9.82373
414.48	1.52649	414.48	5.31569	414.48	7.29432	414.48	8.55717	414.48	9.82568
414.58	1.52454	414.58	5.31569	414.58	7.29432	414.58	8.56694	414.58	9.82568
414.68	1.52454	414.68	5.30592	414.68	7.29432	414.68	8.56694	414.68	9.82568
414.78	1.52258	414.78	5.30592	414.78	7.28455	414.78	8.54741	414.78	9.81592
414.88	1.51672	414.88	5.30592	414.88	7.28455	414.88	8.54741	414.88	9.81592
414.98	1.51477	414.98	5.30592	414.98	7.27518	414.98	8.54741	414.98	9.81592
415.08	1.52649	415.08	5.30592	415.08	7.27283	415.08	8.54741	415.08	9.81592
415.18	1.52649	415.18	5.29616	415.18	7.27283	415.18	8.54741	415.18	9.80615
415.28	1.51672	415.28	5.28639	415.28	7.26307	415.28	8.53764	415.28	9.79639
415.38	1.51672	415.38	5.28639	415.38	7.26307	415.38	8.53764	415.38	9.79639
415.48	1.52454	415.48	5.2942	415.48	7.27088	415.48	8.54546	415.48	9.8042
415.58	1.52649	415.58	5.29616	415.58	7.27283	415.58	8.54741	415.58	9.80615
415.68	1.52649	415.68	5.29616	415.68	7.27283	415.68	8.54741	415.68	9.80615
415.78	1.52649	415.78	5.29616	415.78	7.27283	415.78	8.54741	415.78	9.80615
415.88	1.51672	415.88	5.28639	415.88	7.26307	415.88	8.53764	415.88	9.79639
415.98	1.51672	415.98	5.28639	415.98	7.26307	415.98	8.53764	415.98	9.79639
416.08	1.52454	416.08	5.28639	416.08	7.27088	416.08	8.54546	416.08	9.8042
416.18	1.53625	416.18	5.28639	416.18	7.27283	416.18	8.54741	416.18	9.79639
416.28	1.52649	416.28	5.28639	416.28	7.27283	416.28	8.54741	416.28	9.79639
416.38	1.52649	416.38	5.27663	416.38	7.26307	416.38	8.53764	416.38	9.78662
416.48	1.52649	416.48	5.27663	416.48	7.26307	416.48	8.53764	416.48	9.78662
416.58	1.52649	416.58	5.27663	416.58	7.26307	416.58	8.53764	416.58	9.78662
416.68	1.5343	416.68	5.28444	416.68	7.27088	416.68	8.54546	416.68	9.79443
416.78	1.53625	416.78	5.28639	416.78	7.27283	416.78	8.54741	416.78	9.79639
416.88	1.53625	416.88	5.28639	416.88	7.27283	416.88	8.54741	416.88	9.79639
416.98	1.52649	416.98	5.27663	416.98	7.26307	416.98	8.53764	416.98	9.78662
417.08	1.52649	417.08	5.27663	417.08	7.26307	417.08	8.52983	417.08	9.78662
417.18	1.51868	417.18	5.27663	417.18	7.26307	417.18	8.52788	417.18	9.78662
417.28	1.52454	417.28	5.28444	417.28	7.27088	417.28	8.53569	417.28	9.80225
417.38	1.52649	417.38	5.29616	417.38	7.27283	417.38	8.53764	417.38	9.80615
417.48	1.52649	417.48	5.29616	417.48	7.27283	417.48	8.53764	417.48	9.80615
417.58	1.51477	417.58	5.28444	417.58	7.26112	417.58	8.52592	417.58	9.78662
417.68	1.51477	417.68	5.28444	417.68	7.26112	417.68	8.52592	417.68	9.78467
417.78	1.52454	417.78	5.28444	417.78	7.26112	417.78	8.52592	417.78	9.78467
417.88	1.53235	417.88	5.29225	417.88	7.26893	417.88	8.53374	417.88	9.79053
417.98	1.5343	417.98	5.2942	417.98	7.27088	417.98	8.53569	417.98	9.79443
418.08	1.5343	418.08	5.2942	418.08	7.27088	418.08	8.53569	418.08	9.79443
418.18	1.5343	418.18	5.2942	418.18	7.27088	418.18	8.53569	418.18	9.79443
418.28	1.5343	418.28	5.2942	418.28	7.27088	418.28	8.53569	418.28	9.79443
418.38	1.53235	418.38	5.29225	418.38	7.26893	418.38	8.53374	418.38	9.79248
418.48	1.5343	418.48	5.2942	418.48	7.27088	418.48	8.53569	418.48	9.79443
418.58	1.5343	418.58	5.2942	418.58	7.27088	418.58	8.53569	418.58	9.79443
418.68	1.5343	418.68	5.29616	418.68	7.27088	418.68	8.53569	418.68	9.79443
418.78	1.5343	418.78	5.2942	418.78	7.27088	418.78	8.52788	418.78	9.79443
418.88	1.53391	418.88	5.29382	418.88	7.26073	418.88	8.52554	418.88	9.79404
418.98	1.53625	418.98	5.29616	418.98	7.25526	418.98	8.52788	418.98	9.78467
419.08	1.52688	419.08	5.29616	419.08	7.2533	419.08	8.52788	419.08	9.78467
419.18	1.52454	419.18	5.29616	419.18	7.2533	419.18	8.52788	419.18	9.78467
419.28	1.52454	419.28	5.29616	419.28	7.26307	419.28	8.52788	419.28	9.78467
419.38	1.5343	419.38	5.29616	419.38	7.2533	419.38	8.52788	419.38	9.78467
419.48	1.5343	419.48	5.29616	419.48	7.2533	419.48	8.52788	419.48	9.78467
419.58	1.5343	419.58	5.29616	419.58	7.25331	419.58	8.52788	419.58	9.78467
419.68	1.54211	419.68	5.30397	419.68	7.26112	419.68	8.53569	419.68	9.79248
419.78	1.54407	419.78	5.30592	419.78	7.26307	419.78	8.53764	419.78	9.79443
419.88	1.5343	419.88	5.29616	419.88	7.2533	419.88	8.52788	419.88	9.78467
419.98	1.5343	419.98	5.29616	419.98	7.2533	419.98	8.52788	419.98	9.78467
420.08	1.5343	420.08	5.29616	420.08	7.2533	420.08	8.52788	420.08	9.78467
420.18	1.5343	420.18	5.30592	420.18	7.2533	420.18	8.52788	420.18	9.78467
420.28	1.52649	420.28	5.30592	420.28	7.24549	420.28	8.52788	420.28	9.78467
420.38	1.52454	420.38	5.29616	420.38	7.24354	420.38	8.52788	420.38	9.7749
420.48	1.52454	420.48	5.28639	420.48	7.23377	420.48	8.51811	420.48	9.76514
420.58	1.52454	420.58	5.28639	420.58	7.23377	420.58	8.51811	420.58	9.76514
420.68	1.51477	420.68	5.28639	420.68	7.23377	420.68	8.5103	420.68	9.76514
420.78	1.53235	420.78	5.2942	420.78	7.24158	420.78	8.51616	420.78	9.77295
420.88	1.5343	420.88	5.28835	420.88	7.24354	420.88	8.51811	420.88	9.7749
420.98	1.5343	420.98	5.29616	420.98	7.24354	420.98	8.51811	420.98	9.7749
421.08	1.5343	421.08	5.29616	421.08	7.24354	421.08	8.51811	421.08	9.7749
421.18	1.5343	421.18	5.29616	421.18	7.24354	421.18	8.51811	421.18	9.7749
421.28	1.52454	421.28	5.28639	421.28	7.23377	421.28	8.50835	421.28	9.76514
421.38	1.52454	421.38	5.2942	421.38	7.24158	421.38	8.51616	421.38	9.77295
421.48	1.52454	421.48	5.29616	421.48	7.24354	421.48	8.51811	421.48	9.76514
421.58	1.52454	421.58	5.29616	421.58	7.2533	421.58	8.51811	421.58	9.76514
421.68	1.52454	421.68	5.29616	421.68	7.2533	421.68	8.51811	421.68	9.76514
421.78	1.52454	421.78	5.29616	421.78	7.2533	421.78	8.5103	421.78	9.76514
421.88	1.53235	421.88	5.30397	421.88	7.26112	421.88	8.51616	421.88	9.77295
421.98	1.54407	421.98	5.30592	421.98	7.26307	421.98	8.51811	421.98	9.7749
422.08	1.54407	422.08	5.30592	422.08	7.26307	422.08	8.51811	422.08	9.7749
422.18	1.54407	422.18	5.30592	422.18	7.26307	422.18	8.51811	422.18	9.7749
422.28	1.53625	422.28	5.30592	422.28	7.26307	422.28	8.51811	422.28	9.7749
422.38	1.5343	422.38	5.30592	422.38	7.25526	422.38	8.51811	422.38	9.7749
422.48	1.52454	422.48	5.29655	422.48	7.2533	422.48	8.51811	422.48	9.7749
422.58	1.5343	422.58	5.2942	422.58	7.2533	422.58	8.51811	422.58	9.7749
422.68	1.52258	422.68	5.29225	422.68	7.25135	422.68	8.50639	422.68	9.77295
422.78	1.5343	422.78	5.2942	422.78	7.2533	422.78	8.50835	422.78	9.76514
422.88	1.5343	422.88	5.2942	422.88	7.2533	422.88	8.51811	422.88	9.76514
422.98	1.5343	422.98	5.2942	422.98	7.2533	422.98	8.50835	422.98	9.76514
423.08	1.5343	423.08	5.2942	423.08	7.2533	423.08	8.50835	423.08	9.75732
423.18	1.5343	423.18	5.2942	423.18	7.2533	423.18	8.51811	423.18	9.76318
423.28	1.5343	423.28	5.2942	423.28	7.2533	423.28	8.51811	423.28	9.76514
423.38	1.5343	423.38	5.2942	423.38	7.2533	423.38	8.51811	423.38	9.76514
423.48	1.5343	423.48	5.2942	423.48	7.2533	423.48	8.50835	423.48	9.76514
423.58	1.52649	423.58	5.30397	423.58	7.2533	423.58	8.50835	423.58	9.75537
423.68	1.51477	423.68	5.2942	423.68	7.24354	423.68	8.49858	423.68	9.74561
423.78	1.52258	423.78	5.30202	423.78	7.25135	423.78	8.50639	423.78	9.75342
423.88	1.52454	423.88	5.30397	423.88	7.2533	423.88	8.50835	423.88	9.75537
423.98	1.52454	423.98	5.30397	423.98	7.2533	423.98	8.50835	423.98	9.75537
424.08	1.52454	424.08	5.30397	424.08	7.2533	424.08	8.50053	424.08	9.75537
424.18	1.5343	424.18	5.30397	424.18	7.24549	424.18	8.49858	424.18	9.75537
424.28	1.5343	424.28	5.30397	424.28	7.24354	424.28	8.49858	424.28	9.75537
424.38	1.5343	424.38	5.30397	424.38	7.24354	424.38	8.49858	424.38	9.75537
424.48	1.54211	424.48	5.31178	424.48	7.25135	424.48	8.50639	424.48	9.76318
424.58	1.54407	424.58	5.30592	424.58	7.2533	424.58	8.50835	424.58	9.76514
424.68	1.53235	424.68	5.29225	424.68	7.24158	424.68	8.49663	424.68	9.74365
424.78	1.52454	424.78	5.30202	424.78	7.24158	424.78	8.49663	424.78	9.74365
424.88	1.52258	424.88	5.30202	424.88	7.24158	424.88	8.49663	424.88	9.74365
424.98	1.52258	424.98	5.30202	424.98	7.24158	424.98	8.48686	424.98	9.74365
425.08	1.52258	425.08	5.30202	425.08	7.24159	425.08	8.48686	425.08	9.74365
425.18	1.5304	425.18	5.30983	425.18	7.2494	425.18	8.49467	425.18	9.75146
425.28	1.54211	425.28	5.31178	425.28	7.25135	425.28	8.49663	425.28	9.75342
425.38	1.53235	425.38	5.31178	425.38	7.25135	425.38	8.49663	425.38	9.75342
425.48	1.54211	425.48	5.31178	425.48	7.24354	425.48	8.49663	425.48	9.75342
425.58	1.54211	425.58	5.31178	425.58	7.24158	425.58	8.49663	425.58	9.75342
425.68	1.54211	425.68	5.31178	425.68	7.24158	425.68	8.49663	425.68	9.75342
425.78	1.54211	425.78	5.31178	425.78	7.24158	425.78	8.49663	425.78	9.75342
425.88	1.5343	425.88	5.31178	425.88	7.24158	425.88	8.49663	425.88	9.75342
425.98	1.53235	425.98	5.31178	425.98	7.24158	425.98	8.49663	425.98	9.75342
426.08	1.53235	426.08	5.31178	426.08	7.24158	426.08	8.49663	426.08	9.75342
426.18	1.53235	426.18	5.31178	426.18	7.24158	426.18	8.49663	426.18	9.75342
426.28	1.53235	426.28	5.31178	426.28	7.24158	426.28	8.49663	426.28	9.75342
426.38	1.52258	426.38	5.31374	426.38	7.23182	426.38	8.48686	426.38	9.74365
426.48	1.53196	426.48	5.32311	426.48	7.2412	426.48	8.49624	426.48	9.74326
426.58	1.5343	426.58	5.32545	426.58	7.2533	426.58	8.49858	426.58	9.74561
426.68	1.5343	426.68	5.32545	426.68	7.2533	426.68	8.49858	426.68	9.74561
426.78	1.5343	426.78	5.32545	426.78	7.2533	426.78	8.49858	426.78	9.74561
426.88	1.5343	426.88	5.32545	426.88	7.2533	426.88	8.49858	426.88	9.74561
426.98	1.5343	426.98	5.32545	426.98	7.2533	426.98	8.49858	426.98	9.74561
427.08	1.5343	427.08	5.32545	427.08	7.2533	427.08	8.49858	427.08	9.74561
427.18	1.5343	427.18	5.32545	427.18	7.2533	427.18	8.49858	427.18	9.74561
427.28	1.52649	427.28	5.32545	427.28	7.2533	427.28	8.49858	427.28	9.74561
427.38	1.52454	427.38	5.32545	427.38	7.2533	427.38	8.481	427.38	9.74561
427.48	1.51477	427.48	5.31569	427.48	7.23573	427.48	8.4771	427.48	9.73584
427.58	1.51477	427.58	5.31569	427.58	7.23377	427.58	8.47905	427.58	9.73584
427.68	1.51477	427.68	5.31569	427.68	7.23377	427.68	8.47124	427.68	9.73584
427.78	1.51477	427.78	5.32545	427.78	7.23377	427.78	8.46928	427.78	9.73584
427.88	1.51477	427.88	5.32545	427.88	7.23377	427.88	8.46928	427.88	9.73584
427.98	1.51477	427.98	5.32545	427.98	7.23377	427.98	8.46928	427.98	9.73584
428.08	1.51477	428.08	5.31764	428.08	7.23377	428.08	8.46928	428.08	9.73584
428.18	1.51477	428.18	5.31569	428.18	7.23377	428.18	8.46928	428.18	9.73584
428.28	1.51477	428.28	5.31569	428.28	7.23377	428.28	8.46928	428.28	9.73584
428.38	1.51477	428.38	5.31569	428.38	7.23377	428.38	8.46928	428.38	9.73584
428.48	1.52649	428.48	5.31569	428.48	7.23377	428.48	8.46928	428.48	9.73584
428.58	1.52649	428.58	5.31569	428.58	7.23377	428.58	8.46928	428.58	9.72607
428.68	1.52649	428.68	5.31569	428.68	7.23377	428.68	8.46928	428.68	9.72607
428.78	1.51868	428.78	5.31569	428.78	7.22401	428.78	8.46928	428.78	9.72607
428.88	1.51672	428.88	5.31569	428.88	7.22401	428.88	8.46928	428.88	9.72607
428.98	1.51672	428.98	5.31569	428.98	7.23377	428.98	8.46928	428.98	9.72607
429.08	1.51672	429.08	5.31569	429.08	7.23377	429.08	8.45757	429.08	9.72607
429.18	1.51672	429.18	5.30788	429.18	7.22596	429.18	8.45757	429.18	9.72607
429.28	1.51672	429.28	5.30592	429.28	7.22401	429.28	8.45757	429.28	9.72607
429.38	1.51672	429.38	5.30592	429.38	7.22401	429.38	8.45757	429.38	9.72607
429.48	1.50696	429.48	5.29616	429.48	7.21424	429.48	8.4478	429.48	9.71631
429.58	1.50696	429.58	5.30592	429.58	7.21424	429.58	8.4478	429.58	9.7085
429.68	1.50696	429.68	5.30592	429.68	7.21424	429.68	8.4478	429.68	9.70654
429.78	1.51477	429.78	5.31374	429.78	7.22205	429.78	8.4478	429.78	9.71436
429.88	1.51672	429.88	5.31569	429.88	7.22401	429.88	8.4478	429.88	9.71631
429.98	1.52649	429.98	5.31569	429.98	7.22401	429.98	8.4478	429.98	9.71631
430.08	1.52649	430.08	5.31569	430.08	7.22401	430.08	8.45561	430.08	9.71631
430.18	1.52649	430.18	5.31569	430.18	7.22401	430.18	8.45757	430.18	9.71631
430.28	1.52649	430.28	5.31569	430.28	7.22401	430.28	8.44975	430.28	9.71631
430.38	1.52649	430.38	5.31569	430.38	7.21463	430.38	8.43803	430.38	9.71631
430.48	1.51711	430.48	5.31569	430.48	7.21229	430.48	8.4478	430.48	9.71631
430.58	1.51477	430.58	5.31569	430.58	7.21229	430.58	8.44585	430.58	9.70654
430.68	1.51477	430.68	5.31569	430.68	7.21229	430.68	8.4478	430.68	9.70654
430.78	1.52454	430.78	5.31569	430.78	7.21229	430.78	8.4478	430.78	9.70654
430.88	1.51477	430.88	5.30592	430.88	7.20252	430.88	8.43803	430.88	9.69678
430.98	1.51477	430.98	5.29811	430.98	7.20252	430.98	8.43803	430.98	9.69678
431.08	1.51477	431.08	5.29616	431.08	7.20252	431.08	8.43803	431.08	9.69678
431.18	1.51477	431.18	5.29616	431.18	7.20252	431.18	8.43803	431.18	9.69678
431.28	1.51477	431.28	5.29616	431.28	7.20252	431.28	8.43803	431.28	9.69678
431.38	1.51477	431.38	5.29616	431.38	7.20252	431.38	8.43803	431.38	9.69678
431.48	1.51477	431.48	5.29616	431.48	7.20252	431.48	8.43803	431.48	9.68896
431.58	1.51477	431.58	5.29616	431.58	7.20252	431.58	8.43803	431.58	9.69482
431.68	1.50696	431.68	5.29616	431.68	7.20252	431.68	8.43803	431.68	9.69678
431.78	1.505	431.78	5.29616	431.78	7.20252	431.78	8.43803	431.78	9.69678
431.88	1.505	431.88	5.29616	431.88	7.20252	431.88	8.43803	431.88	9.69678
431.98	1.505	431.98	5.28639	431.98	7.19276	431.98	8.42827	431.98	9.68701
432.08	1.49524	432.08	5.28639	432.08	7.19276	432.08	8.42827	432.08	9.6792
432.18	1.505	432.18	5.28639	432.18	7.19276	432.18	8.42827	432.18	9.67725
432.28	1.505	432.28	5.28639	432.28	7.19276	432.28	8.42827	432.28	9.67725
432.38	1.505	432.38	5.2942	432.38	7.20057	432.38	8.43608	432.38	9.68506
432.48	1.505	432.48	5.29616	432.48	7.19471	432.48	8.43803	432.48	9.68701
432.58	1.505	432.58	5.29616	432.58	7.19276	432.58	8.43803	432.58	9.68701
432.68	1.505	432.68	5.29616	432.68	7.19276	432.68	8.43803	432.68	9.68701
432.78	1.505	432.78	5.29616	432.78	7.19276	432.78	8.43803	432.78	9.68701
432.88	1.505	432.88	5.28835	432.88	7.19276	432.88	8.43803	432.88	9.68701
432.98	1.505	432.98	5.28444	432.98	7.18299	432.98	8.42827	432.98	9.67725
433.08	1.505	433.08	5.27858	433.08	7.18299	433.08	8.42827	433.08	9.67725
433.18	1.49719	433.18	5.28639	433.18	7.18299	433.18	8.42827	433.18	9.67725
433.28	1.49524	433.28	5.28639	433.28	7.18299	433.28	8.42827	433.28	9.67725
433.38	1.49524	433.38	5.28639	433.38	7.18299	433.38	8.42827	433.38	9.67725
433.48	1.49524	433.48	5.28639	433.48	7.18299	433.48	8.42827	433.48	9.67725
433.58	1.49524	433.58	5.28639	433.58	7.17323	433.58	8.42827	433.58	9.67725
433.68	1.49524	433.68	5.28639	433.68	7.17323	433.68	8.42827	433.68	9.67725
433.78	1.49524	433.78	5.28639	433.78	7.17323	433.78	8.42827	433.78	9.67725
433.88	1.48547	433.88	5.27663	433.88	7.16346	433.88	8.4185	433.88	9.66748
433.98	1.48547	433.98	5.27663	433.98	7.16346	433.98	8.4185	433.98	9.65576
434.08	1.48547	434.08	5.27663	434.08	7.16346	434.08	8.4185	434.08	9.65576
434.18	1.49524	434.18	5.27663	434.18	7.16346	434.18	8.4185	434.18	9.65576
434.28	1.49524	434.28	5.27663	434.28	7.16346	434.28	8.4185	434.28	9.65576
434.38	1.49524	434.38	5.27663	434.38	7.16346	434.38	8.4185	434.38	9.64795
434.48	1.48743	434.48	5.28639	434.48	7.16346	434.48	8.4185	434.48	9.646
434.58	1.48547	434.58	5.28639	434.58	7.16346	434.58	8.4185	434.58	9.646
434.68	1.48547	434.68	5.28639	434.68	7.16346	434.68	8.4185	434.68	9.646
434.78	1.48547	434.78	5.27858	434.78	7.15565	434.78	8.4185	434.78	9.646
434.88	1.47571	434.88	5.26686	434.88	7.14393	434.88	8.40874	434.88	9.63623
434.98	1.48352	434.98	5.27467	434.98	7.15174	434.98	8.41655	434.98	9.64404
435.08	1.48547	435.08	5.27663	435.08	7.15369	435.08	8.4185	435.08	9.646
435.18	1.48547	435.18	5.27663	435.18	7.15369	435.18	8.41069	435.18	9.646
435.28	1.48743	435.28	5.27663	435.28	7.15369	435.28	8.40874	435.28	9.646
435.38	1.48547	435.38	5.27663	435.38	7.14393	435.38	8.41655	435.38	9.646
435.48	1.48547	435.48	5.27663	435.48	7.14393	435.48	8.4185	435.48	9.646
435.58	1.48547	435.58	5.27663	435.58	7.14393	435.58	8.4185	435.58	9.646
435.68	1.48547	435.68	5.27663	435.68	7.14393	435.68	8.4185	435.68	9.646
435.78	1.47375	435.78	5.26491	435.78	7.13221	435.78	8.40678	435.78	9.63428
435.88	1.47375	435.88	5.26491	435.88	7.13221	435.88	8.40678	435.88	9.62451
435.98	1.47375	435.98	5.2571	435.98	7.13221	435.98	8.39897	435.98	9.62451
436.08	1.48157	436.08	5.26295	436.08	7.14979	436.08	8.40483	436.08	9.63232
436.18	1.47571	436.18	5.26491	436.18	7.15174	436.18	8.40678	436.18	9.63428
436.28	1.47375	436.28	5.27467	436.28	7.15174	436.28	8.40678	436.28	9.63428
436.38	1.48352	436.38	5.27467	436.38	7.15174	436.38	8.40678	436.38	9.63428
436.48	1.48352	436.48	5.27467	436.48	7.15174	436.48	8.40678	436.48	9.63428
436.58	1.48352	436.58	5.27467	436.58	7.14198	436.58	8.40678	436.58	9.62646
436.68	1.48352	436.68	5.27467	436.68	7.14198	436.68	8.40678	436.68	9.62451
436.78	1.48352	436.78	5.2653	436.78	7.14198	436.78	8.40678	436.78	9.62451
436.88	1.48352	436.88	5.26295	436.88	7.14198	436.88	8.40678	436.88	9.62451
436.98	1.48352	436.98	5.26295	436.98	7.14198	436.98	8.40678	436.98	9.62451
437.08	1.46594	437.08	5.25319	437.08	7.13221	437.08	8.39702	437.08	9.61475
437.18	1.46399	437.18	5.25319	437.18	7.13221	437.18	8.38725	437.18	9.61475
437.28	1.4718	437.28	5.261	437.28	7.14002	437.28	8.39507	437.28	9.62256
437.38	1.47375	437.38	5.26295	437.38	7.14198	437.38	8.39702	437.38	9.62451
437.48	1.48547	437.48	5.26295	437.48	7.14198	437.48	8.39702	437.48	9.62451
437.58	1.48547	437.58	5.25514	437.58	7.14198	437.58	8.39702	437.58	9.62451
437.68	1.48547	437.68	5.25319	437.68	7.14198	437.68	8.39702	437.68	9.62451
437.78	1.48547	437.78	5.25319	437.78	7.14198	437.78	8.39702	437.78	9.6167
437.88	1.47571	437.88	5.24342	437.88	7.13221	437.88	8.38725	437.88	9.60498
437.98	1.47571	437.98	5.25319	437.98	7.13221	437.98	8.38725	437.98	9.59521
438.08	1.47571	438.08	5.25319	438.08	7.13221	438.08	8.37788	438.08	9.59521
438.18	1.47571	438.18	5.25319	438.18	7.13221	438.18	8.38491	438.18	9.60498
438.28	1.47571	438.28	5.25319	438.28	7.13221	438.28	8.37788	438.28	9.59521
438.38	1.46633	438.38	5.25319	438.38	7.14198	438.38	8.37553	438.38	9.59521
438.48	1.46399	438.48	5.25319	438.48	7.13221	438.48	8.37553	438.48	9.59521
438.58	1.48157	438.58	5.25319	438.58	7.13221	438.58	8.38335	438.58	9.61279
438.68	1.48352	438.68	5.25319	438.68	7.13221	438.68	8.3853	438.68	9.61475
438.78	1.48352	438.78	5.25319	438.78	7.13221	438.78	8.3853	438.78	9.60498
438.88	1.47375	438.88	5.24342	438.88	7.12244	438.88	8.37553	438.88	9.5874
438.98	1.47375	438.98	5.24342	438.98	7.12244	438.98	8.37553	438.98	9.59521
439.08	1.47375	439.08	5.24342	439.08	7.12244	439.08	8.37553	439.08	9.58545
439.18	1.47375	439.18	5.24342	439.18	7.12244	439.18	8.37553	439.18	9.58545
439.28	1.47375	439.28	5.24342	439.28	7.12244	439.28	8.37553	439.28	9.58545
439.38	1.48352	439.38	5.23561	439.38	7.12244	439.38	8.37553	439.38	9.58545
439.48	1.48352	439.48	5.24342	439.48	7.12244	439.48	8.37553	439.48	9.58545
439.58	1.49133	439.58	5.25124	439.58	7.13026	439.58	8.38335	439.58	9.59326
439.68	1.49329	439.68	5.25319	439.68	7.13221	439.68	8.3853	439.68	9.59521
439.78	1.47571	439.78	5.24342	439.78	7.12244	439.78	8.37553	439.78	9.58545
439.88	1.47375	439.88	5.24342	439.88	7.12244	439.88	8.37553	439.88	9.58545
439.98	1.47375	439.98	5.24342	439.98	7.12244	439.98	8.37553	439.98	9.58545
440.08	1.47375	440.08	5.24342	440.08	7.12244	440.08	8.37553	440.08	9.57607
440.18	1.47375	440.18	5.24342	440.18	7.11463	440.18	8.37553	440.18	9.56396
440.28	1.47375	440.28	5.23561	440.28	7.11268	440.28	8.37553	440.28	9.56396
440.38	1.48352	440.38	5.23366	440.38	7.12049	440.38	8.37553	440.38	9.56396
440.48	1.48352	440.48	5.23366	440.48	7.11463	440.48	8.37553	440.48	9.56396
440.58	1.47571	440.58	5.23366	440.58	7.11268	440.58	8.36772	440.58	9.56396
440.68	1.47375	440.68	5.23366	440.68	7.12049	440.68	8.36577	440.68	9.56396
440.78	1.47375	440.78	5.23366	440.78	7.11463	440.78	8.36577	440.78	9.56396
440.88	1.47337	440.88	5.23327	440.88	7.11229	440.88	8.36538	440.88	9.56358
440.98	1.47571	440.98	5.23561	440.98	7.11463	440.98	8.36772	440.98	9.56592
441.08	1.47571	441.08	5.23561	441.08	7.11463	441.08	8.36772	441.08	9.56592
441.18	1.47571	441.18	5.23561	441.18	7.11463	441.18	8.36772	441.18	9.56592
441.28	1.47571	441.28	5.23561	441.28	7.10487	441.28	8.36772	441.28	9.56592
441.38	1.47571	441.38	5.23561	441.38	7.10486	441.38	8.36772	441.38	9.55811
441.48	1.46594	441.48	5.22585	441.48	7.0951	441.48	8.35796	441.48	9.54639
441.58	1.47571	441.58	5.22585	441.58	7.0951	441.58	8.35796	441.58	9.54639
441.68	1.47571	441.68	5.22975	441.68	7.0951	441.68	8.35796	441.68	9.54639
441.78	1.4679	441.78	5.2278	441.78	7.0951	441.78	8.35796	441.78	9.54639
441.88	1.46594	441.88	5.2278	441.88	7.0951	441.88	8.35796	441.88	9.54639
441.98	1.46594	441.98	5.2278	441.98	7.0951	441.98	8.35796	441.98	9.54639
442.08	1.46594	442.08	5.2278	442.08	7.0951	442.08	8.35796	442.08	9.53662
442.18	1.45618	442.18	5.21803	442.18	7.08534	442.18	8.34819	442.18	9.52686
442.28	1.45618	442.28	5.21803	442.28	7.08534	442.28	8.34819	442.28	9.52686
442.38	1.46399	442.38	5.22585	442.38	7.09315	442.38	8.356	442.38	9.53467
442.48	1.46594	442.48	5.2278	442.48	7.0951	442.48	8.35796	442.48	9.53662
442.58	1.45813	442.58	5.2278	442.58	7.0951	442.58	8.35796	442.58	9.52881
442.68	1.45618	442.68	5.2278	442.68	7.0951	442.68	8.35796	442.68	9.52686
442.78	1.46594	442.78	5.22975	442.78	7.0951	442.78	8.35796	442.78	9.52686
442.88	1.46594	442.88	5.2278	442.88	7.0951	442.88	8.35796	442.88	9.53662
442.98	1.46594	442.98	5.2278	442.98	7.0951	442.98	8.35796	442.98	9.53662
443.08	1.46594	443.08	5.2278	443.08	7.0951	443.08	8.35014	443.08	9.53662
443.18	1.45422	443.18	5.21608	443.18	7.08339	443.18	8.33647	443.18	9.5249
443.28	1.45422	443.28	5.21608	443.28	7.08338	443.28	8.33647	443.28	9.51514
443.38	1.46204	443.38	5.22389	443.38	7.09119	443.38	8.34428	443.38	9.52295
443.48	1.46399	443.48	5.22585	443.48	7.09315	443.48	8.34624	443.48	9.5249
443.58	1.46399	443.58	5.22585	443.58	7.09315	443.58	8.34624	443.58	9.51709
443.68	1.46399	443.68	5.21803	443.68	7.09315	443.68	8.34624	443.68	9.51514
443.78	1.47375	443.78	5.21608	443.78	7.09315	443.78	8.34624	443.78	9.51514
443.88	1.46594	443.88	5.21608	443.88	7.09315	443.88	8.34624	443.88	9.51514
443.98	1.46399	443.98	5.21608	443.98	7.09315	443.98	8.34624	443.98	9.51514
444.08	1.46399	444.08	5.21608	444.08	7.09315	444.08	8.34624	444.08	9.51514
444.18	1.46399	444.18	5.21608	444.18	7.09315	444.18	8.33842	444.18	9.51514
444.28	1.46399	444.28	5.21608	444.28	7.09315	444.28	8.33647	444.28	9.51514
444.38	1.46399	444.38	5.21608	444.38	7.09315	444.38	8.33647	444.38	9.51514
444.48	1.4718	444.48	5.23366	444.48	7.09314	444.48	8.3521	444.48	9.52295
444.58	1.47375	444.58	5.2278	444.58	7.09315	444.58	8.356	444.58	9.50732
444.68	1.47375	444.68	5.22585	444.68	7.09315	444.68	8.34819	444.68	9.50537
444.78	1.47375	444.78	5.22585	444.78	7.09315	444.78	8.34624	444.78	9.50537
444.88	1.47375	444.88	5.22585	444.88	7.09315	444.88	8.34624	444.88	9.50537
444.98	1.47375	444.98	5.22585	444.98	7.09315	444.98	8.34624	444.98	9.50537
445.08	1.45618	445.08	5.21608	445.08	7.08338	445.08	8.33647	445.08	9.49561
445.18	1.45422	445.18	5.21608	445.18	7.08338	445.18	8.33647	445.18	9.49561
445.28	1.46399	445.28	5.21608	445.28	7.08338	445.28	8.33647	445.28	9.49561
445.38	1.4718	445.38	5.22389	445.38	7.09119	445.38	8.34428	445.38	9.50342
445.48	1.47375	445.48	5.22585	445.48	7.09315	445.48	8.34624	445.48	9.49756
445.58	1.47375	445.58	5.22585	445.58	7.09315	445.58	8.34624	445.58	9.49561
445.68	1.47375	445.68	5.22585	445.68	7.09315	445.68	8.34624	445.68	9.49561
445.78	1.47375	445.78	5.22585	445.78	7.08533	445.78	8.34624	445.78	9.49561
445.88	1.4718	445.88	5.22389	445.88	7.08143	445.88	8.34428	445.88	9.49365
445.98	1.47375	445.98	5.22585	445.98	7.08338	445.98	8.34624	445.98	9.49561
446.08	1.47375	446.08	5.21647	446.08	7.08338	446.08	8.34624	446.08	9.49561
446.18	1.47375	446.18	5.21413	446.18	7.08338	446.18	8.34624	446.18	9.48584
446.28	1.46594	446.28	5.21413	446.28	7.08338	446.28	8.34624	446.28	9.48584
446.38	1.46399	446.38	5.21413	446.38	7.08338	446.38	8.34624	446.38	9.48584
446.48	1.4718	446.48	5.22194	446.48	7.09119	446.48	8.34624	446.48	9.49365
446.58	1.47571	446.58	5.21608	446.58	7.08534	446.58	8.32866	446.58	9.48779
446.68	1.48157	446.68	5.22194	446.68	7.09119	446.68	8.33452	446.68	9.49365
446.78	1.48352	446.78	5.22389	446.78	7.09314	446.78	8.33647	446.78	9.49561
446.88	1.47375	446.88	5.21413	446.88	7.08338	446.88	8.32671	446.88	9.48584
446.98	1.47375	446.98	5.20631	446.98	7.08338	446.98	8.32671	446.98	9.47803
447.08	1.47375	447.08	5.20436	447.08	7.08338	447.08	8.32671	447.08	9.47607
447.18	1.47375	447.18	5.21413	447.18	7.08338	447.18	8.32671	447.18	9.47607
447.28	1.48157	447.28	5.22194	447.28	7.10096	447.28	8.33452	447.28	9.48389
447.38	1.48352	447.38	5.22389	447.38	7.0951	447.38	8.33647	447.38	9.48584
447.48	1.48352	447.48	5.22389	447.48	7.09315	447.48	8.33647	447.48	9.48584
447.58	1.47414	447.58	5.22389	447.58	7.09315	447.58	8.32866	447.58	9.48584
447.68	1.48352	447.68	5.22389	447.68	7.09315	447.68	8.32671	447.68	9.48584
447.78	1.48352	447.78	5.22389	447.78	7.09315	447.78	8.32671	447.78	9.48584
447.88	1.48352	447.88	5.22389	447.88	7.09315	447.88	8.32671	447.88	9.47803
447.98	1.48352	447.98	5.22389	447.98	7.09315	447.98	8.32671	447.98	9.47607
448.08	1.4929	448.08	5.23327	448.08	7.10252	448.08	8.33608	448.08	9.48545
448.18	1.49524	448.18	5.23561	448.18	7.10487	448.18	8.33842	448.18	9.48779
448.28	1.49524	448.28	5.23561	448.28	7.0951	448.28	8.33842	448.28	9.48779
448.38	1.49524	448.38	5.23561	448.38	7.0951	448.38	8.33842	448.38	9.48779
448.48	1.48547	448.48	5.21803	448.48	7.08534	448.48	8.32866	448.48	9.47803
448.58	1.48547	448.58	5.21608	448.58	7.08533	448.58	8.32866	448.58	9.47803
448.68	1.49524	448.68	5.21608	448.68	7.07752	448.68	8.32866	448.68	9.47803
448.78	1.49524	448.78	5.21608	448.78	7.07557	448.78	8.32866	448.78	9.46865
448.88	1.49524	448.88	5.22585	448.88	7.07557	448.88	8.32866	448.88	9.46631
448.98	1.49524	448.98	5.22585	448.98	7.07557	448.98	8.32866	448.98	9.46631
449.08	1.49524	449.08	5.22585	449.08	7.07557	449.08	8.32866	449.08	9.46631
449.18	1.49524	449.18	5.22585	449.18	7.08533	449.18	8.32866	449.18	9.46631
449.28	1.505	449.28	5.22585	449.28	7.07557	449.28	8.31889	449.28	9.46631
449.38	1.505	449.38	5.22585	449.38	7.07557	449.38	8.32866	449.38	9.46631
449.48	1.505	449.48	5.22585	449.48	7.08533	449.48	8.32085	449.48	9.46631
449.58	1.51282	449.58	5.23366	449.58	7.08338	449.58	8.32671	449.58	9.47412
449.68	1.50696	449.68	5.23561	449.68	7.0951	449.68	8.32866	449.68	9.47607
449.78	1.49524	449.78	5.22585	449.78	7.07557	449.78	8.31889	449.78	9.46631
449.88	1.49524	449.88	5.22585	449.88	7.08533	449.88	8.31889	449.88	9.46631
449.98	1.505	449.98	5.22585	449.98	7.08533	449.98	8.31889	449.98	9.46631
450.08	1.505	450.08	5.22585	450.08	7.07557	450.08	8.30913	450.08	9.46631
450.18	1.505	450.18	5.23561	450.18	7.07557	450.18	8.30913	450.18	9.46631
450.28	1.505	450.28	5.23561	450.28	7.07557	450.28	8.30913	450.28	9.46631
450.38	1.51282	450.38	5.23561	450.38	7.08338	450.38	8.31694	450.38	9.47412
450.48	1.51672	450.48	5.23561	450.48	7.08533	450.48	8.31889	450.48	9.47607
450.58	1.51477	450.58	5.23561	450.58	7.08533	450.58	8.31889	450.58	9.47607
450.68	1.51477	450.68	5.23561	450.68	7.08533	450.68	8.31889	450.68	9.47607
450.78	1.51477	450.78	5.23561	450.78	7.08533	450.78	8.31108	450.78	9.47607
450.88	1.51477	450.88	5.23561	450.88	7.0951	450.88	8.30913	450.88	9.47607
450.98	1.51477	450.98	5.23561	450.98	7.07596	450.98	8.30913	450.98	9.47607
451.08	1.52454	451.08	5.23561	451.08	7.08338	451.08	8.30913	451.08	9.46631
451.18	1.52454	451.18	5.23561	451.18	7.08338	451.18	8.30913	451.18	9.46631
451.28	1.52454	451.28	5.23561	451.28	7.08338	451.28	8.30913	451.28	9.46631
451.38	1.51672	451.38	5.23561	451.38	7.07362	451.38	8.30913	451.38	9.46631
451.48	1.52258	451.48	5.23561	451.48	7.08143	451.48	8.31694	451.48	9.47412
451.58	1.52454	451.58	5.23561	451.58	7.08338	451.58	8.31889	451.58	9.47607
451.68	1.52454	451.68	5.23561	451.68	7.07362	451.68	8.30913	451.68	9.46631
451.78	1.52454	451.78	5.22585	451.78	7.07362	451.78	8.30913	451.78	9.4585
451.88	1.52454	451.88	5.23561	451.88	7.07362	451.88	8.30913	451.88	9.45654
451.98	1.51672	451.98	5.23561	451.98	7.0658	451.98	8.30913	451.98	9.45654
452.08	1.51477	452.08	5.23561	452.08	7.06385	452.08	8.30913	452.08	9.45654
452.18	1.51477	452.18	5.23561	452.18	7.06385	452.18	8.30913	452.18	9.45654
452.28	1.51477	452.28	5.23561	452.28	7.06385	452.28	8.30913	452.28	9.45654
452.38	1.52454	452.38	5.23561	452.38	7.06385	452.38	8.30913	452.38	9.45654
452.48	1.53235	452.48	5.24342	452.48	7.07166	452.48	8.31694	452.48	9.46436
452.58	1.5343	452.58	5.23756	452.58	7.07362	452.58	8.31889	452.58	9.46631
452.68	1.5343	452.68	5.23561	452.68	7.07362	452.68	8.31889	452.68	9.46631
452.78	1.5343	452.78	5.23561	452.78	7.08338	452.78	8.31889	452.78	9.46631
452.88	1.52649	452.88	5.23561	452.88	7.07557	452.88	8.31889	452.88	9.46631
452.98	1.52454	452.98	5.24538	452.98	7.07362	452.98	8.31889	452.98	9.46631
453.08	1.52454	453.08	5.24538	453.08	7.07362	453.08	8.30952	453.08	9.46631
453.18	1.52454	453.18	5.24538	453.18	7.07362	453.18	8.30717	453.18	9.46631
453.28	1.52454	453.28	5.24538	453.28	7.07362	453.28	8.29741	453.28	9.46631
453.38	1.53625	453.38	5.24538	453.38	7.07362	453.38	8.29741	453.38	9.46631
453.48	1.54407	453.48	5.25319	453.48	7.08143	453.48	8.30522	453.48	9.47412
453.58	1.53625	453.58	5.24538	453.58	7.07362	453.58	8.29741	453.58	9.46631
453.68	1.52844	453.68	5.23756	453.68	7.07362	453.68	8.29741	453.68	9.46631
453.78	1.52649	453.78	5.23561	453.78	7.07362	453.78	8.29741	453.78	9.46631
453.88	1.52649	453.88	5.23561	453.88	7.07362	453.88	8.29741	453.88	9.46631
453.98	1.53625	453.98	5.24538	453.98	7.08338	453.98	8.30717	453.98	9.47607
454.08	1.52649	454.08	5.23561	454.08	7.07362	454.08	8.29741	454.08	9.4585
454.18	1.52649	454.18	5.23561	454.18	7.0658	454.18	8.29741	454.18	9.46436
454.28	1.52649	454.28	5.23561	454.28	7.06385	454.28	8.29741	454.28	9.44678
454.38	1.53625	454.38	5.23561	454.38	7.06385	454.38	8.29741	454.38	9.44482
454.48	1.53625	454.48	5.23561	454.48	7.06385	454.48	8.29741	454.48	9.44482
454.58	1.53625	454.58	5.23561	454.58	7.07362	454.58	8.29741	454.58	9.44482
454.68	1.54407	454.68	5.24342	454.68	7.08143	454.68	8.30522	454.68	9.46045
454.78	1.53821	454.78	5.24538	454.78	7.08338	454.78	8.29936	454.78	9.46436
454.88	1.53625	454.88	5.24538	454.88	7.08338	454.88	8.29741	454.88	9.46436
454.98	1.52454	454.98	5.23366	454.98	7.07167	454.98	8.28569	454.98	9.44482
455.08	1.52454	455.08	5.23366	455.08	7.07166	455.08	8.28569	455.08	9.44287
455.18	1.52454	455.18	5.22585	455.18	7.07166	455.18	8.28569	455.18	9.44287
455.28	1.5343	455.28	5.22389	455.28	7.06385	455.28	8.28569	455.28	9.44287
455.38	1.5343	455.38	5.22389	455.38	7.0619	455.38	8.28569	455.38	9.44287
455.48	1.52649	455.48	5.22389	455.48	7.0619	455.48	8.28569	455.48	9.44287
455.58	1.52454	455.58	5.22389	455.58	7.0619	455.58	8.28569	455.58	9.44287
455.68	1.52258	455.68	5.22194	455.68	7.05994	455.68	8.28374	455.68	9.44092
455.78	1.52454	455.78	5.22389	455.78	7.0619	455.78	8.28569	455.78	9.44287
455.88	1.52454	455.88	5.22389	455.88	7.0619	455.88	8.28569	455.88	9.44287
455.98	1.52454	455.98	5.22389	455.98	7.0619	455.98	8.28569	455.98	9.44287
456.08	1.52454	456.08	5.22389	456.08	7.0619	456.08	8.28569	456.08	9.44287
456.18	1.5343	456.18	5.23561	456.18	7.0619	456.18	8.28569	456.18	9.44287
456.28	1.5343	456.28	5.23561	456.28	7.0619	456.28	8.28569	456.28	9.44287
456.38	1.52493	456.38	5.23561	456.38	7.06189	456.38	8.28569	456.38	9.44287
456.48	1.51282	456.48	5.22585	456.48	7.05213	456.48	8.26616	456.48	9.42529
456.58	1.52063	456.58	5.23366	456.58	7.05994	456.58	8.26616	456.58	9.43115
456.68	1.52258	456.68	5.23561	456.68	7.0619	456.68	8.26616	456.68	9.43311
456.78	1.52258	456.78	5.23561	456.78	7.0619	456.78	8.26616	456.78	9.43311
456.88	1.52258	456.88	5.23561	456.88	7.0619	456.88	8.26616	456.88	9.43311
456.98	1.53235	456.98	5.23561	456.98	7.05408	456.98	8.26616	456.98	9.43311
457.08	1.53235	457.08	5.23561	457.08	7.05213	457.08	8.26616	457.08	9.43311
457.18	1.52454	457.18	5.22623	457.18	7.05213	457.18	8.26616	457.18	9.43311
457.28	1.52258	457.28	5.22389	457.28	7.05213	457.28	8.26616	457.28	9.43311
457.38	1.52258	457.38	5.22389	457.38	7.05213	457.38	8.26616	457.38	9.43311
457.48	1.51282	457.48	5.21413	457.48	7.04237	457.48	8.25639	457.48	9.42334
457.58	1.51282	457.58	5.22389	457.58	7.04237	457.58	8.25639	457.58	9.42334
457.68	1.52258	457.68	5.22389	457.68	7.04237	457.68	8.25639	457.68	9.42334
457.78	1.52258	457.78	5.22389	457.78	7.04237	457.78	8.25639	457.78	9.42334
457.88	1.52258	457.88	5.22389	457.88	7.04237	457.88	8.25639	457.88	9.42334
457.98	1.52258	457.98	5.22389	457.98	7.04237	457.98	8.25639	457.98	9.41553
458.08	1.52258	458.08	5.22389	458.08	7.04237	458.08	8.25639	458.08	9.41357
458.18	1.51477	458.18	5.22389	458.18	7.04237	458.18	8.25639	458.18	9.41357
458.28	1.51282	458.28	5.22389	458.28	7.04237	458.28	8.25639	458.28	9.41357
458.38	1.52258	458.38	5.21608	458.38	7.04237	458.38	8.25639	458.38	9.41357
458.48	1.52219	458.48	5.21374	458.48	7.04198	458.48	8.256	458.48	9.41319
458.58	1.52454	458.58	5.21608	458.58	7.04432	458.58	8.25835	458.58	9.41553
458.68	1.52454	458.68	5.21608	458.68	7.04432	458.68	8.25835	458.68	9.41553
458.78	1.52454	458.78	5.21608	458.78	7.04432	458.78	8.25835	458.78	9.41553
458.88	1.52454	458.88	5.21608	458.88	7.04432	458.88	8.25835	458.88	9.41553
458.98	1.52454	458.98	5.21608	458.98	7.04432	458.98	8.25053	458.98	9.41553
459.08	1.5343	459.08	5.22389	459.08	7.05213	459.08	8.25639	459.08	9.42334
459.18	1.5343	459.18	5.23561	459.18	7.05408	459.18	8.26811	459.18	9.42529
459.28	1.5343	459.28	5.23561	459.28	7.05408	459.28	8.26811	459.28	9.42529
459.38	1.52454	459.38	5.22585	459.38	7.04432	459.38	8.24858	459.38	9.41553
459.48	1.52454	459.48	5.22585	459.48	7.04432	459.48	8.24858	459.48	9.41553
459.58	1.52454	459.58	5.22585	459.58	7.04432	459.58	8.24858	459.58	9.41553
459.68	1.52454	459.68	5.21803	459.68	7.04432	459.68	8.24858	459.68	9.41553
459.78	1.51672	459.78	5.21608	459.78	7.04432	459.78	8.24858	459.78	9.41553
459.88	1.51477	459.88	5.21608	459.88	7.04432	459.88	8.24858	459.88	9.40771
459.98	1.52649	459.98	5.21608	459.98	7.04432	459.98	8.24077	459.98	9.40576
460.08	1.5343	460.08	5.22389	460.08	7.05213	460.08	8.24663	460.08	9.41357
460.18	1.53625	460.18	5.21608	460.18	7.04627	460.18	8.24858	460.18	9.41553
460.28	1.53625	460.28	5.21608	460.28	7.04432	460.28	8.24858	460.28	9.41553
460.38	1.53625	460.38	5.21608	460.38	7.04432	460.38	8.24858	460.38	9.41553
460.48	1.53625	460.48	5.21608	460.48	7.04432	460.48	8.24858	460.48	9.41553
460.58	1.52844	460.58	5.22585	460.58	7.04432	460.58	8.24858	460.58	9.41553
460.68	1.52649	460.68	5.22585	460.68	7.04432	460.68	8.24858	460.68	9.41553
460.78	1.51672	460.78	5.21608	460.78	7.03455	460.78	8.23882	460.78	9.40576
460.88	1.51672	460.88	5.21608	460.88	7.03455	460.88	8.23882	460.88	9.40576
460.98	1.51672	460.98	5.20631	460.98	7.04432	460.98	8.23882	460.98	9.40576
461.08	1.51672	461.08	5.20827	461.08	7.04432	461.08	8.23882	461.08	9.40576
461.18	1.52649	461.18	5.20631	461.18	7.04432	461.18	8.23882	461.18	9.40576
461.28	1.52649	461.28	5.20631	461.28	7.04432	461.28	8.23882	461.28	9.40576
461.38	1.5343	461.38	5.21413	461.38	7.05213	461.38	8.24663	461.38	9.41357
461.48	1.53625	461.48	5.21608	461.48	7.04627	461.48	8.24858	461.48	9.40771
461.58	1.53625	461.58	5.21608	461.58	7.04432	461.58	8.24858	461.58	9.40576
461.68	1.53625	461.68	5.21608	461.68	7.04432	461.68	8.24858	461.68	9.40576
461.78	1.52844	461.78	5.21608	461.78	7.04432	461.78	8.24858	461.78	9.40576
461.88	1.51672	461.88	5.20631	461.88	7.03455	461.88	8.23882	461.88	9.396
461.98	1.51672	461.98	5.20631	461.98	7.03455	461.98	8.23882	461.98	9.396
462.08	1.51672	462.08	5.20631	462.08	7.03455	462.08	8.23882	462.08	9.396
462.18	1.51672	462.18	5.20631	462.18	7.03455	462.18	8.23882	462.18	9.38623
462.28	1.51672	462.28	5.20631	462.28	7.03456	462.28	8.23882	462.28	9.38623
462.38	1.52454	462.38	5.20631	462.38	7.04237	462.38	8.24663	462.38	9.39404
462.48	1.52649	462.48	5.20631	462.48	7.04432	462.48	8.24858	462.48	9.396
462.58	1.51672	462.58	5.19655	462.58	7.03455	462.58	8.23882	462.58	9.38623
462.68	1.50891	462.68	5.19655	462.68	7.03455	462.68	8.231	462.68	9.38623
462.78	1.50696	462.78	5.19655	462.78	7.02518	462.78	8.22905	462.78	9.38623
462.88	1.50696	462.88	5.19655	462.88	7.02283	462.88	8.22905	462.88	9.38623
462.98	1.51672	462.98	5.19655	462.98	7.02283	462.98	8.22905	462.98	9.38623
463.08	1.51672	463.08	5.20631	463.08	7.02283	463.08	8.22905	463.08	9.38623
463.18	1.50696	463.18	5.20631	463.18	7.02283	463.18	8.22905	463.18	9.38623
463.28	1.51477	463.28	5.21413	463.28	7.03064	463.28	8.23686	463.28	9.40381
463.38	1.51477	463.38	5.19655	463.38	7.02088	463.38	8.2271	463.38	9.39404
463.48	1.51477	463.48	5.1946	463.48	7.02088	463.48	8.2271	463.48	9.39404
463.58	1.51477	463.58	5.1946	463.58	7.02088	463.58	8.2271	463.58	9.39404
463.68	1.51477	463.68	5.1946	463.68	7.03065	463.68	8.2271	463.68	9.39404
463.78	1.51477	463.78	5.1946	463.78	7.03065	463.78	8.2271	463.78	9.39404
463.88	1.51477	463.88	5.1946	463.88	7.03065	463.88	8.2271	463.88	9.39404
463.98	1.51477	463.98	5.1946	463.98	7.03065	463.98	8.21733	463.98	9.39404
464.08	1.505	464.08	5.17702	464.08	7.02088	464.08	8.20952	464.08	9.37646
464.18	1.51282	464.18	5.18288	464.18	7.02869	464.18	8.20561	464.18	9.38232
464.28	1.51477	464.28	5.18483	464.28	7.03065	464.28	8.20757	464.28	9.38428
464.38	1.51477	464.38	5.18483	464.38	7.03065	464.38	8.20757	464.38	9.38428
464.48	1.51477	464.48	5.1946	464.48	7.03065	464.48	8.20757	464.48	9.38428
464.58	1.51477	464.58	5.1946	464.58	7.03065	464.58	8.20757	464.58	9.38428
464.68	1.52454	464.68	5.1946	464.68	7.03065	464.68	8.20757	464.68	9.38428
464.78	1.52454	464.78	5.1946	464.78	7.03065	464.78	8.20757	464.78	9.38428
464.88	1.51321	464.88	5.19264	464.88	7.02869	464.88	8.20561	464.88	9.38232
464.98	1.51282	464.98	5.1946	464.98	7.03065	464.98	8.20757	464.98	9.38428
465.08	1.51282	465.08	5.1946	465.08	7.03065	465.08	8.20757	465.08	9.37451
465.18	1.51282	465.18	5.18678	465.18	7.03065	465.18	8.20757	465.18	9.37451
465.28	1.51282	465.28	5.18483	465.28	7.03065	465.28	8.20757	465.28	9.37451
465.38	1.51282	465.38	5.18483	465.38	7.02283	465.38	8.20757	465.38	9.37451
465.48	1.51282	465.48	5.1946	465.48	7.02088	465.48	8.20757	465.48	9.37451
465.58	1.52258	465.58	5.1946	465.58	7.02088	465.58	8.20757	465.58	9.37451
465.68	1.52258	465.68	5.1946	465.68	7.02088	465.68	8.20757	465.68	9.37451
465.78	1.51282	465.78	5.18483	465.78	7.01112	465.78	8.1978	465.78	9.36475
465.88	1.505	465.88	5.18483	465.88	7.01112	465.88	8.1978	465.88	9.36475
465.98	1.50305	465.98	5.17545	465.98	7.01112	465.98	8.1978	465.98	9.36475
466.08	1.50305	466.08	5.17311	466.08	7.01112	466.08	8.1978	466.08	9.36475
466.18	1.51243	466.18	5.18249	466.18	7.02049	466.18	8.20718	466.18	9.37412
466.28	1.51477	466.28	5.1946	466.28	7.02283	466.28	8.1978	466.28	9.37646
466.38	1.51477	466.38	5.1946	466.38	7.02283	466.38	8.1978	466.38	9.37646
466.48	1.51477	466.48	5.1946	466.48	7.02283	466.48	8.1978	466.48	9.37646
466.58	1.52454	466.58	5.1946	466.58	7.02283	466.58	8.1978	466.58	9.37646
466.68	1.51477	466.68	5.18483	466.68	7.01307	466.68	8.18803	466.68	9.35889
466.78	1.51477	466.78	5.18483	466.78	7.01307	466.78	8.18803	466.78	9.35693
466.88	1.51477	466.88	5.18483	466.88	7.01307	466.88	8.18803	466.88	9.35693
466.98	1.51477	466.98	5.17702	466.98	7.01307	466.98	8.18803	466.98	9.35693
467.08	1.50696	467.08	5.17506	467.08	7.00526	467.08	8.18803	467.08	9.35693
467.18	1.505	467.18	5.17506	467.18	7.0033	467.18	8.18803	467.18	9.35693
467.28	1.505	467.28	5.17506	467.28	7.0033	467.28	8.18803	467.28	9.35693
467.38	1.505	467.38	5.17506	467.38	7.0033	467.38	8.18803	467.38	9.35693
467.48	1.505	467.48	5.17506	467.48	7.0033	467.48	8.18803	467.48	9.35693
467.58	1.505	467.58	5.1653	467.58	6.99354	467.58	8.17046	467.58	9.34717
467.68	1.505	467.68	5.1653	467.68	6.99354	467.68	8.1685	467.68	9.34717
467.78	1.51282	467.78	5.17311	467.78	7.00135	467.78	8.17632	467.78	9.35498
467.88	1.50696	467.88	5.18483	467.88	7.0033	467.88	8.17827	467.88	9.35693
467.98	1.505	467.98	5.18483	467.98	7.0033	467.98	8.17827	467.98	9.35693
468.08	1.505	468.08	5.18483	468.08	7.0033	468.08	8.1685	468.08	9.35693
468.18	1.505	468.18	5.18483	468.18	7.0033	468.18	8.17827	468.18	9.35693
468.28	1.505	468.28	5.17702	468.28	7.0033	468.28	8.1685	468.28	9.35693
468.38	1.505	468.38	5.17506	468.38	7.0033	468.38	8.1685	468.38	9.35693
468.48	1.505	468.48	5.17506	468.48	7.0033	468.48	8.1685	468.48	9.35693
468.58	1.505	468.58	5.1653	468.58	6.99354	468.58	8.15874	468.58	9.34717
468.68	1.505	468.68	5.1653	468.68	6.99354	468.68	8.15874	468.68	9.34717
468.78	1.505	468.78	5.1653	468.78	6.99354	468.78	8.15874	468.78	9.34717
468.88	1.49719	468.88	5.1653	468.88	6.98573	468.88	8.15874	468.88	9.3374
468.98	1.49524	468.98	5.15749	468.98	6.98377	468.98	8.15874	468.98	9.3374
469.08	1.49524	469.08	5.15553	469.08	6.98377	469.08	8.15092	469.08	9.3374
469.18	1.50305	469.18	5.16335	469.18	6.99158	469.18	8.15678	469.18	9.34521
469.28	1.49524	469.28	5.15553	469.28	6.98377	469.28	8.14897	469.28	9.3374
469.38	1.49524	469.38	5.15553	469.38	6.98377	469.38	8.14897	469.38	9.3374
469.48	1.49524	469.48	5.15553	469.48	6.98377	469.48	8.14897	469.48	9.3374
469.58	1.49524	469.58	5.15553	469.58	6.98377	469.58	8.14897	469.58	9.3374
469.68	1.49524	469.68	5.15553	469.68	6.98377	469.68	8.14897	469.68	9.3374
469.78	1.49524	469.78	5.15553	469.78	6.98377	469.78	8.14897	469.78	9.3374
469.88	1.49524	469.88	5.15553	469.88	6.98377	469.88	8.14897	469.88	9.3374
469.98	1.49524	469.98	5.15553	469.98	6.97596	469.98	8.14897	469.98	9.3374
470.08	1.49524	470.08	5.15553	470.08	6.97401	470.08	8.14897	470.08	9.3374
470.18	1.505	470.18	5.15553	470.18	6.97401	470.18	8.14897	470.18	9.3374
470.28	1.49524	470.28	5.14772	470.28	6.97401	470.28	8.14897	470.28	9.3374
470.38	1.48743	470.38	5.14577	470.38	6.974	470.38	8.14897	470.38	9.3374
470.48	1.47375	470.48	5.13405	470.48	6.96229	470.48	8.12788	470.48	9.32568
470.58	1.47375	470.58	5.14381	470.58	6.96229	470.58	8.12553	470.58	9.32568
470.68	1.48352	470.68	5.14381	470.68	6.96229	470.68	8.12553	470.68	9.32568
470.78	1.48157	470.78	5.15163	470.78	6.9701	470.78	8.13335	470.78	9.32373
470.88	1.49329	470.88	5.15358	470.88	6.97205	470.88	8.1353	470.88	9.32568
470.98	1.49329	470.98	5.15358	470.98	6.97205	470.98	8.1353	470.98	9.32568
471.08	1.49329	471.08	5.15358	471.08	6.96424	471.08	8.1353	471.08	9.32568
471.18	1.49329	471.18	5.15358	471.18	6.96229	471.18	8.1353	471.18	9.32568
471.28	1.49329	471.28	5.15358	471.28	6.96229	471.28	8.1353	471.28	9.32568
471.38	1.49329	471.38	5.15358	471.38	6.96229	471.38	8.1353	471.38	9.32568
471.48	1.48352	471.48	5.14381	471.48	6.95253	471.48	8.12553	471.48	9.31592
471.58	1.48352	471.58	5.14381	471.58	6.95252	471.58	8.12553	471.58	9.31592
471.68	1.48352	471.68	5.14381	471.68	6.95252	471.68	8.12553	471.68	9.30615
471.78	1.48352	471.78	5.14381	471.78	6.95252	471.78	8.12553	471.78	9.29678
471.88	1.48352	471.88	5.14381	471.88	6.95252	471.88	8.12553	471.88	9.30381
471.98	1.48352	471.98	5.14381	471.98	6.95252	471.98	8.12553	471.98	9.30615
472.08	1.48352	472.08	5.136	472.08	6.95252	472.08	8.12553	472.08	9.30615
472.18	1.47375	472.18	5.12428	472.18	6.94276	472.18	8.11577	472.18	9.29639
472.28	1.48157	472.28	5.1321	472.28	6.95057	472.28	8.12358	472.28	9.3042
472.38	1.48352	472.38	5.13405	472.38	6.95252	472.38	8.12553	472.38	9.30615
472.48	1.48352	472.48	5.13405	472.48	6.95252	472.48	8.12553	472.48	9.30615
472.58	1.48352	472.58	5.14577	472.58	6.95252	472.58	8.12553	472.58	9.30615
472.68	1.49524	472.68	5.14577	472.68	6.96229	472.68	8.12553	472.68	9.30615
472.78	1.47766	472.78	5.136	472.78	6.94276	472.78	8.11577	472.78	9.29639
472.88	1.47571	472.88	5.136	472.88	6.94276	472.88	8.11577	472.88	9.29639
472.98	1.47571	472.98	5.136	472.98	6.94276	472.98	8.11577	472.98	9.28662
473.08	1.47571	473.08	5.136	473.08	6.94276	473.08	8.11577	473.08	9.28662
473.18	1.47571	473.18	5.136	473.18	6.94276	473.18	8.11577	473.18	9.28662
473.28	1.48352	473.28	5.14381	473.28	6.94276	473.28	8.12358	473.28	9.29443
473.38	1.48547	473.38	5.14577	473.38	6.94276	473.38	8.11772	473.38	9.29639
473.48	1.48547	473.48	5.14577	473.48	6.94276	473.48	8.106	473.48	9.29639
473.58	1.4679	473.58	5.14577	473.58	6.93299	473.58	8.09624	473.58	9.28662
473.68	1.46594	473.68	5.13795	473.68	6.93299	473.68	8.09624	473.68	9.28662
473.78	1.46594	473.78	5.136	473.78	6.93299	473.78	8.09624	473.78	9.28662
473.88	1.46594	473.88	5.136	473.88	6.93299	473.88	8.09624	473.88	9.28662
473.98	1.46594	473.98	5.136	473.98	6.93299	473.98	8.09624	473.98	9.28662
474.08	1.46594	474.08	5.12624	474.08	6.92323	474.08	8.08647	474.08	9.27686
474.18	1.46594	474.18	5.12624	474.18	6.92323	474.18	8.08647	474.18	9.27686
474.28	1.46594	474.28	5.12624	474.28	6.92323	474.28	8.08647	474.28	9.27686
474.38	1.47375	474.38	5.13405	474.38	6.93104	474.38	8.09428	474.38	9.28467
474.48	1.47571	474.48	5.136	474.48	6.93299	474.48	8.09624	474.48	9.27724
474.58	1.47571	474.58	5.12819	474.58	6.93299	474.58	8.09624	474.58	9.2749
474.68	1.47571	474.68	5.12624	474.68	6.93299	474.68	8.09624	474.68	9.2749
474.78	1.47571	474.78	5.12624	474.78	6.93299	474.78	8.09624	474.78	9.2749
474.88	1.47571	474.88	5.12624	474.88	6.93299	474.88	8.09624	474.88	9.2749
474.98	1.46594	474.98	5.11647	474.98	6.92323	474.98	8.08647	474.98	9.26514
475.08	1.46594	475.08	5.11647	475.08	6.93299	475.08	8.08647	475.08	9.26514
475.18	1.46594	475.18	5.11647	475.18	6.93299	475.18	8.08647	475.18	9.25537
475.28	1.46594	475.28	5.11647	475.28	6.93299	475.28	8.08647	475.28	9.25537
475.38	1.47375	475.38	5.12428	475.38	6.93299	475.38	8.09428	475.38	9.26318
475.48	1.48547	475.48	5.12624	475.48	6.93299	475.48	8.09624	475.48	9.26514
475.58	1.48547	475.58	5.12624	475.58	6.93299	475.58	8.09624	475.58	9.26514
475.68	1.48547	475.68	5.13405	475.68	6.93299	475.68	8.09624	475.68	9.26514
475.78	1.48547	475.78	5.136	475.78	6.93299	475.78	8.09624	475.78	9.25732
475.88	1.48547	475.88	5.12819	475.88	6.93299	475.88	8.09624	475.88	9.25537
475.98	1.4761	475.98	5.12624	475.98	6.93299	475.98	8.09624	475.98	9.25537
476.08	1.47375	476.08	5.12624	476.08	6.93299	476.08	8.09624	476.08	9.25537
476.18	1.47375	476.18	5.12624	476.18	6.93299	476.18	8.09624	476.18	9.25537
476.28	1.48313	476.28	5.13561	476.28	6.94237	476.28	8.10561	476.28	9.26475
476.38	1.48547	476.38	5.13795	476.38	6.94471	476.38	8.10796	476.38	9.26709
476.48	1.48547	476.48	5.12819	476.48	6.93495	476.48	8.09038	476.48	9.25732
476.58	1.48547	476.58	5.12819	476.58	6.93494	476.58	8.08842	476.58	9.25732
476.68	1.48547	476.68	5.12819	476.68	6.93494	476.68	8.08842	476.68	9.25732
476.78	1.47766	476.78	5.12819	476.78	6.93494	476.78	8.08842	476.78	9.25732
476.88	1.47571	476.88	5.12819	476.88	6.92557	476.88	8.08842	476.88	9.25732
476.98	1.47571	476.98	5.12819	476.98	6.92323	476.98	8.08842	476.98	9.24756
477.08	1.47571	477.08	5.12819	477.08	6.93299	477.08	8.08842	477.08	9.24756
477.18	1.47571	477.18	5.12819	477.18	6.93299	477.18	8.08842	477.18	9.24756
477.28	1.46399	477.28	5.11647	477.28	6.92127	477.28	8.07671	477.28	9.23584
477.38	1.46399	477.38	5.11647	477.38	6.92127	477.38	8.07671	477.38	9.23584
477.48	1.47375	477.48	5.11647	477.48	6.92127	477.48	8.07671	477.48	9.23584
477.58	1.48157	477.58	5.12428	477.58	6.92909	477.58	8.08452	477.58	9.24365
477.68	1.48352	477.68	5.12624	477.68	6.93104	477.68	8.08647	477.68	9.24561
477.78	1.48352	477.78	5.12624	477.78	6.93104	477.78	8.08647	477.78	9.24561
477.88	1.47571	477.88	5.12624	477.88	6.93104	477.88	8.08647	477.88	9.24561
477.98	1.47375	477.98	5.12624	477.98	6.93104	477.98	8.08647	477.98	9.24561
478.08	1.47375	478.08	5.12624	478.08	6.93104	478.08	8.08647	478.08	9.24561
478.18	1.47375	478.18	5.12624	478.18	6.93104	478.18	8.08647	478.18	9.24561
478.28	1.48157	478.28	5.13405	478.28	6.93885	478.28	8.09428	478.28	9.25342
478.38	1.48352	478.38	5.136	478.38	6.93299	478.38	8.09624	478.38	9.25537
478.48	1.47375	478.48	5.12624	478.48	6.92128	478.48	8.07866	478.48	9.24561
478.58	1.47375	478.58	5.12624	478.58	6.92127	478.58	8.07671	478.58	9.24561
478.68	1.47375	478.68	5.12624	478.68	6.92127	478.68	8.07671	478.68	9.24561
478.78	1.47375	478.78	5.12624	478.78	6.92127	478.78	8.07671	478.78	9.24561
478.88	1.47571	478.88	5.11842	478.88	6.92127	478.88	8.07671	478.88	9.24561
478.98	1.47375	478.98	5.11647	478.98	6.93299	478.98	8.07671	478.98	9.24561
479.08	1.47375	479.08	5.11647	479.08	6.93299	479.08	8.07671	479.08	9.24561
479.18	1.48157	479.18	5.12428	479.18	6.9408	479.18	8.08452	479.18	9.25342
479.28	1.47375	479.28	5.11647	479.28	6.93299	479.28	8.07671	479.28	9.23779
479.38	1.47375	479.38	5.11647	479.38	6.93299	479.38	8.07671	479.38	9.23584
479.48	1.47375	479.48	5.11647	479.48	6.93299	479.48	8.07671	479.48	9.23584
479.58	1.47375	479.58	5.11647	479.58	6.92518	479.58	8.07671	479.58	9.23584
479.68	1.47375	479.68	5.11647	479.68	6.92323	479.68	8.07671	479.68	9.22412
479.78	1.47375	479.78	5.11647	479.78	6.92323	479.78	8.07671	479.78	9.22412
479.88	1.48157	479.88	5.12428	479.88	6.93104	479.88	8.08452	479.88	9.23193
479.98	1.48352	479.98	5.12624	479.98	6.93299	479.98	8.08647	479.98	9.23389
480.08	1.47375	480.08	5.11647	480.08	6.92323	480.08	8.07671	480.08	9.22412
480.18	1.47375	480.18	5.11647	480.18	6.92323	480.18	8.06889	480.18	9.22412
480.28	1.47375	480.28	5.11647	480.28	6.92323	480.28	8.06694	480.28	9.22412
480.38	1.47375	480.38	5.11647	480.38	6.92323	480.38	8.06694	480.38	9.22412
480.48	1.47375	480.48	5.12624	480.48	6.92323	480.48	8.07671	480.48	9.22412
480.58	1.47375	480.58	5.12624	480.58	6.92323	480.58	8.07671	480.58	9.22412
480.68	1.47375	480.68	5.12624	480.68	6.92323	480.68	8.07671	480.68	9.22412
480.78	1.47375	480.78	5.12624	480.78	6.92323	480.78	8.07671	480.78	9.22412
480.88	1.48157	480.88	5.13405	480.88	6.9408	480.88	8.08452	480.88	9.23193
480.98	1.48352	480.98	5.136	480.98	6.94276	480.98	8.08647	480.98	9.23389
481.08	1.48352	481.08	5.136	481.08	6.94276	481.08	8.08647	481.08	9.23389
481.18	1.48352	481.18	5.136	481.18	6.94276	481.18	8.08647	481.18	9.22412
481.28	1.48352	481.28	5.12663	481.28	6.94275	481.28	8.08647	481.28	9.22412
481.38	1.48352	481.38	5.11452	481.38	6.93299	481.38	8.07671	481.38	9.21436
481.48	1.48352	481.48	5.11452	481.48	6.92518	481.48	8.07671	481.48	9.21436
481.58	1.47571	481.58	5.11452	481.58	6.92323	481.58	8.07671	481.58	9.21436
481.68	1.47375	481.68	5.11452	481.68	6.92323	481.68	8.07671	481.68	9.21436
481.78	1.47375	481.78	5.11452	481.78	6.92323	481.78	8.07671	481.78	9.21436
481.88	1.47375	481.88	5.11452	481.88	6.92323	481.88	8.07671	481.88	9.20654
481.98	1.47375	481.98	5.12428	481.98	6.92323	481.98	8.06889	481.98	9.20459
482.08	1.48157	482.08	5.1321	482.08	6.93104	482.08	8.07475	482.08	9.2124
482.18	1.48352	482.18	5.13405	482.18	6.93299	482.18	8.06694	482.18	9.21436
482.28	1.48352	482.28	5.12624	482.28	6.93299	482.28	8.07671	482.28	9.21436
482.38	1.48352	482.38	5.12428	482.38	6.93299	482.38	8.06694	482.38	9.21436
482.48	1.48352	482.48	5.12428	482.48	6.93299	482.48	8.06694	482.48	9.20459
482.58	1.48352	482.58	5.12428	482.58	6.92518	482.58	8.06694	482.58	9.20459
482.68	1.49329	482.68	5.12428	482.68	6.92323	482.68	8.06694	482.68	9.20459
482.78	1.49329	482.78	5.12428	482.78	6.92323	482.78	8.06694	482.78	9.20459
482.88	1.49329	482.88	5.12428	482.88	6.92323	482.88	8.06694	482.88	9.20459
482.98	1.49329	482.98	5.12428	482.98	6.92323	482.98	8.06694	482.98	9.20459
483.08	1.48547	483.08	5.12428	483.08	6.92323	483.08	8.06694	483.08	9.20459
483.18	1.48352	483.18	5.12428	483.18	6.92323	483.18	8.06694	483.18	9.20459
483.28	1.48352	483.28	5.12428	483.28	6.92323	483.28	8.06694	483.28	9.20459
483.38	1.48352	483.38	5.11647	483.38	6.92518	483.38	8.06694	483.38	9.20459
483.48	1.47375	483.48	5.10475	483.48	6.91346	483.48	8.05717	483.48	9.19482
483.58	1.47375	483.58	5.10475	483.58	6.91346	483.58	8.05717	483.58	9.19482
483.68	1.48547	483.68	5.11452	483.68	6.91346	483.68	8.04936	483.68	9.19482
483.78	1.48547	483.78	5.11452	483.78	6.91346	483.78	8.04741	483.78	9.19482
483.88	1.49329	483.88	5.11256	483.88	6.92127	483.88	8.05522	483.88	9.20264
483.98	1.49524	483.98	5.11452	483.98	6.92322	483.98	8.05717	483.98	9.20459
484.08	1.48743	484.08	5.1067	484.08	6.91541	484.08	8.04936	484.08	9.19678
484.18	1.48547	484.18	5.11452	484.18	6.91346	484.18	8.04741	484.18	9.19482
484.28	1.47766	484.28	5.11452	484.28	6.90565	484.28	8.04741	484.28	9.19482
484.38	1.47571	484.38	5.1067	484.38	6.89393	484.38	8.04741	484.38	9.19482
484.48	1.48352	484.48	5.11256	484.48	6.9115	484.48	8.05522	484.48	9.20264
484.58	1.48547	484.58	5.11452	484.58	6.91346	484.58	8.06694	484.58	9.20459
484.68	1.48547	484.68	5.11452	484.68	6.91346	484.68	8.06694	484.68	9.19678
484.78	1.48547	484.78	5.11452	484.78	6.91346	484.78	8.05913	484.78	9.19482
484.88	1.47571	484.88	5.10475	484.88	6.90369	484.88	8.04741	484.88	9.18506
484.98	1.4679	484.98	5.10475	484.98	6.90369	484.98	8.04741	484.98	9.18506
485.08	1.46594	485.08	5.10475	485.08	6.90369	485.08	8.04741	485.08	9.18506
485.18	1.46594	485.18	5.10475	485.18	6.90369	485.18	8.04741	485.18	9.18506
485.28	1.46594	485.28	5.10475	485.28	6.89393	485.28	8.04741	485.28	9.18506
485.38	1.46594	485.38	5.10475	485.38	6.89393	485.38	8.04741	485.38	9.18506
485.48	1.46594	485.48	5.10475	485.48	6.89393	485.48	8.04741	485.48	9.18506
485.58	1.46594	485.58	5.09694	485.58	6.89393	485.58	8.04741	485.58	9.18506
485.68	1.46594	485.68	5.09499	485.68	6.89393	485.68	8.03803	485.68	9.18506
485.78	1.46594	485.78	5.09499	485.78	6.88612	485.78	8.03569	485.78	9.17725
485.88	1.46594	485.88	5.09499	485.88	6.88416	485.88	8.03569	485.88	9.17529
485.98	1.46594	485.98	5.09499	485.98	6.89393	485.98	8.03569	485.98	9.17529
486.08	1.46594	486.08	5.09499	486.08	6.88416	486.08	8.03569	486.08	9.17529
486.18	1.46594	486.18	5.09499	486.18	6.88416	486.18	8.03569	486.18	9.17529
486.28	1.46594	486.28	5.09499	486.28	6.88416	486.28	8.03569	486.28	9.16553
486.38	1.46594	486.38	5.09499	486.38	6.89393	486.38	8.03569	486.38	9.17529
486.48	1.47375	486.48	5.1028	486.48	6.90174	486.48	8.0435	486.48	9.18311
486.58	1.47571	486.58	5.10475	486.58	6.90369	486.58	8.04546	486.58	9.17529
486.68	1.47571	486.68	5.11452	486.68	6.90369	486.68	8.04546	486.68	9.17529
486.78	1.47571	486.78	5.11452	486.78	6.90369	486.78	8.04546	486.78	9.17529
486.88	1.48547	486.88	5.11452	486.88	6.90369	486.88	8.04546	486.88	9.17529
486.98	1.4679	486.98	5.10475	486.98	6.88612	486.98	8.02788	486.98	9.16553
487.08	1.46594	487.08	5.10475	487.08	6.88416	487.08	8.02592	487.08	9.16553
487.18	1.46594	487.18	5.09694	487.18	6.88416	487.18	8.02592	487.18	9.16553
487.28	1.46594	487.28	5.09499	487.28	6.88416	487.28	8.02592	487.28	9.16553
487.38	1.46594	487.38	5.09499	487.38	6.88416	487.38	8.02592	487.38	9.16553
487.48	1.46594	487.48	5.09499	487.48	6.88416	487.48	8.02592	487.48	9.15771
487.58	1.46594	487.58	5.09499	487.58	6.88416	487.58	8.03569	487.58	9.15576
487.68	1.46594	487.68	5.10475	487.68	6.8744	487.68	8.03569	487.68	9.15576
487.78	1.46594	487.78	5.10475	487.78	6.87439	487.78	8.03569	487.78	9.15576
487.88	1.45618	487.88	5.09499	487.88	6.86463	487.88	8.02592	487.88	9.146
487.98	1.45618	487.98	5.09499	487.98	6.86463	487.98	8.01811	487.98	9.146
488.08	1.45618	488.08	5.08717	488.08	6.85526	488.08	8.01616	488.08	9.146
488.18	1.45618	488.18	5.08522	488.18	6.85291	488.18	8.01616	488.18	9.146
488.28	1.45618	488.28	5.08522	488.28	6.85292	488.28	8.01616	488.28	9.146
488.38	1.46555	488.38	5.0946	488.38	6.87206	488.38	8.02554	488.38	9.15537
488.48	1.4679	488.48	5.09694	488.48	6.86463	488.48	8.02788	488.48	9.15771
488.58	1.4679	488.58	5.09694	488.58	6.8744	488.58	8.02788	488.58	9.15771
488.68	1.47766	488.68	5.09694	488.68	6.8744	488.68	8.02788	488.68	9.15771
488.78	1.47766	488.78	5.09694	488.78	6.86463	488.78	8.02007	488.78	9.15771
488.88	1.47766	488.88	5.09694	488.88	6.86463	488.88	8.01811	488.88	9.15771
488.98	1.47766	488.98	5.09694	488.98	6.86463	488.98	8.01811	488.98	9.15771
489.08	1.47766	489.08	5.09694	489.08	6.86463	489.08	8.01811	489.08	9.14795
489.18	1.46594	489.18	5.08522	489.18	6.86268	489.18	8.00639	489.18	9.13623
489.28	1.46594	489.28	5.08717	489.28	6.86268	489.28	8.00639	489.28	9.12842
489.38	1.46594	489.38	5.08522	489.38	6.86268	489.38	8.00639	489.38	9.13623
489.48	1.45657	489.48	5.08522	489.48	6.85291	489.48	8.00639	489.48	9.13623
489.58	1.4636	489.58	5.08522	489.58	6.85291	489.58	8.00639	489.58	9.12646
489.68	1.45657	489.68	5.08522	489.68	6.8451	489.68	8.00639	489.68	9.13623
489.78	1.45422	489.78	5.07545	489.78	6.84315	489.78	7.98882	489.78	9.12646
489.88	1.45422	489.88	5.07545	489.88	6.83338	489.88	7.98686	489.88	9.12646
489.98	1.45422	489.98	5.07545	489.98	6.83338	489.98	7.99858	489.98	9.12646
490.08	1.45422	490.08	5.06608	490.08	6.83338	490.08	7.98686	490.08	9.12646
490.18	1.45422	490.18	5.06374	490.18	6.83338	490.18	7.98686	490.18	9.1167
490.28	1.46204	490.28	5.07155	490.28	6.84119	490.28	7.99467	490.28	9.12451
490.38	1.46399	490.38	5.0735	490.38	6.84315	490.38	8.00835	490.38	9.12646
490.48	1.46399	490.48	5.0735	490.48	6.84315	490.48	8.00835	490.48	9.12646
490.58	1.46399	490.58	5.0735	490.58	6.84315	490.58	8.00835	490.58	9.11709
490.68	1.46399	490.68	5.0735	490.68	6.84315	490.68	8.00835	490.68	9.11475
490.78	1.46399	490.78	5.08522	490.78	6.83533	490.78	8.00835	490.78	9.11475
490.88	1.46399	490.88	5.08522	490.88	6.83338	490.88	8.00835	490.88	9.11475
490.98	1.46399	490.98	5.08522	490.98	6.83338	490.98	8.00835	490.98	9.11475
491.08	1.46399	491.08	5.08522	491.08	6.83338	491.08	8.00835	491.08	9.11475
491.18	1.45422	491.18	5.07545	491.18	6.82362	491.18	7.99858	491.18	9.10498
491.28	1.45422	491.28	5.06764	491.28	6.82362	491.28	7.99077	491.28	9.10498
491.38	1.46399	491.38	5.06569	491.38	6.82362	491.38	7.98882	491.38	9.10498
491.48	1.46399	491.48	5.06569	491.48	6.82362	491.48	7.98882	491.48	9.10498
491.58	1.45618	491.58	5.06569	491.58	6.82362	491.58	7.98882	491.58	9.10498
491.68	1.45422	491.68	5.06569	491.68	6.82362	491.68	7.98882	491.68	9.10498
491.78	1.46204	491.78	5.0735	491.78	6.84119	491.78	7.99663	491.78	9.11279
491.88	1.46399	491.88	5.07545	491.88	6.84315	491.88	7.99858	491.88	9.11475
491.98	1.46399	491.98	5.06764	491.98	6.84315	491.98	7.99858	491.98	9.10498
492.08	1.46399	492.08	5.06569	492.08	6.83338	492.08	7.99858	492.08	9.10498
492.18	1.46399	492.18	5.06569	492.18	6.83338	492.18	7.98686	492.18	9.10498
492.28	1.46399	492.28	5.06569	492.28	6.83533	492.28	7.98686	492.28	9.10498
492.38	1.46399	492.38	5.06569	492.38	6.83338	492.38	7.98686	492.38	9.11475
492.48	1.46399	492.48	5.06569	492.48	6.82362	492.48	7.97905	492.48	9.11475
492.58	1.47375	492.58	5.06569	492.58	6.82362	492.58	7.9771	492.58	9.10498
492.68	1.47375	492.68	5.06569	492.68	6.83338	492.68	7.9771	492.68	9.11475
492.78	1.46399	492.78	5.05592	492.78	6.81385	492.78	7.96733	492.78	9.10498
492.88	1.46399	492.88	5.05592	492.88	6.81385	492.88	7.96733	492.88	9.0874
492.98	1.46399	492.98	5.05592	492.98	6.81385	492.98	7.96733	492.98	9.09521
493.08	1.46399	493.08	5.05592	493.08	6.81385	493.08	7.96733	493.08	9.08545
493.18	1.4718	493.18	5.06374	493.18	6.82166	493.18	7.97514	493.18	9.09326
493.28	1.48352	493.28	5.06569	493.28	6.82362	493.28	7.9771	493.28	9.09521
493.38	1.48352	493.38	5.05788	493.38	6.83338	493.38	7.96928	493.38	9.09521
493.48	1.48352	493.48	5.05592	493.48	6.83338	493.48	7.96733	493.48	9.09521
493.58	1.48352	493.58	5.06569	493.58	6.83338	493.58	7.96733	493.58	9.09521
493.68	1.48352	493.68	5.06569	493.68	6.83338	493.68	7.96733	493.68	9.09521
493.78	1.47375	493.78	5.05592	493.78	6.82362	493.78	7.95757	493.78	9.08545
493.88	1.47375	493.88	5.05592	493.88	6.82362	493.88	7.95757	493.88	9.08545
493.98	1.46594	493.98	5.05592	493.98	6.8158	493.98	7.95757	493.98	9.08545
494.08	1.46399	494.08	5.05592	494.08	6.81385	494.08	7.95757	494.08	9.08545
494.18	1.46399	494.18	5.05592	494.18	6.81385	494.18	7.95757	494.18	9.08545
494.28	1.46399	494.28	5.05592	494.28	6.81385	494.28	7.95757	494.28	9.08545
494.38	1.4718	494.38	5.06374	494.38	6.82166	494.38	7.96538	494.38	9.09326
494.48	1.47375	494.48	5.06569	494.48	6.82362	494.48	7.96733	494.48	9.09521
494.58	1.48352	494.58	5.06569	494.58	6.82361	494.58	7.96733	494.58	9.10498
494.68	1.47375	494.68	5.05592	494.68	6.81385	494.68	7.95757	494.68	9.09521
494.78	1.47375	494.78	5.05592	494.78	6.81385	494.78	7.95757	494.78	9.09521
494.88	1.47375	494.88	5.05592	494.88	6.82362	494.88	7.95757	494.88	9.09521
494.98	1.47375	494.98	5.06569	494.98	6.8158	494.98	7.95757	494.98	9.09521
495.08	1.47375	495.08	5.06569	495.08	6.81385	495.08	7.95757	495.08	9.09521
495.18	1.46399	495.18	5.04811	495.18	6.80409	495.18	7.9478	495.18	9.07764
495.28	1.46399	495.28	5.05397	495.28	6.80408	495.28	7.9478	495.28	9.07568
495.38	1.46399	495.38	5.05592	495.38	6.80409	495.38	7.93842	495.38	9.07568
495.48	1.4718	495.48	5.05592	495.48	6.81189	495.48	7.94389	495.48	9.0835
495.58	1.47375	495.58	5.05592	495.58	6.81385	495.58	7.95757	495.58	9.08545
495.68	1.47375	495.68	5.05592	495.68	6.81385	495.68	7.95757	495.68	9.08545
495.78	1.47375	495.78	5.05592	495.78	6.81385	495.78	7.95757	495.78	9.08545
495.88	1.47375	495.88	5.05592	495.88	6.81385	495.88	7.95757	495.88	9.08545
495.98	1.47375	495.98	5.06569	495.98	6.81385	495.98	7.95757	495.98	9.08545
496.08	1.47375	496.08	5.06569	496.08	6.81385	496.08	7.95757	496.08	9.08545
496.18	1.47375	496.18	5.06569	496.18	6.81385	496.18	7.95757	496.18	9.08545
496.28	1.48157	496.28	5.0735	496.28	6.82166	496.28	7.96538	496.28	9.09326
496.38	1.49524	496.38	5.06764	496.38	6.83338	496.38	7.96733	496.38	9.09521
496.48	1.49524	496.48	5.06569	496.48	6.83338	496.48	7.96733	496.48	9.09521
496.58	1.48547	496.58	5.05592	496.58	6.82362	496.58	7.95757	496.58	9.07764
496.68	1.48547	496.68	5.05592	496.68	6.82362	496.68	7.95757	496.68	9.07568
496.78	1.48547	496.78	5.05592	496.78	6.82362	496.78	7.95757	496.78	9.07568
496.88	1.48547	496.88	5.05592	496.88	6.82362	496.88	7.95757	496.88	9.07568
496.98	1.48547	496.98	5.06569	496.98	6.8158	496.98	7.95757	496.98	9.07568
497.08	1.48547	497.08	5.06569	497.08	6.81385	497.08	7.95757	497.08	9.07568
497.18	1.49329	497.18	5.0735	497.18	6.82166	497.18	7.96538	497.18	9.0835
497.28	1.49524	497.28	5.06764	497.28	6.82361	497.28	7.95952	497.28	9.08545
497.38	1.48352	497.38	5.05397	497.38	6.8119	497.38	7.94585	497.38	9.07373
497.48	1.47571	497.48	5.05397	497.48	6.8119	497.48	7.94585	497.48	9.07373
497.58	1.48352	497.58	5.05397	497.58	6.8119	497.58	7.94585	497.58	9.07373
497.68	1.48352	497.68	5.05397	497.68	6.82166	497.68	7.94585	497.68	9.07373
497.78	1.48352	497.78	5.06374	497.78	6.82166	497.78	7.94585	497.78	9.07373
497.88	1.48352	497.88	5.06374	497.88	6.82166	497.88	7.94585	497.88	9.07373
497.98	1.48352	497.98	5.05592	497.98	6.82166	497.98	7.94585	497.98	9.07373
498.08	1.48352	498.08	5.05397	498.08	6.82166	498.08	7.94585	498.08	9.07373
498.18	1.49329	498.18	5.05397	498.18	6.82166	498.18	7.94585	498.18	9.07373
498.28	1.50266	498.28	5.06335	498.28	6.83104	498.28	7.95522	498.28	9.08311
498.38	1.505	498.38	5.06569	498.38	6.83338	498.38	7.95757	498.38	9.08545
498.48	1.505	498.48	5.06569	498.48	6.83338	498.48	7.95757	498.48	9.08545
498.58	1.48743	498.58	5.05592	498.58	6.82362	498.58	7.9478	498.58	9.07568
498.68	1.48547	498.68	5.06569	498.68	6.83338	498.68	7.93999	498.68	9.07568
498.78	1.48547	498.78	5.06569	498.78	6.83338	498.78	7.93803	498.78	9.07568
498.88	1.48547	498.88	5.06569	498.88	6.82557	498.88	7.93803	498.88	9.07568
498.98	1.49524	498.98	5.05631	498.98	6.82362	498.98	7.93803	498.98	9.07568
499.08	1.49524	499.08	5.05397	499.08	6.82362	499.08	7.93803	499.08	9.07568
499.18	1.49524	499.18	5.05397	499.18	6.82362	499.18	7.93803	499.18	9.07568
499.28	1.49524	499.28	5.05397	499.28	6.82362	499.28	7.93803	499.28	9.07568
499.38	1.49524	499.38	5.05397	499.38	6.82362	499.38	7.93803	499.38	9.07568
499.48	1.49524	499.48	5.05397	499.48	6.82362	499.48	7.93803	499.48	9.07568
499.58	1.47766	499.58	5.0442	499.58	6.81385	499.58	7.92827	499.58	9.06592
499.68	1.47571	499.68	5.0442	499.68	6.81385	499.68	7.92827	499.68	9.06592
499.78	1.47571	499.78	5.0442	499.78	6.81385	499.78	7.92827	499.78	9.06592
499.88	1.47571	499.88	5.05397	499.88	6.81385	499.88	7.92827	499.88	9.06592
499.98	1.48547	499.98	5.05397	499.98	6.82362	499.98	7.92827	499.98	9.06592
500.08	1.48547	500.08	5.04616	500.08	6.81385	500.08	7.92827	500.08	9.06592
500.18	1.48547	500.18	5.0442	500.18	6.82362	500.18	7.92046	500.18	9.06592
500.28	1.48547	500.28	5.0442	500.28	6.82362	500.28	7.9185	500.28	9.06592
500.38	1.49329	500.38	5.05202	500.38	6.82205	500.38	7.92632	500.38	9.07373
500.48	1.48743	500.48	5.05397	500.48	6.82166	500.48	7.92827	500.48	9.07568
500.58	1.48547	500.58	5.06569	500.58	6.82166	500.58	7.92827	500.58	9.07568
500.68	1.48547	500.68	5.06569	500.68	6.82166	500.68	7.92827	500.68	9.07568
500.78	1.48547	500.78	5.05788	500.78	6.82166	500.78	7.92827	500.78	9.07568
500.88	1.48547	500.88	5.05592	500.88	6.82166	500.88	7.92827	500.88	9.07568
500.98	1.48547	500.98	5.05592	500.98	6.82166	500.98	7.92827	500.98	9.06787
501.08	1.48547	501.08	5.05592	501.08	6.82166	501.08	7.92827	501.08	9.06592
501.18	1.48547	501.18	5.05592	501.18	6.82166	501.18	7.91655	501.18	9.06592
501.28	1.48547	501.28	5.05592	501.28	6.82166	501.28	7.92827	501.28	9.06592
501.38	1.48547	501.38	5.05592	501.38	6.82166	501.38	7.92827	501.38	9.06592
501.48	1.48547	501.48	5.04811	501.48	6.82166	501.48	7.92827	501.48	9.06592
501.58	1.48547	501.58	5.04616	501.58	6.81385	501.58	7.92827	501.58	9.05615
501.68	1.48547	501.68	5.04616	501.68	6.8119	501.68	7.92827	501.68	9.06592
501.78	1.48547	501.78	5.05592	501.78	6.82362	501.78	7.90874	501.78	9.06592
501.88	1.50305	501.88	5.06374	501.88	6.83143	501.88	7.9146	501.88	9.07373
501.98	1.49719	501.98	5.05788	501.98	6.82557	501.98	7.90874	501.98	9.05811
502.08	1.49524	502.08	5.05592	502.08	6.82361	502.08	7.90678	502.08	9.05615
502.18	1.48547	502.18	5.04616	502.18	6.81385	502.18	7.90874	502.18	9.04639
502.28	1.48547	502.28	5.05397	502.28	6.82166	502.28	7.91655	502.28	9.0542
502.38	1.47766	502.38	5.04811	502.38	6.81581	502.38	7.91069	502.38	9.04834
502.48	1.48352	502.48	5.05397	502.48	6.82166	502.48	7.91655	502.48	9.0542
502.58	1.48547	502.58	5.05592	502.58	6.82361	502.58	7.9185	502.58	9.05615
502.68	1.47766	502.68	5.05788	502.68	6.81581	502.68	7.91069	502.68	9.04834
502.78	1.48352	502.78	5.06374	502.78	6.82166	502.78	7.91655	502.78	9.0542
502.88	1.48547	502.88	5.06569	502.88	6.82362	502.88	7.9185	502.88	9.05615
502.98	1.48547	502.98	5.05788	502.98	6.82362	502.98	7.9185	502.98	9.05615
503.08	1.48547	503.08	5.05592	503.08	6.82362	503.08	7.91069	503.08	9.05615
503.18	1.48547	503.18	5.05592	503.18	6.82362	503.18	7.90874	503.18	9.05615
503.28	1.48547	503.28	5.05592	503.28	6.82361	503.28	7.90874	503.28	9.05615
503.38	1.47571	503.38	5.04616	503.38	6.81385	503.38	7.89897	503.38	9.04639
503.48	1.47571	503.48	5.04616	503.48	6.81385	503.48	7.89897	503.48	9.04639
503.58	1.48547	503.58	5.04616	503.58	6.80604	503.58	7.89897	503.58	9.04639
503.68	1.48547	503.68	5.05592	503.68	6.80408	503.68	7.89897	503.68	9.03857
503.78	1.48547	503.78	5.05592	503.78	6.80408	503.78	7.89897	503.78	9.03662
503.88	1.48547	503.88	5.05592	503.88	6.80408	503.88	7.89897	503.88	9.03662
503.98	1.48547	503.98	5.05592	503.98	6.80408	503.98	7.89897	503.98	9.03662
504.08	1.48547	504.08	5.05592	504.08	6.80409	504.08	7.89897	504.08	9.03662
504.18	1.49329	504.18	5.06374	504.18	6.82166	504.18	7.90678	504.18	9.04443
504.28	1.48586	504.28	5.06569	504.28	6.8158	504.28	7.90874	504.28	9.04639
504.38	1.48352	504.38	5.06569	504.38	6.81385	504.38	7.90092	504.38	9.04639
504.48	1.48352	504.48	5.05788	504.48	6.81385	504.48	7.89897	504.48	9.04639
504.58	1.48352	504.58	5.05592	504.58	6.81385	504.58	7.89897	504.58	9.04639
504.68	1.49329	504.68	5.05592	504.68	6.81385	504.68	7.89897	504.68	9.04639
504.78	1.49329	504.78	5.05592	504.78	6.80408	504.78	7.90874	504.78	9.04639
504.88	1.49329	504.88	5.05592	504.88	6.80408	504.88	7.89897	504.88	9.04639
504.98	1.49329	504.98	5.05592	504.98	6.80408	504.98	7.90874	504.98	9.04639
505.08	1.49329	505.08	5.05592	505.08	6.81385	505.08	7.90874	505.08	9.04639
505.18	1.49329	505.18	5.05592	505.18	6.80604	505.18	7.90874	505.18	9.04639
505.28	1.49329	505.28	5.06569	505.28	6.80408	505.28	7.90874	505.28	9.04639
505.38	1.49329	505.38	5.06569	505.38	6.80408	505.38	7.90874	505.38	9.04639
505.48	1.49329	505.48	5.06569	505.48	6.80408	505.48	7.90874	505.48	9.04639
505.58	1.49329	505.58	5.06569	505.58	6.80408	505.58	7.90874	505.58	9.04639
505.68	1.49329	505.68	5.06569	505.68	6.80408	505.68	7.90092	505.68	9.04639
505.78	1.48547	505.78	5.06569	505.78	6.80408	505.78	7.89897	505.78	9.03857
505.88	1.48352	505.88	5.06569	505.88	6.80408	505.88	7.89897	505.88	9.03662
505.98	1.48352	505.98	5.05788	505.98	6.80408	505.98	7.89897	505.98	9.03662
506.08	1.48352	506.08	5.05592	506.08	6.80408	506.08	7.89897	506.08	9.03662
506.18	1.47375	506.18	5.04616	506.18	6.79432	506.18	7.88921	506.18	9.02686
506.28	1.49133	506.28	5.05397	506.28	6.80213	506.28	7.89702	506.28	9.03467
506.38	1.49329	506.38	5.05592	506.38	6.80408	506.38	7.89897	506.38	9.03662
506.48	1.48547	506.48	5.05788	506.48	6.79627	506.48	7.89116	506.48	9.02881
506.58	1.47375	506.58	5.05592	506.58	6.79432	506.58	7.88921	506.58	9.02686
506.68	1.47375	506.68	5.05592	506.68	6.79432	506.68	7.88921	506.68	9.02686
506.78	1.48352	506.78	5.05592	506.78	6.79432	506.78	7.88921	506.78	9.02686
506.88	1.48352	506.88	5.05592	506.88	6.79432	506.88	7.88139	506.88	9.02686
506.98	1.48352	506.98	5.05592	506.98	6.79432	506.98	7.87944	506.98	9.02686
507.08	1.49133	507.08	5.06374	507.08	6.80213	507.08	7.88725	507.08	9.03467
507.18	1.49329	507.18	5.05788	507.18	6.79432	507.18	7.88921	507.18	9.03662
507.28	1.49329	507.28	5.05592	507.28	6.79432	507.28	7.88921	507.28	9.03662
507.38	1.48547	507.38	5.05592	507.38	6.79432	507.38	7.88921	507.38	9.03662
507.48	1.49133	507.48	5.05592	507.48	6.79432	507.48	7.88921	507.48	9.03662
507.58	1.48547	507.58	5.05592	507.58	6.7865	507.58	7.88921	507.58	9.02881
507.68	1.47375	507.68	5.04616	507.68	6.77479	507.68	7.87944	507.68	9.01709
507.78	1.48547	507.78	5.04616	507.78	6.77479	507.78	7.87944	507.78	9.01709
507.88	1.48547	507.88	5.04616	507.88	6.77479	507.88	7.87944	507.88	9.01709
507.98	1.48547	507.98	5.04616	507.98	6.77479	507.98	7.86967	507.98	9.01709
508.08	1.48547	508.08	5.04616	508.08	6.77479	508.08	7.86967	508.08	9.01709
508.18	1.48547	508.18	5.04616	508.18	6.77479	508.18	7.87944	508.18	9.01709
508.28	1.48547	508.28	5.04616	508.28	6.77479	508.28	7.87944	508.28	9.01709
508.38	1.48547	508.38	5.04616	508.38	6.77479	508.38	7.87944	508.38	9.01709
508.48	1.48547	508.48	5.04616	508.48	6.77479	508.48	7.87944	508.48	9.01709
508.58	1.48547	508.58	5.04616	508.58	6.77479	508.58	7.87944	508.58	9.01709
508.68	1.48547	508.68	5.04616	508.68	6.77479	508.68	7.87944	508.68	9.01709
508.78	1.48547	508.78	5.02858	508.78	6.75721	508.78	7.86967	508.78	9.00732
508.88	1.48547	508.88	5.02663	508.88	6.75526	508.88	7.86967	508.88	9.00732
508.98	1.47766	508.98	5.02663	508.98	6.75526	508.98	7.86967	508.98	9.00732
509.08	1.47571	509.08	5.02663	509.08	6.75526	509.08	7.86967	509.08	9.00732
509.18	1.47571	509.18	5.02663	509.18	6.75526	509.18	7.8603	509.18	9.00732
509.28	1.47571	509.28	5.02663	509.28	6.75526	509.28	7.85796	509.28	9.00732
509.38	1.47571	509.38	5.02663	509.38	6.75526	509.38	7.85796	509.38	8.99756
509.48	1.48352	509.48	5.03444	509.48	6.76307	509.48	7.86577	509.48	9.00537
509.58	1.48547	509.58	5.03639	509.58	6.76502	509.58	7.86772	509.58	8.99795
509.68	1.48547	509.68	5.04616	509.68	6.76502	509.68	7.86772	509.68	8.99561
509.78	1.48547	509.78	5.04616	509.78	6.76502	509.78	7.86772	509.78	8.99561
509.88	1.47375	509.88	5.03444	509.88	6.7533	509.88	7.856	509.88	8.98389
509.98	1.47375	509.98	5.03444	509.98	6.7533	509.98	7.856	509.98	8.98389
510.08	1.47375	510.08	5.03444	510.08	6.7533	510.08	7.856	510.08	8.98389
510.18	1.46594	510.18	5.03444	510.18	6.7533	510.18	7.856	510.18	8.98389
510.28	1.4718	510.28	5.04225	510.28	6.76112	510.28	7.86382	510.28	8.9917
510.38	1.47375	510.38	5.0442	510.38	6.76307	510.38	7.86577	510.38	8.99365
510.48	1.47375	510.48	5.0442	510.48	6.76307	510.48	7.86577	510.48	8.99365
510.58	1.47375	510.58	5.0442	510.58	6.75135	510.58	7.86577	510.58	8.99365
510.68	1.47375	510.68	5.0442	510.68	6.75135	510.68	7.86577	510.68	8.99365
510.78	1.47375	510.78	5.0442	510.78	6.74354	510.78	7.86577	510.78	8.99365
510.88	1.47375	510.88	5.0442	510.88	6.74158	510.88	7.86577	510.88	8.99365
510.98	1.46399	510.98	5.03444	510.98	6.73182	510.98	7.856	510.98	8.98389
511.08	1.46399	511.08	5.03444	511.08	6.74354	511.08	7.856	511.08	8.98389
511.18	1.46399	511.18	5.03444	511.18	6.73182	511.18	7.856	511.18	8.97412
511.28	1.46399	511.28	5.03444	511.28	6.73182	511.28	7.84819	511.28	8.97412
511.38	1.46399	511.38	5.03444	511.38	6.73182	511.38	7.84624	511.38	8.97412
511.48	1.46399	511.48	5.02506	511.48	6.74354	511.48	7.84624	511.48	8.97412
511.58	1.46399	511.58	5.02272	511.58	6.73182	511.58	7.84624	511.58	8.97412
511.68	1.46399	511.68	5.02272	511.68	6.73182	511.68	7.84624	511.68	8.97412
511.78	1.4718	511.78	5.03053	511.78	6.73963	511.78	7.85405	511.78	8.97412
511.88	1.47375	511.88	5.03249	511.88	6.7533	511.88	7.856	511.88	8.97412
511.98	1.46399	511.98	5.02272	511.98	6.73182	511.98	7.84624	511.98	8.96436
512.08	1.46399	512.08	5.02272	512.08	6.73182	512.08	7.84624	512.08	8.96436
512.18	1.46399	512.18	5.02272	512.18	6.73182	512.18	7.84624	512.18	8.96436
512.28	1.46399	512.28	5.02272	512.28	6.73182	512.28	7.84624	512.28	8.96436
512.38	1.46399	512.38	5.03249	512.38	6.73182	512.38	7.84624	512.38	8.96436
512.48	1.46399	512.48	5.03249	512.48	6.73182	512.48	7.84624	512.48	8.96436
512.58	1.46399	512.58	5.03249	512.58	6.73181	512.58	7.84624	512.58	8.96436
512.68	1.44641	512.68	5.02272	512.68	6.72206	512.68	7.83647	512.68	8.95459
512.78	1.44446	512.78	5.02272	512.78	6.72205	512.78	7.83647	512.78	8.94482
512.88	1.45383	512.88	5.0321	512.88	6.73143	512.88	7.84585	512.88	8.9542
512.98	1.45618	512.98	5.03444	512.98	6.73377	512.98	7.84819	512.98	8.95654
513.08	1.45618	513.08	5.03444	513.08	6.73377	513.08	7.84819	513.08	8.95654
513.18	1.45618	513.18	5.03444	513.18	6.73377	513.18	7.84819	513.18	8.95654
513.28	1.45618	513.28	5.03444	513.28	6.73377	513.28	7.84819	513.28	8.95654
513.38	1.45618	513.38	5.03444	513.38	6.73377	513.38	7.84819	513.38	8.95654
513.48	1.45618	513.48	5.02467	513.48	6.72401	513.48	7.83842	513.48	8.94678
513.58	1.45618	513.58	5.02467	513.58	6.72401	513.58	7.83842	513.58	8.94678
513.68	1.45618	513.68	5.02467	513.68	6.72401	513.68	7.83842	513.68	8.94678
513.78	1.45618	513.78	5.02467	513.78	6.71463	513.78	7.83842	513.78	8.94678
513.88	1.45618	513.88	5.02467	513.88	6.71229	513.88	7.83842	513.88	8.94678
513.98	1.45618	513.98	5.02467	513.98	6.71229	513.98	7.83842	513.98	8.94678
514.08	1.45618	514.08	5.02467	514.08	6.71229	514.08	7.83842	514.08	8.94678
514.18	1.45422	514.18	5.03249	514.18	6.71034	514.18	7.83647	514.18	8.93701
514.28	1.45618	514.28	5.03444	514.28	6.71229	514.28	7.83061	514.28	8.93701
514.38	1.45618	514.38	5.03444	514.38	6.71229	514.38	7.82866	514.38	8.93701
514.48	1.45618	514.48	5.03444	514.48	6.71229	514.48	7.82866	514.48	8.93701
514.58	1.45618	514.58	5.03444	514.58	6.71229	514.58	7.82866	514.58	8.93701
514.68	1.45618	514.68	5.03444	514.68	6.71229	514.68	7.82866	514.68	8.92529
514.78	1.45618	514.78	5.03444	514.78	6.70448	514.78	7.82866	514.78	8.92529
514.88	1.45618	514.88	5.02663	514.88	6.70252	514.88	7.82866	514.88	8.92529
514.98	1.45618	514.98	5.02467	514.98	6.70252	514.98	7.82866	514.98	8.92529
515.08	1.45618	515.08	5.02467	515.08	6.71425	515.08	7.82866	515.08	8.92529
515.18	1.46399	515.18	5.03249	515.18	6.72205	515.18	7.83647	515.18	8.93311
515.28	1.47571	515.28	5.03444	515.28	6.72401	515.28	7.82866	515.28	8.93506
515.38	1.4679	515.38	5.03444	515.38	6.71229	515.38	7.82866	515.38	8.93506
515.48	1.45618	515.48	5.02467	515.48	6.70252	515.48	7.81889	515.48	8.92529
515.58	1.45618	515.58	5.02467	515.58	6.70252	515.58	7.81889	515.58	8.92529
515.68	1.45618	515.68	5.02467	515.68	6.70252	515.68	7.81889	515.68	8.92529
515.78	1.45618	515.78	5.02467	515.78	6.70252	515.78	7.81889	515.78	8.92529
515.88	1.45618	515.88	5.02467	515.88	6.71424	515.88	7.81889	515.88	8.92529
515.98	1.45618	515.98	5.01686	515.98	6.71424	515.98	7.81889	515.98	8.92529
516.08	1.45618	516.08	5.01491	516.08	6.71424	516.08	7.81889	516.08	8.92529
516.18	1.45422	516.18	5.02467	516.18	6.71229	516.18	7.81694	516.18	8.92334
516.28	1.45618	516.28	5.02663	516.28	6.71424	516.28	7.81889	516.28	8.91748
516.38	1.45618	516.38	5.02663	516.38	6.71424	516.38	7.81889	516.38	8.91553
516.48	1.46594	516.48	5.02663	516.48	6.71424	516.48	7.81889	516.48	8.91553
516.58	1.46594	516.58	5.02663	516.58	6.71424	516.58	7.81889	516.58	8.91553
516.68	1.46594	516.68	5.02663	516.68	6.71424	516.68	7.81889	516.68	8.91553
516.78	1.46594	516.78	5.02663	516.78	6.71424	516.78	7.81889	516.78	8.91553
516.88	1.46594	516.88	5.02663	516.88	6.71424	516.88	7.81889	516.88	8.91553
516.98	1.45813	516.98	5.01881	516.98	6.71424	516.98	7.81889	516.98	8.91553
517.08	1.45422	517.08	5.01491	517.08	6.71229	517.08	7.81694	517.08	8.91357
517.18	1.45618	517.18	5.02663	517.18	6.71424	517.18	7.81889	517.18	8.90576
517.28	1.45618	517.28	5.02663	517.28	6.71424	517.28	7.81108	517.28	8.90576
517.38	1.45618	517.38	5.02663	517.38	6.71424	517.38	7.80913	517.38	8.90576
517.48	1.45618	517.48	5.02663	517.48	6.71424	517.48	7.80913	517.48	8.90576
517.58	1.46594	517.58	5.02663	517.58	6.71424	517.58	7.80913	517.58	8.90576
517.68	1.46594	517.68	5.02663	517.68	6.71424	517.68	7.80913	517.68	8.90576
517.78	1.46594	517.78	5.02663	517.78	6.71424	517.78	7.80913	517.78	8.90576
517.88	1.45422	517.88	5.01491	517.88	6.70252	517.88	7.79741	517.88	8.89404
517.98	1.45422	517.98	5.01491	517.98	6.70252	517.98	7.79741	517.98	8.89404
518.08	1.45422	518.08	5.0071	518.08	6.70252	518.08	7.79741	518.08	8.89404
518.18	1.45422	518.18	5.00514	518.18	6.69471	518.18	7.79741	518.18	8.89404
518.28	1.44485	518.28	5.00514	518.28	6.69276	518.28	7.79741	518.28	8.89404
518.38	1.45032	518.38	5.01295	518.38	6.70057	518.38	7.80522	518.38	8.90186
518.48	1.45227	518.48	5.01491	518.48	6.70252	518.48	7.78764	518.48	8.90381
518.58	1.45227	518.58	5.00514	518.58	6.69276	518.58	7.78374	518.58	8.89404
518.68	1.45227	518.68	5.00514	518.68	6.69276	518.68	7.77788	518.68	8.88623
518.78	1.45227	518.78	4.99733	518.78	6.69276	518.78	7.77592	518.78	8.88428
518.88	1.45227	518.88	4.99538	518.88	6.69276	518.88	7.77592	518.88	8.88428
518.98	1.45227	518.98	4.99538	518.98	6.69276	518.98	7.77592	518.98	8.88428
519.08	1.46008	519.08	5.00319	519.08	6.70057	519.08	7.78374	519.08	8.89209
519.18	1.45422	519.18	5.00514	519.18	6.70252	519.18	7.78569	519.18	8.88428
519.28	1.45227	519.28	5.00514	519.28	6.70252	519.28	7.78569	519.28	8.88428
519.38	1.4425	519.38	4.99538	519.38	6.69276	519.38	7.77592	519.38	8.87451
519.48	1.4425	519.48	4.99538	519.48	6.69276	519.48	7.77592	519.48	8.87451
519.58	1.4425	519.58	4.99538	519.58	6.69276	519.58	7.77592	519.58	8.87451
519.68	1.45032	519.68	5.00319	519.68	6.70056	519.68	7.78374	519.68	8.88232
519.78	1.45227	519.78	5.00514	519.78	6.70252	519.78	7.78569	519.78	8.88428
519.88	1.45227	519.88	5.01491	519.88	6.70252	519.88	7.78569	519.88	8.88428
519.98	1.45227	519.98	5.0071	519.98	6.69471	519.98	7.79741	519.98	8.88428
520.08	1.45227	520.08	5.00514	520.08	6.69276	520.08	7.7896	520.08	8.88428
520.18	1.44446	520.18	5.00514	520.18	6.69276	520.18	7.78764	520.18	8.88428
520.28	1.4425	520.28	5.00514	520.28	6.69276	520.28	7.78764	520.28	8.88428
520.38	1.46008	520.38	5.01295	520.38	6.70057	520.38	7.78374	520.38	8.88428
520.48	1.45227	520.48	5.00514	520.48	6.69276	520.48	7.77592	520.48	8.87451
520.58	1.45227	520.58	5.00514	520.58	6.69276	520.58	7.77592	520.58	8.87451
520.68	1.45227	520.68	5.00514	520.68	6.69276	520.68	7.77592	520.68	8.87451
520.78	1.45227	520.78	5.00514	520.78	6.69276	520.78	7.77592	520.78	8.87451
520.88	1.45227	520.88	5.00514	520.88	6.69276	520.88	7.77592	520.88	8.87451
520.98	1.45227	520.98	5.00514	520.98	6.69276	520.98	7.77592	520.98	8.87451
521.08	1.46165	521.08	5.01452	521.08	6.70213	521.08	7.7853	521.08	8.88389
521.18	1.45422	521.18	5.0071	521.18	6.69471	521.18	7.7896	521.18	8.87646
521.28	1.45422	521.28	5.0071	521.28	6.69471	521.28	7.77788	521.28	8.87646
521.38	1.45422	521.38	5.0071	521.38	6.69471	521.38	7.77007	521.38	8.86865
521.48	1.45422	521.48	4.99928	521.48	6.69471	521.48	7.77983	521.48	8.8667
521.58	1.45422	521.58	4.99733	521.58	6.69471	521.58	7.77983	521.58	8.8667
521.68	1.45813	521.68	4.99733	521.68	6.69471	521.68	7.77983	521.68	8.8667
521.78	1.46399	521.78	5.01491	521.78	6.70252	521.78	7.78764	521.78	8.87451
521.88	1.46594	521.88	5.01686	521.88	6.70448	521.88	7.7896	521.88	8.87646
521.98	1.46594	521.98	5.01686	521.98	6.69666	521.98	7.7896	521.98	8.87646
522.08	1.46594	522.08	5.01686	522.08	6.70448	522.08	7.7896	522.08	8.87646
522.18	1.46594	522.18	5.01686	522.18	6.70448	522.18	7.7896	522.18	8.87646
522.28	1.46594	522.28	5.01686	522.28	6.70448	522.28	7.7896	522.28	8.87646
522.38	1.46594	522.38	5.01686	522.38	6.70448	522.38	7.7896	522.38	8.87646
522.48	1.47571	522.48	5.01686	522.48	6.70448	522.48	7.7896	522.48	8.87646
522.58	1.48352	522.58	5.02467	522.58	6.71228	522.58	7.79741	522.58	8.87451
522.68	1.47571	522.68	5.01686	522.68	6.70448	522.68	7.7896	522.68	8.87646
522.78	1.47571	522.78	5.01686	522.78	6.70448	522.78	7.7896	522.78	8.86865
522.88	1.47571	522.88	5.01686	522.88	6.70448	522.88	7.7896	522.88	8.8667
522.98	1.47571	522.98	5.00748	522.98	6.70448	522.98	7.7896	522.98	8.8667
523.08	1.4679	523.08	5.00514	523.08	6.70448	523.08	7.7896	523.08	8.8667
523.18	1.46594	523.18	5.01491	523.18	6.69666	523.18	7.7896	523.18	8.8667
523.28	1.46594	523.28	5.01491	523.28	6.69471	523.28	7.78178	523.28	8.8667
523.38	1.46594	523.38	5.01491	523.38	6.69471	523.38	7.78764	523.38	8.85889
523.48	1.47571	523.48	5.01491	523.48	6.69471	523.48	7.78178	523.48	8.84717
523.58	1.47571	523.58	5.01491	523.58	6.69471	523.58	7.77983	523.58	8.84717
523.68	1.47571	523.68	5.01491	523.68	6.69471	523.68	7.77983	523.68	8.84717
523.78	1.47375	523.78	5.01295	523.78	6.69276	523.78	7.77788	523.78	8.84521
523.88	1.47571	523.88	5.01491	523.88	6.69471	523.88	7.77983	523.88	8.84717
523.98	1.47571	523.98	5.01491	523.98	6.69471	523.98	7.77983	523.98	8.84717
524.08	1.47571	524.08	5.01491	524.08	6.69471	524.08	7.77983	524.08	8.84717
524.18	1.48547	524.18	5.01491	524.18	6.69471	524.18	7.77983	524.18	8.84717
524.28	1.48547	524.28	5.01491	524.28	6.69471	524.28	7.77983	524.28	8.84717
524.38	1.47766	524.38	5.01491	524.38	6.69471	524.38	7.77983	524.38	8.83779
524.48	1.47571	524.48	5.01491	524.48	6.69471	524.48	7.77983	524.48	8.83545
524.58	1.47571	524.58	5.01491	524.58	6.69471	524.58	7.77983	524.58	8.83545
524.68	1.48352	524.68	5.02272	524.68	6.69471	524.68	7.78764	524.68	8.84326
524.78	1.47571	524.78	5.01491	524.78	6.69471	524.78	7.77983	524.78	8.83545
524.88	1.48547	524.88	5.0071	524.88	6.69471	524.88	7.77983	524.88	8.83545
524.98	1.48547	524.98	5.00514	524.98	6.69471	524.98	7.77045	524.98	8.83545
525.08	1.48547	525.08	5.00514	525.08	6.69471	525.08	7.76811	525.08	8.84521
525.18	1.48547	525.18	5.00514	525.18	6.69471	525.18	7.76811	525.18	8.84521
525.28	1.48547	525.28	5.00514	525.28	6.69471	525.28	7.76811	525.28	8.8374
525.38	1.48547	525.38	5.00514	525.38	6.69471	525.38	7.76811	525.38	8.83545
525.48	1.49329	525.48	5.01295	525.48	6.70252	525.48	7.77592	525.48	8.84326
525.58	1.49524	525.58	5.01491	525.58	6.70447	525.58	7.77788	525.58	8.84521
525.68	1.48352	525.68	5.00319	525.68	6.69276	525.68	7.76616	525.68	8.8335
525.78	1.48352	525.78	5.00319	525.78	6.69276	525.78	7.76616	525.78	8.8335
525.88	1.47571	525.88	5.00319	525.88	6.69276	525.88	7.76616	525.88	8.8335
525.98	1.47375	525.98	5.00319	525.98	6.69276	525.98	7.76616	525.98	8.8335
526.08	1.47375	526.08	5.00319	526.08	6.69276	526.08	7.76616	526.08	8.8335
526.18	1.47375	526.18	4.99538	526.18	6.69276	526.18	7.76616	526.18	8.8335
526.28	1.47375	526.28	4.99342	526.28	6.69276	526.28	7.76616	526.28	8.8335
526.38	1.47375	526.38	4.99342	526.38	6.69276	526.38	7.76616	526.38	8.8335
526.48	1.48157	526.48	5.011	526.48	6.70057	526.48	7.77397	526.48	8.83154
526.58	1.48352	526.58	5.01295	526.58	6.70252	526.58	7.77592	526.58	8.8335
526.68	1.49329	526.68	5.01295	526.68	6.70252	526.68	7.77592	526.68	8.8335
526.78	1.48352	526.78	5.00319	526.78	6.69276	526.78	7.75835	526.78	8.81592
526.88	1.48352	526.88	5.00319	526.88	6.69276	526.88	7.75639	526.88	8.81396
526.98	1.48352	526.98	5.00319	526.98	6.69276	526.98	7.75639	526.98	8.82373
527.08	1.48352	527.08	5.00319	527.08	6.68494	527.08	7.75639	527.08	8.82373
527.18	1.48352	527.18	5.00319	527.18	6.68299	527.18	7.75639	527.18	8.81396
527.28	1.48352	527.28	5.00319	527.28	6.69276	527.28	7.75639	527.28	8.81396
527.38	1.47375	527.38	4.99342	527.38	6.67323	527.38	7.74663	527.38	8.8042
527.48	1.47375	527.48	5.00319	527.48	6.68299	527.48	7.74663	527.48	8.8042
527.58	1.46594	527.58	5.00319	527.58	6.683	527.58	7.74663	527.58	8.8042
527.68	1.4718	527.68	5.011	527.68	6.6908	527.68	7.75444	527.68	8.81201
527.78	1.48157	527.78	5.01295	527.78	6.69276	527.78	7.75639	527.78	8.81396
527.88	1.48352	527.88	5.00319	527.88	6.69276	527.88	7.75639	527.88	8.80615
527.98	1.48352	527.98	5.00319	527.98	6.69276	527.98	7.75639	527.98	8.8042
528.08	1.47571	528.08	5.00319	528.08	6.69276	528.08	7.74858	528.08	8.8042
528.18	1.47375	528.18	5.00319	528.18	6.68494	528.18	7.74663	528.18	8.8042
528.28	1.47375	528.28	5.00319	528.28	6.68299	528.28	7.74663	528.28	8.8042
528.38	1.46399	528.38	5.00319	528.38	6.67323	528.38	7.73686	528.38	8.79443
528.48	1.46399	528.48	4.99538	528.48	6.67323	528.48	7.73686	528.48	8.79443
528.58	1.46399	528.58	4.98366	528.58	6.67323	528.58	7.73686	528.58	8.79443
528.68	1.47375	528.68	4.98366	528.68	6.67323	528.68	7.73686	528.68	8.79443
528.78	1.47375	528.78	4.98366	528.78	6.67323	528.78	7.73686	528.78	8.79443
528.88	1.47375	528.88	4.98366	528.88	6.67323	528.88	7.73686	528.88	8.79443
528.98	1.47375	528.98	4.98366	528.98	6.67323	528.98	7.73686	528.98	8.79443
529.08	1.48313	529.08	5.0028	529.08	6.6826	529.08	7.74624	529.08	8.796
529.18	1.47571	529.18	4.99538	529.18	6.68495	529.18	7.73882	529.18	8.78662
529.28	1.47571	529.28	4.99538	529.28	6.68494	529.28	7.73882	529.28	8.78662
529.38	1.47571	529.38	4.99538	529.38	6.68494	529.38	7.73882	529.38	8.78662
529.48	1.47571	529.48	4.99538	529.48	6.68494	529.48	7.73882	529.48	8.78662
529.58	1.47571	529.58	4.99538	529.58	6.68494	529.58	7.731	529.58	8.78662
529.68	1.47571	529.68	4.99538	529.68	6.67557	529.68	7.72905	529.68	8.78662
529.78	1.48352	529.78	5.00319	529.78	6.68104	529.78	7.73686	529.78	8.79443
529.88	1.47571	529.88	4.99538	529.88	6.67323	529.88	7.72905	529.88	8.78662
529.98	1.47571	529.98	4.99538	529.98	6.67323	529.98	7.72905	529.98	8.78662
530.08	1.47571	530.08	4.99538	530.08	6.67323	530.08	7.72905	530.08	8.78662
530.18	1.47571	530.18	4.99538	530.18	6.67323	530.18	7.72905	530.18	8.78662
530.28	1.47571	530.28	4.99538	530.28	6.67323	530.28	7.72905	530.28	8.78662
530.38	1.47571	530.38	4.99538	530.38	6.68299	530.38	7.72905	530.38	8.77881
530.48	1.48352	530.48	5.00319	530.48	6.68104	530.48	7.73686	530.48	8.78467
530.58	1.48547	530.58	5.00514	530.58	6.69276	530.58	7.73882	530.58	8.78662
530.68	1.48547	530.68	5.00514	530.68	6.69276	530.68	7.73882	530.68	8.77686
530.78	1.47571	530.78	4.99538	530.78	6.68299	530.78	7.72905	530.78	8.76709
530.88	1.47571	530.88	4.99538	530.88	6.68299	530.88	7.72905	530.88	8.76709
530.98	1.47571	530.98	4.99538	530.98	6.67518	530.98	7.72905	530.98	8.76709
531.08	1.47571	531.08	4.99538	531.08	6.67323	531.08	7.72905	531.08	8.76709
531.18	1.47571	531.18	5.00514	531.18	6.67323	531.18	7.72905	531.18	8.76709
531.28	1.47571	531.28	5.00514	531.28	6.67323	531.28	7.72905	531.28	8.76709
531.38	1.47571	531.38	5.00514	531.38	6.67323	531.38	7.72905	531.38	8.76709
531.48	1.46594	531.48	4.99538	531.48	6.66346	531.48	7.71928	531.48	8.75732
531.58	1.45813	531.58	4.99538	531.58	6.66346	531.58	7.71928	531.58	8.75732
531.68	1.46399	531.68	4.99538	531.68	6.66346	531.68	7.71928	531.68	8.75732
531.78	1.46594	531.78	5.00319	531.78	6.67127	531.78	7.71928	531.78	8.76514
531.88	1.47571	531.88	5.00514	531.88	6.66541	531.88	7.71928	531.88	8.76709
531.98	1.47571	531.98	5.00514	531.98	6.66346	531.98	7.7271	531.98	8.76709
532.08	1.47571	532.08	5.00514	532.08	6.66346	532.08	7.72905	532.08	8.75732
532.18	1.47571	532.18	5.00514	532.18	6.66346	532.18	7.72124	532.18	8.74951
532.28	1.47571	532.28	5.00514	532.28	6.66346	532.28	7.71928	532.28	8.74756
532.38	1.47571	532.38	4.99733	532.38	6.66346	532.38	7.71928	532.38	8.74756
532.48	1.47571	532.48	4.99538	532.48	6.66346	532.48	7.71928	532.48	8.74756
532.58	1.47571	532.58	4.99538	532.58	6.66346	532.58	7.71928	532.58	8.74756
532.68	1.47571	532.68	4.99538	532.68	6.66346	532.68	7.71928	532.68	8.74756
532.78	1.47571	532.78	4.99538	532.78	6.66346	532.78	7.71928	532.78	8.74756
532.88	1.47571	532.88	4.99538	532.88	6.65565	532.88	7.71928	532.88	8.74756
532.98	1.46399	532.98	4.98366	532.98	6.64198	532.98	7.70757	532.98	8.73584
533.08	1.46399	533.08	4.98366	533.08	6.64198	533.08	7.70757	533.08	8.73584
533.18	1.46399	533.18	4.99538	533.18	6.64198	533.18	7.70757	533.18	8.73584
533.28	1.46399	533.28	4.98366	533.28	6.65174	533.28	7.70757	533.28	8.73584
533.38	1.46399	533.38	4.98366	533.38	6.64198	533.38	7.70757	533.38	8.73584
533.48	1.4718	533.48	5.00319	533.48	6.64979	533.48	7.71538	533.48	8.74365
533.58	1.47375	533.58	5.00514	533.58	6.66151	533.58	7.71733	533.58	8.73584
533.68	1.47375	533.68	5.00514	533.68	6.65369	533.68	7.71733	533.68	8.73584
533.78	1.47375	533.78	5.00514	533.78	6.65174	533.78	7.71733	533.78	8.73584
533.88	1.47375	533.88	4.99342	533.88	6.65174	533.88	7.70561	533.88	8.73584
533.98	1.46399	533.98	4.99342	533.98	6.65174	533.98	7.70561	533.98	8.73584
534.08	1.4718	534.08	4.99342	534.08	6.65174	534.08	7.70561	534.08	8.73584
534.18	1.47375	534.18	4.99342	534.18	6.65174	534.18	7.70561	534.18	8.73584
534.28	1.46399	534.28	4.98366	534.28	6.64198	534.28	7.69585	534.28	8.72607
534.38	1.46399	534.38	4.98366	534.38	6.64198	534.38	7.69585	534.38	8.72607
534.48	1.46399	534.48	4.98366	534.48	6.64198	534.48	7.69585	534.48	8.72607
534.58	1.46399	534.58	4.98366	534.58	6.64198	534.58	7.69585	534.58	8.72607
534.68	1.46399	534.68	4.98366	534.68	6.64198	534.68	7.69585	534.68	8.72607
534.78	1.46399	534.78	4.98366	534.78	6.64198	534.78	7.69585	534.78	8.72607
534.88	1.4718	534.88	4.99147	534.88	6.64979	534.88	7.70366	534.88	8.73389
534.98	1.46594	534.98	4.99342	534.98	6.65174	534.98	7.6978	534.98	8.73584
535.08	1.4718	535.08	4.99342	535.08	6.65174	535.08	7.69585	535.08	8.73584
535.18	1.45618	535.18	4.99538	535.18	6.63417	535.18	7.68608	535.18	8.72607
535.28	1.45422	535.28	4.99538	535.28	6.63221	535.28	7.68608	535.28	8.72607
535.38	1.45422	535.38	4.99538	535.38	6.63221	535.38	7.68608	535.38	8.72607
535.48	1.45422	535.48	4.99538	535.48	6.63221	535.48	7.68608	535.48	8.72607
535.58	1.45422	535.58	4.99538	535.58	6.63221	535.58	7.68608	535.58	8.72607
535.68	1.45422	535.68	4.99538	535.68	6.63221	535.68	7.68608	535.68	8.71631
535.78	1.45422	535.78	4.99538	535.78	6.63221	535.78	7.68608	535.78	8.71631
535.88	1.46204	535.88	5.00319	535.88	6.64002	535.88	7.69389	535.88	8.72412
535.98	1.46399	535.98	5.00514	535.98	6.64198	535.98	7.69585	535.98	8.72607
536.08	1.45422	536.08	4.99538	536.08	6.63221	536.08	7.68608	536.08	8.71631
536.18	1.45422	536.18	4.99538	536.18	6.6244	536.18	7.68608	536.18	8.71631
536.28	1.45422	536.28	4.99538	536.28	6.62244	536.28	7.68608	536.28	8.71631
536.38	1.45422	536.38	4.99538	536.38	6.62244	536.38	7.68608	536.38	8.71631
536.48	1.45422	536.48	4.99538	536.48	6.62244	536.48	7.68608	536.48	8.71631
536.58	1.45422	536.58	4.98756	536.58	6.62244	536.58	7.68608	536.58	8.71631
536.68	1.45422	536.68	4.98561	536.68	6.62244	536.68	7.67827	536.68	8.71631
536.78	1.45422	536.78	4.98561	536.78	6.63221	536.78	7.67632	536.78	8.71631
536.88	1.45422	536.88	4.98561	536.88	6.62244	536.88	7.67632	536.88	8.71631
536.98	1.45422	536.98	4.99538	536.98	6.62244	536.98	7.67632	536.98	8.71631
537.08	1.45422	537.08	4.99538	537.08	6.63221	537.08	7.67632	537.08	8.71631
537.18	1.45422	537.18	4.99538	537.18	6.63221	537.18	7.67632	537.18	8.71631
537.28	1.45422	537.28	4.99538	537.28	6.6244	537.28	7.67632	537.28	8.71631
537.38	1.45422	537.38	4.99538	537.38	6.62244	537.38	7.67632	537.38	8.71631
537.48	1.46204	537.48	5.00319	537.48	6.63026	537.48	7.68413	537.48	8.72412
537.58	1.46399	537.58	5.00514	537.58	6.63221	537.58	7.68608	537.58	8.72607
537.68	1.47375	537.68	5.00514	537.68	6.63221	537.68	7.68608	537.68	8.72607
537.78	1.47375	537.78	5.00514	537.78	6.63221	537.78	7.68608	537.78	8.72607
537.88	1.46399	537.88	4.99538	537.88	6.62244	537.88	7.67632	537.88	8.71631
537.98	1.46399	537.98	4.98561	537.98	6.62244	537.98	7.6685	537.98	8.71631
538.08	1.46399	538.08	4.98561	538.08	6.62244	538.08	7.66655	538.08	8.71631
538.18	1.46399	538.18	4.99538	538.18	6.62244	538.18	7.66655	538.18	8.7085
538.28	1.46399	538.28	4.98561	538.28	6.62244	538.28	7.66655	538.28	8.70654
538.38	1.46399	538.38	4.98561	538.38	6.61268	538.38	7.66655	538.38	8.70654
538.48	1.46399	538.48	4.98561	538.48	6.6033	538.48	7.66655	538.48	8.70654
538.58	1.46399	538.58	4.98561	538.58	6.60096	538.58	7.65678	538.58	8.70654
538.68	1.46399	538.68	4.98561	538.68	6.60096	538.68	7.65678	538.68	8.70654
538.78	1.46399	538.78	4.98561	538.78	6.60096	538.78	7.65678	538.78	8.70654
538.88	1.47337	538.88	4.99499	538.88	6.6201	538.88	7.67593	538.88	8.71592
538.98	1.46633	538.98	4.99733	538.98	6.62244	538.98	7.67827	538.98	8.71826
539.08	1.46399	539.08	4.99733	539.08	6.62244	539.08	7.67827	539.08	8.71826
539.18	1.46399	539.18	4.99733	539.18	6.62244	539.18	7.67827	539.18	8.71826
539.28	1.46399	539.28	4.99733	539.28	6.62244	539.28	7.67827	539.28	8.71826
539.38	1.46399	539.38	4.99733	539.38	6.62244	539.38	7.67827	539.38	8.71826
539.48	1.46399	539.48	4.98561	539.48	6.62244	539.48	7.67827	539.48	8.71826
539.58	1.46399	539.58	4.98561	539.58	6.62244	539.58	7.67827	539.58	8.71826
539.68	1.46399	539.68	4.98561	539.68	6.62244	539.68	7.67827	539.68	8.71826
539.78	1.47337	539.78	4.98561	539.78	6.62244	539.78	7.67827	539.78	8.71826
539.88	1.46633	539.88	4.98561	539.88	6.62244	539.88	7.67827	539.88	8.71826
539.98	1.45422	539.98	4.97585	539.98	6.61268	539.98	7.65913	539.98	8.7085
540.08	1.45422	540.08	4.97585	540.08	6.60487	540.08	7.64702	540.08	8.7085
540.18	1.46594	540.18	4.97585	540.18	6.60291	540.18	7.64702	540.18	8.7085
540.28	1.46594	540.28	4.97585	540.28	6.60291	540.28	7.64702	540.28	8.69912
540.38	1.46594	540.38	4.98756	540.38	6.60291	540.38	7.64702	540.38	8.69678
540.48	1.47532	540.48	4.98756	540.48	6.60291	540.48	7.64702	540.48	8.69678
540.58	1.46828	540.58	4.98756	540.58	6.60291	540.58	7.64702	540.58	8.69678
540.68	1.46594	540.68	4.98756	540.68	6.60291	540.68	7.64702	540.68	8.69678
540.78	1.46594	540.78	4.98756	540.78	6.60291	540.78	7.64702	540.78	8.69678
540.88	1.46594	540.88	4.98756	540.88	6.60291	540.88	7.64702	540.88	8.69678
540.98	1.46594	540.98	4.98756	540.98	6.60291	540.98	7.64702	540.98	8.69678
541.08	1.46594	541.08	4.98756	541.08	6.60291	541.08	7.64702	541.08	8.69678
541.18	1.46594	541.18	4.97585	541.18	6.60291	541.18	7.64702	541.18	8.69678
541.28	1.46594	541.28	4.97585	541.28	6.60291	541.28	7.64702	541.28	8.69678
541.38	1.47375	541.38	4.98366	541.38	6.61073	541.38	7.65483	541.38	8.70459
541.48	1.47571	541.48	4.98561	541.48	6.61268	541.48	7.65678	541.48	8.69482
541.58	1.47571	541.58	4.98561	541.58	6.61268	541.58	7.65678	541.58	8.69482
541.68	1.47571	541.68	4.98561	541.68	6.61268	541.68	7.65678	541.68	8.69482
541.78	1.46594	541.78	4.97585	541.78	6.60291	541.78	7.64702	541.78	8.68506
541.88	1.46594	541.88	4.97585	541.88	6.59315	541.88	7.64702	541.88	8.68506
541.98	1.46594	541.98	4.97585	541.98	6.59315	541.98	7.64702	541.98	8.67725
542.08	1.46594	542.08	4.97585	542.08	6.59315	542.08	7.65678	542.08	8.68701
542.18	1.46594	542.18	4.97585	542.18	6.59315	542.18	7.65678	542.18	8.67529
542.28	1.46594	542.28	4.97585	542.28	6.58533	542.28	7.65678	542.28	8.67529
542.38	1.46594	542.38	4.97585	542.38	6.59119	542.38	7.65678	542.38	8.67529
542.48	1.47571	542.48	4.97585	542.48	6.59315	542.48	7.65678	542.48	8.67529
542.58	1.47571	542.58	4.97585	542.58	6.59315	542.58	7.65678	542.58	8.67529
542.68	1.47571	542.68	4.97585	542.68	6.59315	542.68	7.65678	542.68	8.67529
542.78	1.47571	542.78	4.97585	542.78	6.58533	542.78	7.65678	542.78	8.68701
542.88	1.47571	542.88	4.97585	542.88	6.58338	542.88	7.65678	542.88	8.68701
542.98	1.47571	542.98	4.97585	542.98	6.58338	542.98	7.65678	542.98	8.68701
543.08	1.47571	543.08	4.97585	543.08	6.58338	543.08	7.65678	543.08	8.68701
543.18	1.47571	543.18	4.97585	543.18	6.58338	543.18	7.64897	543.18	8.68701
543.28	1.47571	543.28	4.97585	543.28	6.58338	543.28	7.64702	543.28	8.68701
543.38	1.47571	543.38	4.97585	543.38	6.58338	543.38	7.64702	543.38	8.68701
543.48	1.47571	543.48	4.97585	543.48	6.58338	543.48	7.63725	543.48	8.6792
543.58	1.47571	543.58	4.97585	543.58	6.58338	543.58	7.63725	543.58	8.67725
543.68	1.47571	543.68	4.96803	543.68	6.58338	543.68	7.63725	543.68	8.67725
543.78	1.47571	543.78	4.96608	543.78	6.58338	543.78	7.63725	543.78	8.67725
543.88	1.47571	543.88	4.96608	543.88	6.58338	543.88	7.63725	543.88	8.67725
543.98	1.48547	543.98	4.96608	543.98	6.58338	543.98	7.63725	543.98	8.67725
544.08	1.48547	544.08	4.96608	544.08	6.58338	544.08	7.63725	544.08	8.67725
544.18	1.48547	544.18	4.96608	544.18	6.58338	544.18	7.63725	544.18	8.67725
544.28	1.48547	544.28	4.96608	544.28	6.58338	544.28	7.63725	544.28	8.67725
544.38	1.48352	544.38	4.96413	544.38	6.58143	544.38	7.6353	544.38	8.67529
544.48	1.47766	544.48	4.95827	544.48	6.57557	544.48	7.62944	544.48	8.66943
544.58	1.47571	544.58	4.95631	544.58	6.57362	544.58	7.62749	544.58	8.65967
544.68	1.4679	544.68	4.95631	544.68	6.57362	544.68	7.61967	544.68	8.65771
544.78	1.46594	544.78	4.95631	544.78	6.57362	544.78	7.61772	544.78	8.65771
544.88	1.46594	544.88	4.95631	544.88	6.58338	544.88	7.61772	544.88	8.65771
544.98	1.46594	544.98	4.95631	544.98	6.58338	544.98	7.61772	544.98	8.65771
545.08	1.46594	545.08	4.95631	545.08	6.57362	545.08	7.61772	545.08	8.65771
545.18	1.46594	545.18	4.95631	545.18	6.58338	545.18	7.61772	545.18	8.65771
545.28	1.46594	545.28	4.95631	545.28	6.57362	545.28	7.61772	545.28	8.65771
545.38	1.47571	545.38	4.96803	545.38	6.58338	545.38	7.61772	545.38	8.65771
545.48	1.47571	545.48	4.96803	545.48	6.58338	545.48	7.61772	545.48	8.6499
545.58	1.46594	545.58	4.95827	545.58	6.57362	545.58	7.60796	545.58	8.63818
545.68	1.46594	545.68	4.95045	545.68	6.57362	545.68	7.60796	545.68	8.64795
545.78	1.46594	545.78	4.9485	545.78	6.57362	545.78	7.60796	545.78	8.64795
545.88	1.47375	545.88	4.95631	545.88	6.58143	545.88	7.61577	545.88	8.65576
545.98	1.4679	545.98	4.95827	545.98	6.58338	545.98	7.61772	545.98	8.65771
546.08	1.47571	546.08	4.95827	546.08	6.58338	546.08	7.61772	546.08	8.65771
546.18	1.47571	546.18	4.95827	546.18	6.58338	546.18	7.61772	546.18	8.6499
546.28	1.47571	546.28	4.95827	546.28	6.58338	546.28	7.61772	546.28	8.64795
546.38	1.47571	546.38	4.95827	546.38	6.58338	546.38	7.60991	546.38	8.64795
546.48	1.47571	546.48	4.95827	546.48	6.58338	546.48	7.60796	546.48	8.63818
546.58	1.47571	546.58	4.95827	546.58	6.58338	546.58	7.60796	546.58	8.63818
546.68	1.47571	546.68	4.96803	546.68	6.58338	546.68	7.60796	546.68	8.63818
546.78	1.47571	546.78	4.95827	546.78	6.58338	546.78	7.60796	546.78	8.63818
546.88	1.47571	546.88	4.94889	546.88	6.58338	546.88	7.60796	546.88	8.63818
546.98	1.48547	546.98	4.94655	546.98	6.58338	546.98	7.60796	546.98	8.63818
547.08	1.4679	547.08	4.94655	547.08	6.58338	547.08	7.60796	547.08	8.63818
547.18	1.47571	547.18	4.94655	547.18	6.58338	547.18	7.59819	547.18	8.63818
547.28	1.47571	547.28	4.94655	547.28	6.58338	547.28	7.59819	547.28	8.63818
547.38	1.47571	547.38	4.94655	547.38	6.58338	547.38	7.59819	547.38	8.63818
547.48	1.47571	547.48	4.94655	547.48	6.58338	547.48	7.59819	547.48	8.64795
547.58	1.47571	547.58	4.94655	547.58	6.58338	547.58	7.59819	547.58	8.63818
547.68	1.47571	547.68	4.94655	547.68	6.58338	547.68	7.59819	547.68	8.63818
547.78	1.47571	547.78	4.94655	547.78	6.57557	547.78	7.59819	547.78	8.63818
547.88	1.47571	547.88	4.94655	547.88	6.56385	547.88	7.59819	547.88	8.63037
547.98	1.48547	547.98	4.94655	547.98	6.57362	547.98	7.59819	547.98	8.62842
548.08	1.48547	548.08	4.94655	548.08	6.57362	548.08	7.59819	548.08	8.62842
548.18	1.47766	548.18	4.94655	548.18	6.56385	548.18	7.59819	548.18	8.62842
548.28	1.47571	548.28	4.94655	548.28	6.56385	548.28	7.59819	548.28	8.62842
548.38	1.47571	548.38	4.94655	548.38	6.56385	548.38	7.59819	548.38	8.62842
548.48	1.47571	548.48	4.94655	548.48	6.56385	548.48	7.59819	548.48	8.62842
548.58	1.46399	548.58	4.93483	548.58	6.55213	548.58	7.58647	548.58	8.6167
548.68	1.46399	548.68	4.93483	548.68	6.55213	548.68	7.58647	548.68	8.6167
548.78	1.47375	548.78	4.93483	548.78	6.55213	548.78	7.58647	548.78	8.6167
548.88	1.47375	548.88	4.92702	548.88	6.55213	548.88	7.58647	548.88	8.6167
548.98	1.47375	548.98	4.92506	548.98	6.55213	548.98	7.58647	548.98	8.60889
549.08	1.47375	549.08	4.92506	549.08	6.55213	549.08	7.58647	549.08	8.60693
549.18	1.47375	549.18	4.92506	549.18	6.55213	549.18	7.58647	549.18	8.60693
549.28	1.47375	549.28	4.92506	549.28	6.55213	549.28	7.58647	549.28	8.60693
549.38	1.47375	549.38	4.92506	549.38	6.55213	549.38	7.58647	549.38	8.60693
549.48	1.47375	549.48	4.92506	549.48	6.55213	549.48	7.58647	549.48	8.60693
549.58	1.47375	549.58	4.92506	549.58	6.55213	549.58	7.58647	549.58	8.60693
549.68	1.47375	549.68	4.92506	549.68	6.55213	549.68	7.58647	549.68	8.60693
549.78	1.46594	549.78	4.92506	549.78	6.55213	549.78	7.58647	549.78	8.60693
549.88	1.46399	549.88	4.92506	549.88	6.55213	549.88	7.58647	549.88	8.60693
549.98	1.46399	549.98	4.92506	549.98	6.55213	549.98	7.58647	549.98	8.60693
550.08	1.46399	550.08	4.92506	550.08	6.55213	550.08	7.58647	550.08	8.60693
550.18	1.46399	550.18	4.92506	550.18	6.55213	550.18	7.58647	550.18	8.60693
550.28	1.46399	550.28	4.91725	550.28	6.55213	550.28	7.58647	550.28	8.59521
550.38	1.45422	550.38	4.90553	550.38	6.54237	550.38	7.57671	550.38	8.59717
550.48	1.45422	550.48	4.90553	550.48	6.54237	550.48	7.57671	550.48	8.59717
550.58	1.45422	550.58	4.9153	550.58	6.54237	550.58	7.57671	550.58	8.59717
550.68	1.45422	550.68	4.9153	550.68	6.54237	550.68	7.57671	550.68	8.59717
550.78	1.45422	550.78	4.9153	550.78	6.54237	550.78	7.57671	550.78	8.59717
550.88	1.45422	550.88	4.9153	550.88	6.54237	550.88	7.57671	550.88	8.59717
550.98	1.45422	550.98	4.9153	550.98	6.54237	550.98	7.57671	550.98	8.58545
551.08	1.45422	551.08	4.9153	551.08	6.54237	551.08	7.57671	551.08	8.58545
551.18	1.45422	551.18	4.9153	551.18	6.54237	551.18	7.57671	551.18	8.57607
551.28	1.46399	551.28	4.90749	551.28	6.54237	551.28	7.57671	551.28	8.57373
551.38	1.45422	551.38	4.90553	551.38	6.54237	551.38	7.57671	551.38	8.57373
551.48	1.46399	551.48	4.90553	551.48	6.54237	551.48	7.57671	551.48	8.57373
551.58	1.45422	551.58	4.89577	551.58	6.52284	551.58	7.56694	551.58	8.56396
551.68	1.46399	551.68	4.90553	551.68	6.53259	551.68	7.57671	551.68	8.57373
551.78	1.45618	551.78	4.90553	551.78	6.5326	551.78	7.56694	551.78	8.57373
551.88	1.45422	551.88	4.9153	551.88	6.5326	551.88	7.56694	551.88	8.57373
551.98	1.45227	551.98	4.91335	551.98	6.53065	551.98	7.56499	551.98	8.57178
552.08	1.45422	552.08	4.90749	552.08	6.5326	552.08	7.56694	552.08	8.57373
552.18	1.45422	552.18	4.90553	552.18	6.5326	552.18	7.56694	552.18	8.56396
552.28	1.45422	552.28	4.90553	552.28	6.5326	552.28	7.56694	552.28	8.56396
552.38	1.45422	552.38	4.90553	552.38	6.5326	552.38	7.56694	552.38	8.56396
552.48	1.45422	552.48	4.90553	552.48	6.5326	552.48	7.56694	552.48	8.56396
552.58	1.45422	552.58	4.90553	552.58	6.5326	552.58	7.56694	552.58	8.56396
552.68	1.45422	552.68	4.90553	552.68	6.5326	552.68	7.56694	552.68	8.56396
552.78	1.45422	552.78	4.90553	552.78	6.5326	552.78	7.56694	552.78	8.56396
552.88	1.45422	552.88	4.90553	552.88	6.5326	552.88	7.56694	552.88	8.56396
552.98	1.44641	552.98	4.90553	552.98	6.5326	552.98	7.56694	552.98	8.56396
553.08	1.44446	553.08	4.90553	553.08	6.5326	553.08	7.56694	553.08	8.56396
553.18	1.44446	553.18	4.90553	553.18	6.5326	553.18	7.56694	553.18	8.56396
553.28	1.44446	553.28	4.90749	553.28	6.5326	553.28	7.56694	553.28	8.56396
553.38	1.44446	553.38	4.90553	553.38	6.5326	553.38	7.56694	553.38	8.56396
553.48	1.44446	553.48	4.90553	553.48	6.5326	553.48	7.56694	553.48	8.56396
553.58	1.44446	553.58	4.90553	553.58	6.5326	553.58	7.56694	553.58	8.56396
553.68	1.44446	553.68	4.90553	553.68	6.5326	553.68	7.56694	553.68	8.5542
553.78	1.44641	553.78	4.89577	553.78	6.52283	553.78	7.55717	553.78	8.54443
553.88	1.45422	553.88	4.90358	553.88	6.52283	553.88	7.56499	553.88	8.55225
553.98	1.45618	553.98	4.90553	553.98	6.52283	553.98	7.56694	553.98	8.5542
554.08	1.45618	554.08	4.90553	554.08	6.52283	554.08	7.55717	554.08	8.5542
554.18	1.45618	554.18	4.90553	554.18	6.52283	554.18	7.55717	554.18	8.5542
554.28	1.4468	554.28	4.90553	554.28	6.52283	554.28	7.54936	554.28	8.5542
554.38	1.44446	554.38	4.89772	554.38	6.52283	554.38	7.54741	554.38	8.5542
554.48	1.44446	554.48	4.89577	554.48	6.52283	554.48	7.55522	554.48	8.5542
554.58	1.44446	554.58	4.89577	554.58	6.52283	554.58	7.55717	554.58	8.5542
554.68	1.44446	554.68	4.89577	554.68	6.52283	554.68	7.55717	554.68	8.5542
554.78	1.44446	554.78	4.89577	554.78	6.52283	554.78	7.55717	554.78	8.5542
554.88	1.44446	554.88	4.89577	554.88	6.52283	554.88	7.56694	554.88	8.5542
554.98	1.44446	554.98	4.90553	554.98	6.52283	554.98	7.55717	554.98	8.5542
555.08	1.44446	555.08	4.90553	555.08	6.52283	555.08	7.54936	555.08	8.5542
555.18	1.43469	555.18	4.89577	555.18	6.51307	555.18	7.55522	555.18	8.54443
555.28	1.4425	555.28	4.89577	555.28	6.52088	555.28	7.55522	555.28	8.54248
555.38	1.44446	555.38	4.89577	555.38	6.52283	555.38	7.55717	555.38	8.54443
555.48	1.44446	555.48	4.89577	555.48	6.52283	555.48	7.56694	555.48	8.54443
555.58	1.45422	555.58	4.89577	555.58	6.52283	555.58	7.55717	555.58	8.54443
555.68	1.44641	555.68	4.89577	555.68	6.52283	555.68	7.56694	555.68	8.54443
555.78	1.44446	555.78	4.89577	555.78	6.52283	555.78	7.56694	555.78	8.54443
555.88	1.44446	555.88	4.89577	555.88	6.52283	555.88	7.56694	555.88	8.55381
555.98	1.44446	555.98	4.89577	555.98	6.52283	555.98	7.56694	555.98	8.55615
556.08	1.44446	556.08	4.89577	556.08	6.52283	556.08	7.56694	556.08	8.55615
556.18	1.44446	556.18	4.89577	556.18	6.52283	556.18	7.56694	556.18	8.55615
556.28	1.44446	556.28	4.90553	556.28	6.52283	556.28	7.56694	556.28	8.55615
556.38	1.44446	556.38	4.89772	556.38	6.52283	556.38	7.56694	556.38	8.54678
556.48	1.45227	556.48	4.90358	556.48	6.54041	556.48	7.57475	556.48	8.55225
556.58	1.45422	556.58	4.90553	556.58	6.53455	556.58	7.57671	556.58	8.5542
556.68	1.45422	556.68	4.90553	556.68	6.5326	556.68	7.57671	556.68	8.56358
556.78	1.46399	556.78	4.90553	556.78	6.5326	556.78	7.57671	556.78	8.56592
556.88	1.46399	556.88	4.90553	556.88	6.5326	556.88	7.57671	556.88	8.56592
556.98	1.46399	556.98	4.90553	556.98	6.5326	556.98	7.57671	556.98	8.56592
557.08	1.46399	557.08	4.90553	557.08	6.5326	557.08	7.57671	557.08	8.56592
557.18	1.45618	557.18	4.90553	557.18	6.5326	557.18	7.57671	557.18	8.56592
557.28	1.46204	557.28	4.91335	557.28	6.54041	557.28	7.58452	557.28	8.56396
557.38	1.45618	557.38	4.89811	557.38	6.53455	557.38	7.57866	557.38	8.55811
557.48	1.45227	557.48	4.89186	557.48	6.53065	557.48	7.57475	557.48	8.5542
557.58	1.45422	557.58	4.89381	557.58	6.5326	557.58	7.56694	557.58	8.55615
557.68	1.45422	557.68	4.88405	557.68	6.5326	557.68	7.56694	557.68	8.55615
557.78	1.45422	557.78	4.88405	557.78	6.5326	557.78	7.56694	557.78	8.55615
557.88	1.45422	557.88	4.88405	557.88	6.5326	557.88	7.57671	557.88	8.55615
557.98	1.45422	557.98	4.88405	557.98	6.5326	557.98	7.57671	557.98	8.55615
558.08	1.45422	558.08	4.88405	558.08	6.52479	558.08	7.57671	558.08	8.55615
558.18	1.44641	558.18	4.89381	558.18	6.52283	558.18	7.57671	558.18	8.55615
558.28	1.44446	558.28	4.89381	558.28	6.52283	558.28	7.57671	558.28	8.55615
558.38	1.44446	558.38	4.89381	558.38	6.52283	558.38	7.57671	558.38	8.55615
558.48	1.44446	558.48	4.89381	558.48	6.52283	558.48	7.56694	558.48	8.55615
558.58	1.44446	558.58	4.89381	558.58	6.52283	558.58	7.56694	558.58	8.55615
558.68	1.44446	558.68	4.89381	558.68	6.52283	558.68	7.56694	558.68	8.55615
558.78	1.44446	558.78	4.89381	558.78	6.52283	558.78	7.56694	558.78	8.55615
558.88	1.44446	558.88	4.89381	558.88	6.52283	558.88	7.56694	558.88	8.55615
558.98	1.45422	558.98	4.89381	558.98	6.52283	558.98	7.56694	558.98	8.55615
559.08	1.45422	559.08	4.886	559.08	6.52283	559.08	7.55913	559.08	8.54639
559.18	1.45422	559.18	4.88405	559.18	6.52283	559.18	7.56499	559.18	8.54639
559.28	1.45422	559.28	4.88405	559.28	6.52283	559.28	7.56694	559.28	8.54639
559.38	1.45422	559.38	4.88405	559.38	6.52283	559.38	7.55913	559.38	8.54639
559.48	1.45422	559.48	4.89381	559.48	6.52283	559.48	7.55717	559.48	8.54639
559.58	1.44446	559.58	4.88405	559.58	6.51307	559.58	7.54741	559.58	8.54443
559.68	1.43469	559.68	4.88405	559.68	6.51307	559.68	7.54741	559.68	8.53857
559.78	1.43469	559.78	4.88405	559.78	6.51307	559.78	7.54741	559.78	8.53662
559.88	1.43469	559.88	4.88405	559.88	6.51307	559.88	7.54741	559.88	8.53662
559.98	1.43469	559.98	4.88405	559.98	6.51307	559.98	7.54741	559.98	8.54443
560.08	1.43469	560.08	4.88405	560.08	6.51307	560.08	7.54741	560.08	8.53857
560.18	1.4425	560.18	4.89186	560.18	6.52088	560.18	7.55522	560.18	8.54443
560.28	1.44446	560.28	4.89381	560.28	6.52283	560.28	7.55717	560.28	8.5542
560.38	1.44446	560.38	4.89381	560.38	6.52283	560.38	7.55717	560.38	8.55615
560.48	1.43665	560.48	4.886	560.48	6.52283	560.48	7.55717	560.48	8.55615
560.58	1.43469	560.58	4.88405	560.58	6.5326	560.58	7.55717	560.58	8.55615
560.68	1.43469	560.68	4.88405	560.68	6.52283	560.68	7.55717	560.68	8.55615
560.78	1.43469	560.78	4.88405	560.78	6.52479	560.78	7.55913	560.78	8.55615
560.88	1.44446	560.88	4.89381	560.88	6.52283	560.88	7.54741	560.88	8.55615
560.98	1.44446	560.98	4.89381	560.98	6.52283	560.98	7.54741	560.98	8.54834
561.08	1.43469	561.08	4.88405	561.08	6.51307	561.08	7.53764	561.08	8.53662
561.18	1.43469	561.18	4.88405	561.18	6.51307	561.18	7.53764	561.18	8.53662
561.28	1.43469	561.28	4.88405	561.28	6.51307	561.28	7.53764	561.28	8.54443
561.38	1.43469	561.38	4.88405	561.38	6.51307	561.38	7.53764	561.38	8.54639
561.48	1.43469	561.48	4.88405	561.48	6.51307	561.48	7.53764	561.48	8.54639
561.58	1.43469	561.58	4.88405	561.58	6.51307	561.58	7.53764	561.58	8.54639
561.68	1.43469	561.68	4.88405	561.68	6.51307	561.68	7.53764	561.68	8.54639
561.78	1.42688	561.78	4.87624	561.78	6.51307	561.78	7.53764	561.78	8.54639
561.88	1.43274	561.88	4.87428	561.88	6.51307	561.88	7.53764	561.88	8.54639
561.98	1.42688	561.98	4.87428	561.98	6.51307	561.98	7.53764	561.98	8.54639
562.08	1.4343	562.08	4.88366	562.08	6.51307	562.08	7.54702	562.08	8.55576
562.18	1.43665	562.18	4.886	562.18	6.51307	562.18	7.54936	562.18	8.55811
562.28	1.43665	562.28	4.886	562.28	6.52283	562.28	7.5396	562.28	8.55811
562.38	1.43665	562.38	4.886	562.38	6.52283	562.38	7.53178	562.38	8.55029
562.48	1.44641	562.48	4.886	562.48	6.52283	562.48	7.52983	562.48	8.54834
562.58	1.44641	562.58	4.886	562.58	6.52283	562.58	7.5396	562.58	8.54639
562.68	1.43469	562.68	4.87428	562.68	6.51112	562.68	7.51811	562.68	8.52881
562.78	1.43469	562.78	4.87428	562.78	6.51112	562.78	7.51811	562.78	8.52686
562.88	1.43469	562.88	4.87428	562.88	6.51112	562.88	7.52788	562.88	8.52686
562.98	1.43469	562.98	4.886	562.98	6.51112	562.98	7.52788	562.98	8.52686
563.08	1.42688	563.08	4.886	563.08	6.51112	563.08	7.52788	563.08	8.52686
563.18	1.42493	563.18	4.886	563.18	6.51112	563.18	7.52788	563.18	8.52686
563.28	1.43469	563.28	4.886	563.28	6.51112	563.28	7.51811	563.28	8.52686
563.38	1.43469	563.38	4.886	563.38	6.5033	563.38	7.51811	563.38	8.52686
563.48	1.43469	563.48	4.886	563.48	6.50135	563.48	7.51811	563.48	8.52686
563.58	1.4425	563.58	4.886	563.58	6.50916	563.58	7.52592	563.58	8.54443
563.68	1.44446	563.68	4.886	563.68	6.51112	563.68	7.52007	563.68	8.54639
563.78	1.44446	563.78	4.886	563.78	6.51112	563.78	7.51811	563.78	8.54639
563.88	1.44446	563.88	4.886	563.88	6.51112	563.88	7.51811	563.88	8.54639
563.98	1.43665	563.98	4.886	563.98	6.52283	563.98	7.51811	563.98	8.54639
564.08	1.43469	564.08	4.886	564.08	6.52283	564.08	7.52788	564.08	8.54639
564.18	1.43469	564.18	4.886	564.18	6.52283	564.18	7.52788	564.18	8.54639
564.28	1.43469	564.28	4.886	564.28	6.51502	564.28	7.52788	564.28	8.54639
564.38	1.43469	564.38	4.886	564.38	6.51307	564.38	7.52788	564.38	8.54639
564.48	1.43469	564.48	4.886	564.48	6.51307	564.48	7.52788	564.48	8.54639
564.58	1.43469	564.58	4.886	564.58	6.51307	564.58	7.52007	564.58	8.54639
564.68	1.43469	564.68	4.886	564.68	6.51307	564.68	7.51811	564.68	8.54639
564.78	1.44446	564.78	4.886	564.78	6.51307	564.78	7.51811	564.78	8.54639
564.88	1.42532	564.88	4.87624	564.88	6.5033	564.88	7.50835	564.88	8.53662
564.98	1.42297	564.98	4.86842	564.98	6.51307	564.98	7.50835	564.98	8.53662
565.08	1.42297	565.08	4.86647	565.08	6.51307	565.08	7.50835	565.08	8.53662
565.18	1.43274	565.18	4.87624	565.18	6.51502	565.18	7.51811	565.18	8.53701
565.28	1.43274	565.28	4.87624	565.28	6.51307	565.28	7.51811	565.28	8.53467
565.38	1.43274	565.38	4.87624	565.38	6.51307	565.38	7.51811	565.38	8.53467
565.48	1.43274	565.48	4.87624	565.48	6.51307	565.48	7.51811	565.48	8.53467
565.58	1.43274	565.58	4.87624	565.58	6.51307	565.58	7.51811	565.58	8.53467
565.68	1.43274	565.68	4.87624	565.68	6.51307	565.68	7.50874	565.68	8.53467
565.78	1.43274	565.78	4.87624	565.78	6.51307	565.78	7.49663	565.78	8.53467
565.88	1.43274	565.88	4.87624	565.88	6.51307	565.88	7.49663	565.88	8.53467
565.98	1.45032	565.98	4.89381	565.98	6.52088	565.98	7.50444	565.98	8.54248
566.08	1.45227	566.08	4.89577	566.08	6.52283	566.08	7.50639	566.08	8.54443
566.18	1.43665	566.18	4.88795	566.18	6.50721	566.18	7.49858	566.18	8.53662
566.28	1.44055	566.28	4.89381	566.28	6.51112	566.28	7.50444	566.28	8.54248
566.38	1.43274	566.38	4.886	566.38	6.5033	566.38	7.49663	566.38	8.53467
566.48	1.42493	566.48	4.87819	566.48	6.49549	566.48	7.48882	566.48	8.52686
566.58	1.42297	566.58	4.87624	566.58	6.49354	566.58	7.48686	566.58	8.5249
566.68	1.42297	566.68	4.87624	566.68	6.49354	566.68	7.47905	566.68	8.5249
566.78	1.42297	566.78	4.87624	566.78	6.49354	566.78	7.4771	566.78	8.5249
566.88	1.43079	566.88	4.88405	566.88	6.50135	566.88	7.48491	566.88	8.53271
566.98	1.43274	566.98	4.886	566.98	6.5033	566.98	7.48686	566.98	8.53467
567.08	1.43274	567.08	4.886	567.08	6.51307	567.08	7.48686	567.08	8.52686
567.18	1.43274	567.18	4.886	567.18	6.51307	567.18	7.48686	567.18	8.5249
567.28	1.43274	567.28	4.886	567.28	6.51307	567.28	7.48686	567.28	8.5249
567.38	1.43274	567.38	4.886	567.38	6.50526	567.38	7.48686	567.38	8.5249
567.48	1.43274	567.48	4.886	567.48	6.5033	567.48	7.48686	567.48	8.5249
567.58	1.43665	567.58	4.886	567.58	6.5033	567.58	7.48686	567.58	8.5249
567.68	1.43469	567.68	4.886	567.68	6.5033	567.68	7.48686	567.68	8.5249
567.78	1.43469	567.78	4.886	567.78	6.5033	567.78	7.48686	567.78	8.5249
567.88	1.43469	567.88	4.886	567.88	6.5033	567.88	7.48686	567.88	8.5249
567.98	1.43469	567.98	4.886	567.98	6.5033	567.98	7.47905	567.98	8.5249
568.08	1.43469	568.08	4.886	568.08	6.5033	568.08	7.4771	568.08	8.5249
568.18	1.43469	568.18	4.886	568.18	6.49549	568.18	7.4771	568.18	8.5249
568.28	1.42493	568.28	4.87624	568.28	6.48377	568.28	7.46733	568.28	8.51514
568.38	1.42493	568.38	4.87624	568.38	6.48377	568.38	7.46733	568.38	8.51514
568.48	1.42493	568.48	4.87624	568.48	6.48377	568.48	7.46733	568.48	8.51514
568.58	1.42493	568.58	4.86842	568.58	6.48377	568.58	7.46733	568.58	8.51514
568.68	1.42493	568.68	4.86647	568.68	6.48377	568.68	7.46733	568.68	8.51514
568.78	1.42493	568.78	4.86647	568.78	6.48377	568.78	7.46733	568.78	8.51514
568.88	1.42493	568.88	4.86647	568.88	6.48377	568.88	7.46733	568.88	8.50732
568.98	1.42493	568.98	4.86647	568.98	6.48377	568.98	7.46733	568.98	8.50537
569.08	1.42493	569.08	4.86647	569.08	6.48377	569.08	7.46733	569.08	8.50537
569.18	1.42493	569.18	4.86647	569.18	6.48377	569.18	7.46733	569.18	8.50537
569.28	1.42493	569.28	4.86647	569.28	6.48377	569.28	7.45952	569.28	8.50537
569.38	1.42493	569.38	4.86647	569.38	6.48377	569.38	7.45757	569.38	8.50537
569.48	1.41711	569.48	4.86647	569.48	6.48377	569.48	7.45757	569.48	8.50537
569.58	1.42297	569.58	4.87428	569.58	6.49159	569.58	7.46538	569.58	8.50342
569.68	1.42493	569.68	4.87624	569.68	6.49354	569.68	7.4771	569.68	8.50537
569.78	1.42493	569.78	4.87624	569.78	6.48573	569.78	7.4771	569.78	8.50537
569.88	1.42493	569.88	4.87624	569.88	6.48377	569.88	7.4771	569.88	8.51514
569.98	1.42493	569.98	4.87624	569.98	6.48377	569.98	7.4771	569.98	8.51514
570.08	1.42493	570.08	4.87624	570.08	6.48377	570.08	7.4771	570.08	8.51514
570.18	1.42493	570.18	4.886	570.18	6.48377	570.18	7.46928	570.18	8.51514
570.28	1.41516	570.28	4.87624	570.28	6.47401	570.28	7.45757	570.28	8.50537
570.38	1.41516	570.38	4.87624	570.38	6.47401	570.38	7.45757	570.38	8.50537
570.48	1.41516	570.48	4.87624	570.48	6.47401	570.48	7.45757	570.48	8.50537
570.58	1.41516	570.58	4.87624	570.58	6.47401	570.58	7.45757	570.58	8.49561
570.68	1.42297	570.68	4.88405	570.68	6.48181	570.68	7.46538	570.68	8.50342
570.78	1.42493	570.78	4.886	570.78	6.47596	570.78	7.46733	570.78	8.49756
570.88	1.42493	570.88	4.886	570.88	6.47401	570.88	7.46733	570.88	8.49561
570.98	1.42493	570.98	4.87819	570.98	6.47401	570.98	7.45952	570.98	8.49561
571.08	1.42493	571.08	4.87624	571.08	6.47401	571.08	7.45757	571.08	8.49561
571.18	1.42493	571.18	4.87624	571.18	6.47401	571.18	7.45757	571.18	8.49561
571.28	1.42493	571.28	4.87624	571.28	6.47401	571.28	7.45757	571.28	8.49561
571.38	1.42493	571.38	4.87624	571.38	6.47401	571.38	7.45757	571.38	8.49561
571.48	1.41711	571.48	4.87624	571.48	6.47401	571.48	7.45757	571.48	8.49561
571.58	1.4054	571.58	4.86647	571.58	6.46424	571.58	7.4478	571.58	8.48584
571.68	1.4054	571.68	4.86647	571.68	6.46424	571.68	7.4478	571.68	8.48584
571.78	1.41516	571.78	4.86647	571.78	6.46424	571.78	7.4478	571.78	8.48584
571.88	1.4054	571.88	4.86647	571.88	6.46424	571.88	7.4478	571.88	8.48584
571.98	1.41321	571.98	4.87428	571.98	6.47205	571.98	7.45561	571.98	8.49365
572.08	1.41516	572.08	4.86686	572.08	6.47401	572.08	7.45757	572.08	8.49561
572.18	1.41516	572.18	4.86452	572.18	6.47401	572.18	7.45757	572.18	8.49561
572.28	1.42493	572.28	4.87428	572.28	6.46463	572.28	7.45757	572.28	8.49561
572.38	1.42493	572.38	4.87428	572.38	6.46229	572.38	7.45757	572.38	8.49561
572.48	1.42493	572.48	4.87428	572.48	6.46229	572.48	7.45757	572.48	8.49561
572.58	1.42493	572.58	4.87428	572.58	6.47205	572.58	7.44975	572.58	8.49561
572.68	1.42493	572.68	4.87428	572.68	6.47205	572.68	7.4478	572.68	8.49561
572.78	1.42493	572.78	4.87428	572.78	6.47205	572.78	7.4478	572.78	8.49561
572.88	1.42493	572.88	4.87428	572.88	6.47205	572.88	7.4478	572.88	8.49561
572.98	1.42493	572.98	4.87428	572.98	6.47205	572.98	7.4478	572.98	8.49561
573.08	1.41711	573.08	4.87428	573.08	6.47205	573.08	7.4478	573.08	8.48584
573.18	1.41516	573.18	4.87428	573.18	6.47205	573.18	7.4478	573.18	8.48584
573.28	1.42297	573.28	4.87428	573.28	6.47205	573.28	7.45757	573.28	8.48584
573.38	1.41711	573.38	4.87428	573.38	6.47205	573.38	7.45757	573.38	8.48584
573.48	1.41516	573.48	4.87428	573.48	6.47205	573.48	7.45757	573.48	8.47803
573.58	1.41516	573.58	4.87428	573.58	6.47205	573.58	7.45757	573.58	8.47607
573.68	1.41516	573.68	4.86647	573.68	6.47205	573.68	7.45757	573.68	8.47607
573.78	1.4054	573.78	4.85475	573.78	6.46229	573.78	7.4478	573.78	8.46631
573.88	1.41321	573.88	4.86256	573.88	6.4701	573.88	7.45561	573.88	8.47412
573.98	1.41516	573.98	4.86452	573.98	6.47205	573.98	7.45757	573.98	8.47607
574.08	1.41516	574.08	4.86452	574.08	6.47205	574.08	7.45757	574.08	8.47607
574.18	1.41516	574.18	4.86452	574.18	6.47205	574.18	7.45757	574.18	8.47607
574.28	1.41516	574.28	4.86452	574.28	6.46424	574.28	7.45757	574.28	8.47607
574.38	1.42493	574.38	4.86452	574.38	6.46229	574.38	7.45757	574.38	8.47607
574.48	1.42493	574.48	4.86452	574.48	6.46229	574.48	7.44975	574.48	8.47607
574.58	1.42493	574.58	4.86452	574.58	6.46229	574.58	7.4478	574.58	8.47607
574.68	1.43274	574.68	4.86452	574.68	6.46228	574.68	7.45561	574.68	8.48389
574.78	1.43469	574.78	4.86452	574.78	6.46229	574.78	7.45757	574.78	8.48584
574.88	1.43469	574.88	4.86452	574.88	6.46229	574.88	7.45757	574.88	8.48584
574.98	1.43469	574.98	4.86452	574.98	6.46229	574.98	7.45757	574.98	8.48584
575.08	1.43469	575.08	4.86452	575.08	6.46228	575.08	7.45757	575.08	8.48584
575.18	1.41711	575.18	4.85475	575.18	6.46229	575.18	7.4478	575.18	8.47607
575.28	1.41516	575.28	4.85475	575.28	6.46229	575.28	7.4478	575.28	8.47607
575.38	1.41516	575.38	4.85475	575.38	6.46229	575.38	7.4478	575.38	8.47607
575.48	1.41516	575.48	4.85475	575.48	6.46229	575.48	7.43842	575.48	8.46826
575.58	1.41516	575.58	4.85475	575.58	6.46229	575.58	7.43608	575.58	8.46631
575.68	1.41516	575.68	4.85475	575.68	6.46229	575.68	7.43608	575.68	8.46631
575.78	1.41516	575.78	4.84694	575.78	6.46229	575.78	7.43608	575.78	8.46631
575.88	1.41516	575.88	4.85475	575.88	6.46229	575.88	7.43608	575.88	8.46631
575.98	1.41673	575.98	4.85632	575.98	6.47166	575.98	7.44546	575.98	8.47569
576.08	1.41711	576.08	4.84694	576.08	6.4662	576.08	7.43803	576.08	8.46826
576.18	1.41711	576.18	4.84694	576.18	6.47205	576.18	7.43803	576.18	8.46826
576.28	1.41711	576.28	4.84694	576.28	6.46619	576.28	7.43803	576.28	8.46826
576.38	1.40774	576.38	4.84694	576.38	6.46424	576.38	7.43999	576.38	8.46045
576.48	1.41321	576.48	4.84694	576.48	6.46424	576.48	7.44585	576.48	8.46631
576.58	1.41516	576.58	4.84694	576.58	6.46425	576.58	7.43999	576.58	8.46045
576.68	1.41516	576.68	4.84694	576.68	6.47205	576.68	7.44585	576.68	8.46631
576.78	1.41516	576.78	4.84694	576.78	6.47401	576.78	7.43999	576.78	8.46826
576.88	1.41516	576.88	4.84694	576.88	6.46619	576.88	7.43803	576.88	8.45889
576.98	1.40344	576.98	4.83522	576.98	6.45252	576.98	7.4185	576.98	8.44482
577.08	1.40344	577.08	4.83522	577.08	6.45252	577.08	7.41655	577.08	8.44482
577.18	1.40344	577.18	4.83522	577.18	6.45252	577.18	7.41655	577.18	8.44482
577.28	1.40344	577.28	4.84303	577.28	6.46033	577.28	7.42436	577.28	8.44092
577.38	1.40344	577.38	4.84538	577.38	6.46229	577.38	7.43608	577.38	8.43506
577.48	1.39368	577.48	4.84303	577.48	6.46229	577.48	7.43608	577.48	8.43311
577.58	1.40344	577.58	4.84303	577.58	6.45448	577.58	7.42827	577.58	8.43311
577.68	1.40344	577.68	4.84303	577.68	6.45252	577.68	7.42632	577.68	8.43311
577.78	1.40344	577.78	4.84303	577.78	6.45252	577.78	7.42632	577.78	8.43311
577.88	1.40149	577.88	4.84108	577.88	6.45057	577.88	7.42436	577.88	8.43115
577.98	1.38586	577.98	4.83522	577.98	6.45252	577.98	7.42632	577.98	8.43311
578.08	1.38391	578.08	4.83327	578.08	6.45252	578.08	7.4185	578.08	8.43311
578.18	1.38391	578.18	4.83327	578.18	6.45252	578.18	7.41655	578.18	8.42529
578.28	1.40149	578.28	4.84303	578.28	6.45096	578.28	7.42436	578.28	8.43115
578.38	1.39563	578.38	4.84303	578.38	6.45057	578.38	7.42632	578.38	8.43311
578.48	1.39368	578.48	4.84303	578.48	6.45057	578.48	7.42632	578.48	8.43311
578.58	1.39368	578.58	4.84303	578.58	6.46033	578.58	7.41694	578.58	8.43311
578.68	1.39172	578.68	4.83327	578.68	6.45838	578.68	7.41264	578.68	8.43115
578.78	1.39368	578.78	4.83327	578.78	6.45252	578.78	7.4146	578.78	8.42529
578.88	1.39368	578.88	4.84303	578.88	6.45057	578.88	7.4146	578.88	8.42334
578.98	1.38586	578.98	4.82545	578.98	6.45057	578.98	7.40483	578.98	8.41357
579.08	1.39329	579.08	4.83288	579.08	6.45995	579.08	7.41421	579.08	8.42295
579.18	1.39563	579.18	4.83522	579.18	6.47205	579.18	7.41655	579.18	8.42529
579.28	1.38586	579.28	4.81764	579.28	6.45448	579.28	7.39897	579.28	8.41553
579.38	1.37805	579.38	4.81569	579.38	6.45252	579.38	7.39702	579.38	8.41748
579.48	1.3761	579.48	4.80788	579.48	6.45252	579.48	7.38725	579.48	8.41553
579.58	1.38586	579.58	4.80592	579.58	6.45252	579.58	7.38725	579.58	8.42334
579.68	1.37805	579.68	4.79811	579.68	6.46424	579.68	7.37944	579.68	8.41748
579.78	1.3761	579.78	4.79616	579.78	6.46424	579.78	7.39507	579.78	8.41553
579.88	1.37453	579.88	4.80397	579.88	6.46424	579.88	7.39702	579.88	8.41553
579.98	1.38548	579.98	4.79811	579.98	6.45643	579.98	7.38921	579.98	8.40771
580.08	1.38586	580.08	4.77858			580.08	7.38725	580.08	8.40576
									
